
/Users/henry/Research/blink/RPI-Pico-Cam/arducam_demo/build/Arducam/arducam_demo.elf:     file format elf32-littlearm

Sections:
Idx Name          Size      VMA       LMA       File off  Algn
  0 .boot2        00000100  10000000  10000000  00001000  2**0
                  CONTENTS, ALLOC, LOAD, READONLY, CODE
  1 .text         00008634  10000100  10000100  00001100  2**3
                  CONTENTS, ALLOC, LOAD, READONLY, CODE
  2 .rodata       000019d8  10008738  10008738  00009738  2**3
                  CONTENTS, ALLOC, LOAD, READONLY, DATA
  3 .binary_info  00000028  1000a110  1000a110  0000b110  2**2
                  CONTENTS, ALLOC, LOAD, READONLY, DATA
  4 .ram_vector_table 000000c0  20000000  20000000  0000e000  2**2
                  ALLOC
  5 .uninitialized_data 00000000  200000c0  200000c0  0000d720  2**0
                  CONTENTS
  6 .data         00001660  200000c0  1000a138  0000c0c0  2**4
                  CONTENTS, ALLOC, LOAD, READONLY, CODE
  7 .tdata        00000000  20001720  20001720  0000d720  2**0
                  CONTENTS, ALLOC, LOAD, DATA, THREAD_LOCAL
  8 .tbss         00000000  20001720  20001720  00000000  2**0
                  ALLOC, THREAD_LOCAL
  9 .bss          00001078  20001720  1000b798  0000d720  2**3
                  ALLOC
 10 .heap         00000800  20002798  1000b798  0000d798  2**2
                  ALLOC, READONLY
 11 .scratch_x    00000000  20040000  20040000  0000d720  2**0
                  CONTENTS
 12 .scratch_y    00000000  20041000  20041000  0000d720  2**0
                  CONTENTS
 13 .stack_dummy  00000800  20041000  20041000  0000e000  2**5
                  ALLOC, READONLY
 14 .ARM.attributes 00000028  00000000  00000000  0000d720  2**0
                  CONTENTS, READONLY
 15 .comment      00000045  00000000  00000000  0000d748  2**0
                  CONTENTS, READONLY
 16 .debug_info   0003a6a7  00000000  00000000  0000d78d  2**0
                  CONTENTS, READONLY, DEBUGGING, OCTETS
 17 .debug_abbrev 00009a06  00000000  00000000  00047e34  2**0
                  CONTENTS, READONLY, DEBUGGING, OCTETS
 18 .debug_aranges 000018a0  00000000  00000000  00051840  2**3
                  CONTENTS, READONLY, DEBUGGING, OCTETS
 19 .debug_rnglists 00004f65  00000000  00000000  000530e0  2**0
                  CONTENTS, READONLY, DEBUGGING, OCTETS
 20 .debug_line   00029329  00000000  00000000  00058045  2**0
                  CONTENTS, READONLY, DEBUGGING, OCTETS
 21 .debug_str    000098b6  00000000  00000000  0008136e  2**0
                  CONTENTS, READONLY, DEBUGGING, OCTETS
 22 .debug_frame  00003bd8  00000000  00000000  0008ac24  2**2
                  CONTENTS, READONLY, DEBUGGING, OCTETS
 23 .debug_loclists 0001ef24  00000000  00000000  0008e7fc  2**0
                  CONTENTS, READONLY, DEBUGGING, OCTETS
 24 .debug_line_str 00000368  00000000  00000000  000ad720  2**0
                  CONTENTS, READONLY, DEBUGGING, OCTETS

/Users/henry/Research/blink/RPI-Pico-Cam/arducam_demo/build/Arducam/arducam_demo.elf:     file format elf32-littlearm


Disassembly of section .boot2:

10000000 <__boot2_start__>:
10000000:	4b32b500 	.word	0x4b32b500
10000004:	60582021 	.word	0x60582021
10000008:	21026898 	.word	0x21026898
1000000c:	60984388 	.word	0x60984388
10000010:	611860d8 	.word	0x611860d8
10000014:	4b2e6158 	.word	0x4b2e6158
10000018:	60992100 	.word	0x60992100
1000001c:	61592102 	.word	0x61592102
10000020:	22f02101 	.word	0x22f02101
10000024:	492b5099 	.word	0x492b5099
10000028:	21016019 	.word	0x21016019
1000002c:	20356099 	.word	0x20356099
10000030:	f844f000 	.word	0xf844f000
10000034:	42902202 	.word	0x42902202
10000038:	2106d014 	.word	0x2106d014
1000003c:	f0006619 	.word	0xf0006619
10000040:	6e19f834 	.word	0x6e19f834
10000044:	66192101 	.word	0x66192101
10000048:	66182000 	.word	0x66182000
1000004c:	f000661a 	.word	0xf000661a
10000050:	6e19f82c 	.word	0x6e19f82c
10000054:	6e196e19 	.word	0x6e196e19
10000058:	f0002005 	.word	0xf0002005
1000005c:	2101f82f 	.word	0x2101f82f
10000060:	d1f94208 	.word	0xd1f94208
10000064:	60992100 	.word	0x60992100
10000068:	6019491b 	.word	0x6019491b
1000006c:	60592100 	.word	0x60592100
10000070:	481b491a 	.word	0x481b491a
10000074:	21016001 	.word	0x21016001
10000078:	21eb6099 	.word	0x21eb6099
1000007c:	21a06619 	.word	0x21a06619
10000080:	f0006619 	.word	0xf0006619
10000084:	2100f812 	.word	0x2100f812
10000088:	49166099 	.word	0x49166099
1000008c:	60014814 	.word	0x60014814
10000090:	60992101 	.word	0x60992101
10000094:	2800bc01 	.word	0x2800bc01
10000098:	4700d000 	.word	0x4700d000
1000009c:	49134812 	.word	0x49134812
100000a0:	c8036008 	.word	0xc8036008
100000a4:	8808f380 	.word	0x8808f380
100000a8:	b5034708 	.word	0xb5034708
100000ac:	20046a99 	.word	0x20046a99
100000b0:	d0fb4201 	.word	0xd0fb4201
100000b4:	42012001 	.word	0x42012001
100000b8:	bd03d1f8 	.word	0xbd03d1f8
100000bc:	6618b502 	.word	0x6618b502
100000c0:	f7ff6618 	.word	0xf7ff6618
100000c4:	6e18fff2 	.word	0x6e18fff2
100000c8:	bd026e18 	.word	0xbd026e18
100000cc:	40020000 	.word	0x40020000
100000d0:	18000000 	.word	0x18000000
100000d4:	00070000 	.word	0x00070000
100000d8:	005f0300 	.word	0x005f0300
100000dc:	00002221 	.word	0x00002221
100000e0:	180000f4 	.word	0x180000f4
100000e4:	a0002022 	.word	0xa0002022
100000e8:	10000100 	.word	0x10000100
100000ec:	e000ed08 	.word	0xe000ed08
	...
100000fc:	7a4eb274 	.word	0x7a4eb274

Disassembly of section .text:

10000100 <__VECTOR_TABLE>:
10000100:	20042000 	.word	0x20042000
10000104:	100001f7 	.word	0x100001f7
10000108:	100001cb 	.word	0x100001cb
1000010c:	100001cd 	.word	0x100001cd
10000110:	100001c9 	.word	0x100001c9
10000114:	100001c9 	.word	0x100001c9
10000118:	100001c9 	.word	0x100001c9
1000011c:	100001c9 	.word	0x100001c9
10000120:	100001c9 	.word	0x100001c9
10000124:	100001c9 	.word	0x100001c9
10000128:	100001c9 	.word	0x100001c9
1000012c:	100001cf 	.word	0x100001cf
10000130:	100001c9 	.word	0x100001c9
10000134:	100001c9 	.word	0x100001c9
10000138:	100001d1 	.word	0x100001d1
1000013c:	100001d3 	.word	0x100001d3
10000140:	100001c1 	.word	0x100001c1
10000144:	100001c1 	.word	0x100001c1
10000148:	100001c1 	.word	0x100001c1
1000014c:	100001c1 	.word	0x100001c1
10000150:	100001c1 	.word	0x100001c1
10000154:	100001c1 	.word	0x100001c1
10000158:	100001c1 	.word	0x100001c1
1000015c:	100001c1 	.word	0x100001c1
10000160:	100001c1 	.word	0x100001c1
10000164:	100001c1 	.word	0x100001c1
10000168:	100001c1 	.word	0x100001c1
1000016c:	100001c1 	.word	0x100001c1
10000170:	100001c1 	.word	0x100001c1
10000174:	100001c1 	.word	0x100001c1
10000178:	100001c1 	.word	0x100001c1
1000017c:	100001c1 	.word	0x100001c1
10000180:	100001c1 	.word	0x100001c1
10000184:	100001c1 	.word	0x100001c1
10000188:	100001c1 	.word	0x100001c1
1000018c:	100001c1 	.word	0x100001c1
10000190:	100001c1 	.word	0x100001c1
10000194:	100001c1 	.word	0x100001c1
10000198:	100001c1 	.word	0x100001c1
1000019c:	100001c1 	.word	0x100001c1
100001a0:	100001c1 	.word	0x100001c1
100001a4:	100001c1 	.word	0x100001c1
100001a8:	100001c1 	.word	0x100001c1
100001ac:	100001c1 	.word	0x100001c1
100001b0:	100001c1 	.word	0x100001c1
100001b4:	100001c1 	.word	0x100001c1
100001b8:	100001c1 	.word	0x100001c1
100001bc:	100001c1 	.word	0x100001c1

100001c0 <__unhandled_user_irq>:
100001c0:	f3ef 8005 	mrs	r0, IPSR
100001c4:	3810      	subs	r0, #16

100001c6 <unhandled_user_irq_num_in_r0>:
100001c6:	be00      	bkpt	0x0000

100001c8 <isr_invalid>:
100001c8:	be00      	bkpt	0x0000

100001ca <isr_nmi>:
100001ca:	be00      	bkpt	0x0000

100001cc <isr_hardfault>:
100001cc:	be00      	bkpt	0x0000

100001ce <isr_svcall>:
100001ce:	be00      	bkpt	0x0000

100001d0 <isr_pendsv>:
100001d0:	be00      	bkpt	0x0000

100001d2 <isr_systick>:
100001d2:	be00      	bkpt	0x0000

100001d4 <__default_isrs_end>:
100001d4:	7188ebf2 	.word	0x7188ebf2
100001d8:	1000a110 	.word	0x1000a110
100001dc:	1000a138 	.word	0x1000a138
100001e0:	10000238 	.word	0x10000238
100001e4:	e71aa390 	.word	0xe71aa390

100001e8 <_entry_point>:
100001e8:	481e      	ldr	r0, [pc, #120]	@ (10000264 <data_cpy_table+0x2c>)

100001ea <_enter_vtable_in_r0>:
100001ea:	491f      	ldr	r1, [pc, #124]	@ (10000268 <data_cpy_table+0x30>)
100001ec:	6008      	str	r0, [r1, #0]
100001ee:	c806      	ldmia	r0!, {r1, r2}
100001f0:	f381 8808 	msr	MSP, r1
100001f4:	4710      	bx	r2

100001f6 <_reset_handler>:
100001f6:	481d      	ldr	r0, [pc, #116]	@ (1000026c <data_cpy_table+0x34>)
100001f8:	6800      	ldr	r0, [r0, #0]
100001fa:	2800      	cmp	r0, #0
100001fc:	d001      	beq.n	10000202 <hold_non_core0_in_bootrom+0x4>

100001fe <hold_non_core0_in_bootrom>:
100001fe:	4819      	ldr	r0, [pc, #100]	@ (10000264 <data_cpy_table+0x2c>)
10000200:	e7f3      	b.n	100001ea <_enter_vtable_in_r0>
10000202:	a40d      	add	r4, pc, #52	@ (adr r4, 10000238 <data_cpy_table>)
10000204:	cc0e      	ldmia	r4!, {r1, r2, r3}
10000206:	2900      	cmp	r1, #0
10000208:	d002      	beq.n	10000210 <hold_non_core0_in_bootrom+0x12>
1000020a:	f000 f812 	bl	10000232 <data_cpy>
1000020e:	e7f9      	b.n	10000204 <hold_non_core0_in_bootrom+0x6>
10000210:	4917      	ldr	r1, [pc, #92]	@ (10000270 <data_cpy_table+0x38>)
10000212:	4a18      	ldr	r2, [pc, #96]	@ (10000274 <data_cpy_table+0x3c>)
10000214:	2000      	movs	r0, #0
10000216:	e000      	b.n	1000021a <bss_fill_test>

10000218 <bss_fill_loop>:
10000218:	c101      	stmia	r1!, {r0}

1000021a <bss_fill_test>:
1000021a:	4291      	cmp	r1, r2
1000021c:	d1fc      	bne.n	10000218 <bss_fill_loop>

1000021e <platform_entry>:
1000021e:	4916      	ldr	r1, [pc, #88]	@ (10000278 <data_cpy_table+0x40>)
10000220:	4788      	blx	r1
10000222:	4916      	ldr	r1, [pc, #88]	@ (1000027c <data_cpy_table+0x44>)
10000224:	4788      	blx	r1
10000226:	4916      	ldr	r1, [pc, #88]	@ (10000280 <data_cpy_table+0x48>)
10000228:	4788      	blx	r1
1000022a:	be00      	bkpt	0x0000
1000022c:	e7fd      	b.n	1000022a <platform_entry+0xc>

1000022e <data_cpy_loop>:
1000022e:	c901      	ldmia	r1!, {r0}
10000230:	c201      	stmia	r2!, {r0}

10000232 <data_cpy>:
10000232:	429a      	cmp	r2, r3
10000234:	d3fb      	bcc.n	1000022e <data_cpy_loop>
10000236:	4770      	bx	lr

10000238 <data_cpy_table>:
10000238:	1000a138 	.word	0x1000a138
1000023c:	200000c0 	.word	0x200000c0
10000240:	20001720 	.word	0x20001720
10000244:	1000b798 	.word	0x1000b798
10000248:	20040000 	.word	0x20040000
1000024c:	20040000 	.word	0x20040000
10000250:	1000b798 	.word	0x1000b798
10000254:	20041000 	.word	0x20041000
10000258:	20041000 	.word	0x20041000
1000025c:	00000000 	.word	0x00000000
10000260:	4770      	bx	lr
10000262:	0000      	.short	0x0000
10000264:	00000000 	.word	0x00000000
10000268:	e000ed08 	.word	0xe000ed08
1000026c:	d0000000 	.word	0xd0000000
10000270:	20001720 	.word	0x20001720
10000274:	20002798 	.word	0x20002798
10000278:	100041d1 	.word	0x100041d1
1000027c:	100002d5 	.word	0x100002d5
10000280:	100041c9 	.word	0x100041c9

10000284 <_init>:
10000284:	b5f8      	push	{r3, r4, r5, r6, r7, lr}
10000286:	46c0      	nop			@ (mov r8, r8)

10000288 <register_tm_clones>:
10000288:	4806      	ldr	r0, [pc, #24]	@ (100002a4 <register_tm_clones+0x1c>)
1000028a:	4907      	ldr	r1, [pc, #28]	@ (100002a8 <register_tm_clones+0x20>)
1000028c:	1a09      	subs	r1, r1, r0
1000028e:	108b      	asrs	r3, r1, #2
10000290:	0fc9      	lsrs	r1, r1, #31
10000292:	18c9      	adds	r1, r1, r3
10000294:	b510      	push	{r4, lr}
10000296:	1049      	asrs	r1, r1, #1
10000298:	d003      	beq.n	100002a2 <register_tm_clones+0x1a>
1000029a:	4b04      	ldr	r3, [pc, #16]	@ (100002ac <register_tm_clones+0x24>)
1000029c:	2b00      	cmp	r3, #0
1000029e:	d000      	beq.n	100002a2 <register_tm_clones+0x1a>
100002a0:	4798      	blx	r3
100002a2:	bd10      	pop	{r4, pc}
100002a4:	20001720 	.word	0x20001720
100002a8:	20001720 	.word	0x20001720
100002ac:	00000000 	.word	0x00000000

100002b0 <frame_dummy>:
100002b0:	4b05      	ldr	r3, [pc, #20]	@ (100002c8 <frame_dummy+0x18>)
100002b2:	b510      	push	{r4, lr}
100002b4:	2b00      	cmp	r3, #0
100002b6:	d003      	beq.n	100002c0 <frame_dummy+0x10>
100002b8:	4904      	ldr	r1, [pc, #16]	@ (100002cc <frame_dummy+0x1c>)
100002ba:	4805      	ldr	r0, [pc, #20]	@ (100002d0 <frame_dummy+0x20>)
100002bc:	e000      	b.n	100002c0 <frame_dummy+0x10>
100002be:	bf00      	nop
100002c0:	f7ff ffe2 	bl	10000288 <register_tm_clones>
100002c4:	bd10      	pop	{r4, pc}
100002c6:	46c0      	nop			@ (mov r8, r8)
100002c8:	00000000 	.word	0x00000000
100002cc:	20002730 	.word	0x20002730
100002d0:	10008734 	.word	0x10008734

100002d4 <main>:
100002d4:	b510      	push	{r4, lr}
100002d6:	4c17      	ldr	r4, [pc, #92]	@ (10000334 <main+0x60>)
100002d8:	6863      	ldr	r3, [r4, #4]
100002da:	4798      	blx	r3
100002dc:	20fa      	movs	r0, #250	@ 0xfa
100002de:	00c0      	lsls	r0, r0, #3
100002e0:	f000 fe70 	bl	10000fc4 <sleep_ms>
100002e4:	4814      	ldr	r0, [pc, #80]	@ (10000338 <main+0x64>)
100002e6:	f004 f98b 	bl	10004600 <__wrap_puts>
100002ea:	68a3      	ldr	r3, [r4, #8]
100002ec:	4798      	blx	r3
100002ee:	2800      	cmp	r0, #0
100002f0:	d11c      	bne.n	1000032c <main+0x58>
100002f2:	4812      	ldr	r0, [pc, #72]	@ (1000033c <main+0x68>)
100002f4:	f004 f984 	bl	10004600 <__wrap_puts>
100002f8:	68e3      	ldr	r3, [r4, #12]
100002fa:	4798      	blx	r3
100002fc:	2800      	cmp	r0, #0
100002fe:	d110      	bne.n	10000322 <main+0x4e>
10000300:	480f      	ldr	r0, [pc, #60]	@ (10000340 <main+0x6c>)
10000302:	f004 f97d 	bl	10004600 <__wrap_puts>
10000306:	6923      	ldr	r3, [r4, #16]
10000308:	4798      	blx	r3
1000030a:	2002      	movs	r0, #2
1000030c:	6963      	ldr	r3, [r4, #20]
1000030e:	4798      	blx	r3
10000310:	480c      	ldr	r0, [pc, #48]	@ (10000344 <main+0x70>)
10000312:	f004 f975 	bl	10004600 <__wrap_puts>
10000316:	480c      	ldr	r0, [pc, #48]	@ (10000348 <main+0x74>)
10000318:	f004 f972 	bl	10004600 <__wrap_puts>
1000031c:	f007 fb48 	bl	100079b0 <singleCapture>
10000320:	e7fc      	b.n	1000031c <main+0x48>
10000322:	480a      	ldr	r0, [pc, #40]	@ (1000034c <main+0x78>)
10000324:	f004 f96c 	bl	10004600 <__wrap_puts>
10000328:	2001      	movs	r0, #1
1000032a:	bd10      	pop	{r4, pc}
1000032c:	4808      	ldr	r0, [pc, #32]	@ (10000350 <main+0x7c>)
1000032e:	f004 f967 	bl	10004600 <__wrap_puts>
10000332:	e7f9      	b.n	10000328 <main+0x54>
10000334:	200011a0 	.word	0x200011a0
10000338:	10008738 	.word	0x10008738
1000033c:	1000877c 	.word	0x1000877c
10000340:	100087a4 	.word	0x100087a4
10000344:	100087c8 	.word	0x100087c8
10000348:	100087ec 	.word	0x100087ec
1000034c:	10008788 	.word	0x10008788
10000350:	10008758 	.word	0x10008758

10000354 <gpio_set_function>:
10000354:	4a09      	ldr	r2, [pc, #36]	@ (1000037c <gpio_set_function+0x28>)
10000356:	0083      	lsls	r3, r0, #2
10000358:	189a      	adds	r2, r3, r2
1000035a:	b510      	push	{r4, lr}
1000035c:	6814      	ldr	r4, [r2, #0]
1000035e:	2240      	movs	r2, #64	@ 0x40
10000360:	4054      	eors	r4, r2
10000362:	3280      	adds	r2, #128	@ 0x80
10000364:	4022      	ands	r2, r4
10000366:	4c06      	ldr	r4, [pc, #24]	@ (10000380 <gpio_set_function+0x2c>)
10000368:	00c0      	lsls	r0, r0, #3
1000036a:	46a4      	mov	ip, r4
1000036c:	4463      	add	r3, ip
1000036e:	601a      	str	r2, [r3, #0]
10000370:	4b04      	ldr	r3, [pc, #16]	@ (10000384 <gpio_set_function+0x30>)
10000372:	469c      	mov	ip, r3
10000374:	4460      	add	r0, ip
10000376:	6041      	str	r1, [r0, #4]
10000378:	bd10      	pop	{r4, pc}
1000037a:	46c0      	nop			@ (mov r8, r8)
1000037c:	4001c004 	.word	0x4001c004
10000380:	4001d004 	.word	0x4001d004
10000384:	40014000 	.word	0x40014000

10000388 <gpio_set_pulls>:
10000388:	4b07      	ldr	r3, [pc, #28]	@ (100003a8 <gpio_set_pulls+0x20>)
1000038a:	0080      	lsls	r0, r0, #2
1000038c:	18c3      	adds	r3, r0, r3
1000038e:	681b      	ldr	r3, [r3, #0]
10000390:	00c9      	lsls	r1, r1, #3
10000392:	0092      	lsls	r2, r2, #2
10000394:	430a      	orrs	r2, r1
10000396:	405a      	eors	r2, r3
10000398:	230c      	movs	r3, #12
1000039a:	4013      	ands	r3, r2
1000039c:	4a03      	ldr	r2, [pc, #12]	@ (100003ac <gpio_set_pulls+0x24>)
1000039e:	4694      	mov	ip, r2
100003a0:	4460      	add	r0, ip
100003a2:	6003      	str	r3, [r0, #0]
100003a4:	4770      	bx	lr
100003a6:	46c0      	nop			@ (mov r8, r8)
100003a8:	4001c004 	.word	0x4001c004
100003ac:	4001d004 	.word	0x4001d004

100003b0 <gpio_init>:
100003b0:	2301      	movs	r3, #1
100003b2:	22d0      	movs	r2, #208	@ 0xd0
100003b4:	4083      	lsls	r3, r0
100003b6:	0612      	lsls	r2, r2, #24
100003b8:	6293      	str	r3, [r2, #40]	@ 0x28
100003ba:	6193      	str	r3, [r2, #24]
100003bc:	4a09      	ldr	r2, [pc, #36]	@ (100003e4 <gpio_init+0x34>)
100003be:	0083      	lsls	r3, r0, #2
100003c0:	189a      	adds	r2, r3, r2
100003c2:	6811      	ldr	r1, [r2, #0]
100003c4:	2240      	movs	r2, #64	@ 0x40
100003c6:	4051      	eors	r1, r2
100003c8:	3280      	adds	r2, #128	@ 0x80
100003ca:	400a      	ands	r2, r1
100003cc:	4906      	ldr	r1, [pc, #24]	@ (100003e8 <gpio_init+0x38>)
100003ce:	00c0      	lsls	r0, r0, #3
100003d0:	468c      	mov	ip, r1
100003d2:	4463      	add	r3, ip
100003d4:	601a      	str	r2, [r3, #0]
100003d6:	4b05      	ldr	r3, [pc, #20]	@ (100003ec <gpio_init+0x3c>)
100003d8:	469c      	mov	ip, r3
100003da:	2305      	movs	r3, #5
100003dc:	4460      	add	r0, ip
100003de:	6043      	str	r3, [r0, #4]
100003e0:	4770      	bx	lr
100003e2:	46c0      	nop			@ (mov r8, r8)
100003e4:	4001c004 	.word	0x4001c004
100003e8:	4001d004 	.word	0x4001d004
100003ec:	40014000 	.word	0x40014000

100003f0 <rp2040_chip_version>:
100003f0:	2380      	movs	r3, #128	@ 0x80
100003f2:	05db      	lsls	r3, r3, #23
100003f4:	6818      	ldr	r0, [r3, #0]
100003f6:	0f00      	lsrs	r0, r0, #28
100003f8:	4770      	bx	lr
100003fa:	46c0      	nop			@ (mov r8, r8)

100003fc <panic>:
100003fc:	b40f      	push	{r0, r1, r2, r3}
100003fe:	b500      	push	{lr}
10000400:	4808      	ldr	r0, [pc, #32]	@ (10000424 <panic+0x28>)
10000402:	b083      	sub	sp, #12
10000404:	f004 f8fc 	bl	10004600 <__wrap_puts>
10000408:	9b04      	ldr	r3, [sp, #16]
1000040a:	2b00      	cmp	r3, #0
1000040c:	d007      	beq.n	1000041e <panic+0x22>
1000040e:	a905      	add	r1, sp, #20
10000410:	0018      	movs	r0, r3
10000412:	9101      	str	r1, [sp, #4]
10000414:	f003 fe78 	bl	10004108 <weak_raw_vprintf>
10000418:	4803      	ldr	r0, [pc, #12]	@ (10000428 <panic+0x2c>)
1000041a:	f004 f8f1 	bl	10004600 <__wrap_puts>
1000041e:	2001      	movs	r0, #1
10000420:	f003 fe8a 	bl	10004138 <_exit>
10000424:	10008808 	.word	0x10008808
10000428:	10008818 	.word	0x10008818

1000042c <hw_claim_or_assert>:
1000042c:	b570      	push	{r4, r5, r6, lr}
1000042e:	f3ef 8c10 	mrs	ip, PRIMASK
10000432:	b672      	cpsid	i
10000434:	4d0d      	ldr	r5, [pc, #52]	@ (1000046c <hw_claim_or_assert+0x40>)
10000436:	682b      	ldr	r3, [r5, #0]
10000438:	2b00      	cmp	r3, #0
1000043a:	d0fc      	beq.n	10000436 <hw_claim_or_assert+0xa>
1000043c:	f3bf 8f5f 	dmb	sy
10000440:	2407      	movs	r4, #7
10000442:	08cb      	lsrs	r3, r1, #3
10000444:	18c6      	adds	r6, r0, r3
10000446:	5cc0      	ldrb	r0, [r0, r3]
10000448:	2301      	movs	r3, #1
1000044a:	400c      	ands	r4, r1
1000044c:	40a3      	lsls	r3, r4
1000044e:	001c      	movs	r4, r3
10000450:	4004      	ands	r4, r0
10000452:	4203      	tst	r3, r0
10000454:	d107      	bne.n	10000466 <hw_claim_or_assert+0x3a>
10000456:	4318      	orrs	r0, r3
10000458:	7030      	strb	r0, [r6, #0]
1000045a:	f3bf 8f5f 	dmb	sy
1000045e:	602c      	str	r4, [r5, #0]
10000460:	f38c 8810 	msr	PRIMASK, ip
10000464:	bd70      	pop	{r4, r5, r6, pc}
10000466:	0010      	movs	r0, r2
10000468:	f7ff ffc8 	bl	100003fc <panic>
1000046c:	d000012c 	.word	0xd000012c

10000470 <hw_claim_unused_from_range>:
10000470:	b5f8      	push	{r3, r4, r5, r6, r7, lr}
10000472:	4647      	mov	r7, r8
10000474:	46ce      	mov	lr, r9
10000476:	4688      	mov	r8, r1
10000478:	b580      	push	{r7, lr}
1000047a:	f3ef 8c10 	mrs	ip, PRIMASK
1000047e:	b672      	cpsid	i
10000480:	4d1c      	ldr	r5, [pc, #112]	@ (100004f4 <hw_claim_unused_from_range+0x84>)
10000482:	682c      	ldr	r4, [r5, #0]
10000484:	2c00      	cmp	r4, #0
10000486:	d0fc      	beq.n	10000482 <hw_claim_unused_from_range+0x12>
10000488:	f3bf 8f5f 	dmb	sy
1000048c:	429a      	cmp	r2, r3
1000048e:	d822      	bhi.n	100004d6 <hw_claim_unused_from_range+0x66>
10000490:	2107      	movs	r1, #7
10000492:	2601      	movs	r6, #1
10000494:	4689      	mov	r9, r1
10000496:	e002      	b.n	1000049e <hw_claim_unused_from_range+0x2e>
10000498:	3201      	adds	r2, #1
1000049a:	4293      	cmp	r3, r2
1000049c:	d318      	bcc.n	100004d0 <hw_claim_unused_from_range+0x60>
1000049e:	464d      	mov	r5, r9
100004a0:	0037      	movs	r7, r6
100004a2:	4015      	ands	r5, r2
100004a4:	40af      	lsls	r7, r5
100004a6:	08d4      	lsrs	r4, r2, #3
100004a8:	1901      	adds	r1, r0, r4
100004aa:	5d04      	ldrb	r4, [r0, r4]
100004ac:	4227      	tst	r7, r4
100004ae:	d1f3      	bne.n	10000498 <hw_claim_unused_from_range+0x28>
100004b0:	0010      	movs	r0, r2
100004b2:	433c      	orrs	r4, r7
100004b4:	700c      	strb	r4, [r1, #0]
100004b6:	f3bf 8f5f 	dmb	sy
100004ba:	2200      	movs	r2, #0
100004bc:	4b0d      	ldr	r3, [pc, #52]	@ (100004f4 <hw_claim_unused_from_range+0x84>)
100004be:	601a      	str	r2, [r3, #0]
100004c0:	f38c 8810 	msr	PRIMASK, ip
100004c4:	2800      	cmp	r0, #0
100004c6:	db0e      	blt.n	100004e6 <hw_claim_unused_from_range+0x76>
100004c8:	bcc0      	pop	{r6, r7}
100004ca:	46b9      	mov	r9, r7
100004cc:	46b0      	mov	r8, r6
100004ce:	bdf8      	pop	{r3, r4, r5, r6, r7, pc}
100004d0:	2001      	movs	r0, #1
100004d2:	4240      	negs	r0, r0
100004d4:	e7ef      	b.n	100004b6 <hw_claim_unused_from_range+0x46>
100004d6:	f3bf 8f5f 	dmb	sy
100004da:	2300      	movs	r3, #0
100004dc:	602b      	str	r3, [r5, #0]
100004de:	f38c 8810 	msr	PRIMASK, ip
100004e2:	2001      	movs	r0, #1
100004e4:	4240      	negs	r0, r0
100004e6:	4643      	mov	r3, r8
100004e8:	2b00      	cmp	r3, #0
100004ea:	d0ed      	beq.n	100004c8 <hw_claim_unused_from_range+0x58>
100004ec:	9808      	ldr	r0, [sp, #32]
100004ee:	f7ff ff85 	bl	100003fc <panic>
100004f2:	46c0      	nop			@ (mov r8, r8)
100004f4:	d000012c 	.word	0xd000012c

100004f8 <next_striped_spin_lock_num>:
100004f8:	4a04      	ldr	r2, [pc, #16]	@ (1000050c <next_striped_spin_lock_num+0x14>)
100004fa:	7810      	ldrb	r0, [r2, #0]
100004fc:	1c43      	adds	r3, r0, #1
100004fe:	b2db      	uxtb	r3, r3
10000500:	2b17      	cmp	r3, #23
10000502:	d900      	bls.n	10000506 <next_striped_spin_lock_num+0xe>
10000504:	2310      	movs	r3, #16
10000506:	7013      	strb	r3, [r2, #0]
10000508:	4770      	bx	lr
1000050a:	46c0      	nop			@ (mov r8, r8)
1000050c:	200010d8 	.word	0x200010d8

10000510 <spin_lock_claim_unused>:
10000510:	b510      	push	{r4, lr}
10000512:	4b06      	ldr	r3, [pc, #24]	@ (1000052c <spin_lock_claim_unused+0x1c>)
10000514:	4c06      	ldr	r4, [pc, #24]	@ (10000530 <spin_lock_claim_unused+0x20>)
10000516:	b082      	sub	sp, #8
10000518:	0001      	movs	r1, r0
1000051a:	9300      	str	r3, [sp, #0]
1000051c:	2218      	movs	r2, #24
1000051e:	231f      	movs	r3, #31
10000520:	0020      	movs	r0, r4
10000522:	f7ff ffa5 	bl	10000470 <hw_claim_unused_from_range>
10000526:	b002      	add	sp, #8
10000528:	bd10      	pop	{r4, pc}
1000052a:	46c0      	nop			@ (mov r8, r8)
1000052c:	1000881c 	.word	0x1000881c
10000530:	200022b8 	.word	0x200022b8

10000534 <spin_locks_reset>:
10000534:	2100      	movs	r1, #0
10000536:	4b04      	ldr	r3, [pc, #16]	@ (10000548 <spin_locks_reset+0x14>)
10000538:	4a04      	ldr	r2, [pc, #16]	@ (1000054c <spin_locks_reset+0x18>)
1000053a:	f3bf 8f5f 	dmb	sy
1000053e:	c302      	stmia	r3!, {r1}
10000540:	4293      	cmp	r3, r2
10000542:	d1fa      	bne.n	1000053a <spin_locks_reset+0x6>
10000544:	4770      	bx	lr
10000546:	46c0      	nop			@ (mov r8, r8)
10000548:	d0000100 	.word	0xd0000100
1000054c:	d0000180 	.word	0xd0000180

10000550 <runtime_init_per_core_irq_priorities>:
10000550:	4b05      	ldr	r3, [pc, #20]	@ (10000568 <runtime_init_per_core_irq_priorities+0x18>)
10000552:	4a06      	ldr	r2, [pc, #24]	@ (1000056c <runtime_init_per_core_irq_priorities+0x1c>)
10000554:	6013      	str	r3, [r2, #0]
10000556:	4a06      	ldr	r2, [pc, #24]	@ (10000570 <runtime_init_per_core_irq_priorities+0x20>)
10000558:	6013      	str	r3, [r2, #0]
1000055a:	6053      	str	r3, [r2, #4]
1000055c:	6093      	str	r3, [r2, #8]
1000055e:	60d3      	str	r3, [r2, #12]
10000560:	6113      	str	r3, [r2, #16]
10000562:	6153      	str	r3, [r2, #20]
10000564:	6193      	str	r3, [r2, #24]
10000566:	4770      	bx	lr
10000568:	80808080 	.word	0x80808080
1000056c:	e000e400 	.word	0xe000e400
10000570:	e000e404 	.word	0xe000e404

10000574 <irq_set_enabled>:
10000574:	231f      	movs	r3, #31
10000576:	4018      	ands	r0, r3
10000578:	3b1e      	subs	r3, #30
1000057a:	4083      	lsls	r3, r0
1000057c:	2900      	cmp	r1, #0
1000057e:	d005      	beq.n	1000058c <irq_set_enabled+0x18>
10000580:	21c0      	movs	r1, #192	@ 0xc0
10000582:	4a04      	ldr	r2, [pc, #16]	@ (10000594 <irq_set_enabled+0x20>)
10000584:	0049      	lsls	r1, r1, #1
10000586:	5053      	str	r3, [r2, r1]
10000588:	6013      	str	r3, [r2, #0]
1000058a:	4770      	bx	lr
1000058c:	2280      	movs	r2, #128	@ 0x80
1000058e:	4901      	ldr	r1, [pc, #4]	@ (10000594 <irq_set_enabled+0x20>)
10000590:	508b      	str	r3, [r1, r2]
10000592:	e7fa      	b.n	1000058a <irq_set_enabled+0x16>
10000594:	e000e100 	.word	0xe000e100

10000598 <irq_is_enabled>:
10000598:	2201      	movs	r2, #1
1000059a:	4082      	lsls	r2, r0
1000059c:	4b03      	ldr	r3, [pc, #12]	@ (100005ac <irq_is_enabled+0x14>)
1000059e:	681b      	ldr	r3, [r3, #0]
100005a0:	4013      	ands	r3, r2
100005a2:	1e5a      	subs	r2, r3, #1
100005a4:	4193      	sbcs	r3, r2
100005a6:	b2d8      	uxtb	r0, r3
100005a8:	4770      	bx	lr
100005aa:	46c0      	nop			@ (mov r8, r8)
100005ac:	e000e100 	.word	0xe000e100

100005b0 <irq_set_pending>:
100005b0:	2301      	movs	r3, #1
100005b2:	4083      	lsls	r3, r0
100005b4:	4a01      	ldr	r2, [pc, #4]	@ (100005bc <irq_set_pending+0xc>)
100005b6:	6013      	str	r3, [r2, #0]
100005b8:	4770      	bx	lr
100005ba:	46c0      	nop			@ (mov r8, r8)
100005bc:	e000e200 	.word	0xe000e200

100005c0 <irq_has_shared_handler>:
100005c0:	4b06      	ldr	r3, [pc, #24]	@ (100005dc <irq_has_shared_handler+0x1c>)
100005c2:	3010      	adds	r0, #16
100005c4:	689b      	ldr	r3, [r3, #8]
100005c6:	0080      	lsls	r0, r0, #2
100005c8:	58c3      	ldr	r3, [r0, r3]
100005ca:	4a05      	ldr	r2, [pc, #20]	@ (100005e0 <irq_has_shared_handler+0x20>)
100005cc:	2000      	movs	r0, #0
100005ce:	1a9b      	subs	r3, r3, r2
100005d0:	222f      	movs	r2, #47	@ 0x2f
100005d2:	429a      	cmp	r2, r3
100005d4:	4140      	adcs	r0, r0
100005d6:	b2c0      	uxtb	r0, r0
100005d8:	4770      	bx	lr
100005da:	46c0      	nop			@ (mov r8, r8)
100005dc:	e000ed00 	.word	0xe000ed00
100005e0:	200010dc 	.word	0x200010dc

100005e4 <irq_set_exclusive_handler>:
100005e4:	b570      	push	{r4, r5, r6, lr}
100005e6:	000d      	movs	r5, r1
100005e8:	f3ef 8610 	mrs	r6, PRIMASK
100005ec:	b672      	cpsid	i
100005ee:	4a0f      	ldr	r2, [pc, #60]	@ (1000062c <irq_set_exclusive_handler+0x48>)
100005f0:	6813      	ldr	r3, [r2, #0]
100005f2:	2b00      	cmp	r3, #0
100005f4:	d0fc      	beq.n	100005f0 <irq_set_exclusive_handler+0xc>
100005f6:	f3bf 8f5f 	dmb	sy
100005fa:	4b0d      	ldr	r3, [pc, #52]	@ (10000630 <irq_set_exclusive_handler+0x4c>)
100005fc:	3010      	adds	r0, #16
100005fe:	689b      	ldr	r3, [r3, #8]
10000600:	0084      	lsls	r4, r0, #2
10000602:	591b      	ldr	r3, [r3, r4]
10000604:	4a0b      	ldr	r2, [pc, #44]	@ (10000634 <irq_set_exclusive_handler+0x50>)
10000606:	4293      	cmp	r3, r2
10000608:	d003      	beq.n	10000612 <irq_set_exclusive_handler+0x2e>
1000060a:	429d      	cmp	r5, r3
1000060c:	d001      	beq.n	10000612 <irq_set_exclusive_handler+0x2e>
1000060e:	f001 f92d 	bl	1000186c <hard_assertion_failure>
10000612:	4b07      	ldr	r3, [pc, #28]	@ (10000630 <irq_set_exclusive_handler+0x4c>)
10000614:	689b      	ldr	r3, [r3, #8]
10000616:	511d      	str	r5, [r3, r4]
10000618:	f3bf 8f5f 	dmb	sy
1000061c:	f3bf 8f5f 	dmb	sy
10000620:	2200      	movs	r2, #0
10000622:	4b02      	ldr	r3, [pc, #8]	@ (1000062c <irq_set_exclusive_handler+0x48>)
10000624:	601a      	str	r2, [r3, #0]
10000626:	f386 8810 	msr	PRIMASK, r6
1000062a:	bd70      	pop	{r4, r5, r6, pc}
1000062c:	d0000124 	.word	0xd0000124
10000630:	e000ed00 	.word	0xe000ed00
10000634:	100001c1 	.word	0x100001c1

10000638 <irq_add_shared_handler>:
10000638:	b5f0      	push	{r4, r5, r6, r7, lr}
1000063a:	4657      	mov	r7, sl
1000063c:	464e      	mov	r6, r9
1000063e:	46de      	mov	lr, fp
10000640:	4645      	mov	r5, r8
10000642:	b5e0      	push	{r5, r6, r7, lr}
10000644:	b085      	sub	sp, #20
10000646:	0006      	movs	r6, r0
10000648:	9100      	str	r1, [sp, #0]
1000064a:	0017      	movs	r7, r2
1000064c:	f3ef 8b10 	mrs	fp, PRIMASK
10000650:	b672      	cpsid	i
10000652:	4a6a      	ldr	r2, [pc, #424]	@ (100007fc <irq_add_shared_handler+0x1c4>)
10000654:	6813      	ldr	r3, [r2, #0]
10000656:	2b00      	cmp	r3, #0
10000658:	d0fc      	beq.n	10000654 <irq_add_shared_handler+0x1c>
1000065a:	f3bf 8f5f 	dmb	sy
1000065e:	2500      	movs	r5, #0
10000660:	4b67      	ldr	r3, [pc, #412]	@ (10000800 <irq_add_shared_handler+0x1c8>)
10000662:	575d      	ldrsb	r5, [r3, r5]
10000664:	469a      	mov	sl, r3
10000666:	2d00      	cmp	r5, #0
10000668:	da00      	bge.n	1000066c <irq_add_shared_handler+0x34>
1000066a:	e0a9      	b.n	100007c0 <irq_add_shared_handler+0x188>
1000066c:	006b      	lsls	r3, r5, #1
1000066e:	4c65      	ldr	r4, [pc, #404]	@ (10000804 <irq_add_shared_handler+0x1cc>)
10000670:	9301      	str	r3, [sp, #4]
10000672:	195b      	adds	r3, r3, r5
10000674:	009b      	lsls	r3, r3, #2
10000676:	4698      	mov	r8, r3
10000678:	46a1      	mov	r9, r4
1000067a:	44c1      	add	r9, r8
1000067c:	464b      	mov	r3, r9
1000067e:	4652      	mov	r2, sl
10000680:	799b      	ldrb	r3, [r3, #6]
10000682:	3610      	adds	r6, #16
10000684:	7013      	strb	r3, [r2, #0]
10000686:	4b60      	ldr	r3, [pc, #384]	@ (10000808 <irq_add_shared_handler+0x1d0>)
10000688:	00b6      	lsls	r6, r6, #2
1000068a:	689b      	ldr	r3, [r3, #8]
1000068c:	5999      	ldr	r1, [r3, r6]
1000068e:	1b0b      	subs	r3, r1, r4
10000690:	2b2f      	cmp	r3, #47	@ 0x2f
10000692:	d933      	bls.n	100006fc <irq_add_shared_handler+0xc4>
10000694:	4b5d      	ldr	r3, [pc, #372]	@ (1000080c <irq_add_shared_handler+0x1d4>)
10000696:	4299      	cmp	r1, r3
10000698:	d000      	beq.n	1000069c <irq_add_shared_handler+0x64>
1000069a:	e0ac      	b.n	100007f6 <irq_add_shared_handler+0x1be>
1000069c:	9b01      	ldr	r3, [sp, #4]
1000069e:	4642      	mov	r2, r8
100006a0:	469c      	mov	ip, r3
100006a2:	4b5b      	ldr	r3, [pc, #364]	@ (10000810 <irq_add_shared_handler+0x1d8>)
100006a4:	4465      	add	r5, ip
100006a6:	00ad      	lsls	r5, r5, #2
100006a8:	5363      	strh	r3, [r4, r5]
100006aa:	4b5a      	ldr	r3, [pc, #360]	@ (10000814 <irq_add_shared_handler+0x1dc>)
100006ac:	3202      	adds	r2, #2
100006ae:	18a2      	adds	r2, r4, r2
100006b0:	3b04      	subs	r3, #4
100006b2:	1a9b      	subs	r3, r3, r2
100006b4:	051b      	lsls	r3, r3, #20
100006b6:	4a58      	ldr	r2, [pc, #352]	@ (10000818 <irq_add_shared_handler+0x1e0>)
100006b8:	0d5b      	lsrs	r3, r3, #21
100006ba:	1965      	adds	r5, r4, r5
100006bc:	4313      	orrs	r3, r2
100006be:	806b      	strh	r3, [r5, #2]
100006c0:	4b56      	ldr	r3, [pc, #344]	@ (1000081c <irq_add_shared_handler+0x1e4>)
100006c2:	2101      	movs	r1, #1
100006c4:	80ab      	strh	r3, [r5, #4]
100006c6:	23ff      	movs	r3, #255	@ 0xff
100006c8:	71ab      	strb	r3, [r5, #6]
100006ca:	9b00      	ldr	r3, [sp, #0]
100006cc:	71ef      	strb	r7, [r5, #7]
100006ce:	60ab      	str	r3, [r5, #8]
100006d0:	464b      	mov	r3, r9
100006d2:	430b      	orrs	r3, r1
100006d4:	0019      	movs	r1, r3
100006d6:	4b4c      	ldr	r3, [pc, #304]	@ (10000808 <irq_add_shared_handler+0x1d0>)
100006d8:	689b      	ldr	r3, [r3, #8]
100006da:	5199      	str	r1, [r3, r6]
100006dc:	f3bf 8f5f 	dmb	sy
100006e0:	f3bf 8f5f 	dmb	sy
100006e4:	2200      	movs	r2, #0
100006e6:	4b45      	ldr	r3, [pc, #276]	@ (100007fc <irq_add_shared_handler+0x1c4>)
100006e8:	601a      	str	r2, [r3, #0]
100006ea:	f38b 8810 	msr	PRIMASK, fp
100006ee:	b005      	add	sp, #20
100006f0:	bcf0      	pop	{r4, r5, r6, r7}
100006f2:	46bb      	mov	fp, r7
100006f4:	46b2      	mov	sl, r6
100006f6:	46a9      	mov	r9, r5
100006f8:	46a0      	mov	r8, r4
100006fa:	bdf0      	pop	{r4, r5, r6, r7, pc}
100006fc:	2001      	movs	r0, #1
100006fe:	000a      	movs	r2, r1
10000700:	4382      	bics	r2, r0
10000702:	79d3      	ldrb	r3, [r2, #7]
10000704:	468c      	mov	ip, r1
10000706:	42bb      	cmp	r3, r7
10000708:	d831      	bhi.n	1000076e <irq_add_shared_handler+0x136>
1000070a:	4645      	mov	r5, r8
1000070c:	0013      	movs	r3, r2
1000070e:	4944      	ldr	r1, [pc, #272]	@ (10000820 <irq_add_shared_handler+0x1e8>)
10000710:	1b1b      	subs	r3, r3, r4
10000712:	415b      	adcs	r3, r3
10000714:	4359      	muls	r1, r3
10000716:	0d09      	lsrs	r1, r1, #20
10000718:	4b3d      	ldr	r3, [pc, #244]	@ (10000810 <irq_add_shared_handler+0x1d8>)
1000071a:	5363      	strh	r3, [r4, r5]
1000071c:	4b3d      	ldr	r3, [pc, #244]	@ (10000814 <irq_add_shared_handler+0x1dc>)
1000071e:	3502      	adds	r5, #2
10000720:	1965      	adds	r5, r4, r5
10000722:	3b04      	subs	r3, #4
10000724:	1b5b      	subs	r3, r3, r5
10000726:	051b      	lsls	r3, r3, #20
10000728:	4d3b      	ldr	r5, [pc, #236]	@ (10000818 <irq_add_shared_handler+0x1e0>)
1000072a:	0d5b      	lsrs	r3, r3, #21
1000072c:	432b      	orrs	r3, r5
1000072e:	46aa      	mov	sl, r5
10000730:	464d      	mov	r5, r9
10000732:	806b      	strh	r3, [r5, #2]
10000734:	2504      	movs	r5, #4
10000736:	46ac      	mov	ip, r5
10000738:	4655      	mov	r5, sl
1000073a:	44e0      	add	r8, ip
1000073c:	1f13      	subs	r3, r2, #4
1000073e:	4444      	add	r4, r8
10000740:	1b1b      	subs	r3, r3, r4
10000742:	051b      	lsls	r3, r3, #20
10000744:	0d5b      	lsrs	r3, r3, #21
10000746:	431d      	orrs	r5, r3
10000748:	464b      	mov	r3, r9
1000074a:	7199      	strb	r1, [r3, #6]
1000074c:	9900      	ldr	r1, [sp, #0]
1000074e:	809d      	strh	r5, [r3, #4]
10000750:	6099      	str	r1, [r3, #8]
10000752:	4649      	mov	r1, r9
10000754:	71df      	strb	r7, [r3, #7]
10000756:	4b33      	ldr	r3, [pc, #204]	@ (10000824 <irq_add_shared_handler+0x1ec>)
10000758:	4301      	orrs	r1, r0
1000075a:	6013      	str	r3, [r2, #0]
1000075c:	e7bb      	b.n	100006d6 <irq_add_shared_handler+0x9e>
1000075e:	0058      	lsls	r0, r3, #1
10000760:	18c0      	adds	r0, r0, r3
10000762:	0080      	lsls	r0, r0, #2
10000764:	1820      	adds	r0, r4, r0
10000766:	79c1      	ldrb	r1, [r0, #7]
10000768:	42b9      	cmp	r1, r7
1000076a:	d92f      	bls.n	100007cc <irq_add_shared_handler+0x194>
1000076c:	0002      	movs	r2, r0
1000076e:	2306      	movs	r3, #6
10000770:	56d3      	ldrsb	r3, [r2, r3]
10000772:	2b00      	cmp	r3, #0
10000774:	daf3      	bge.n	1000075e <irq_add_shared_handler+0x126>
10000776:	9302      	str	r3, [sp, #8]
10000778:	4b2b      	ldr	r3, [pc, #172]	@ (10000828 <irq_add_shared_handler+0x1f0>)
1000077a:	4661      	mov	r1, ip
1000077c:	9303      	str	r3, [sp, #12]
1000077e:	1d13      	adds	r3, r2, #4
10000780:	469a      	mov	sl, r3
10000782:	2304      	movs	r3, #4
10000784:	425b      	negs	r3, r3
10000786:	469c      	mov	ip, r3
10000788:	44e1      	add	r9, ip
1000078a:	4650      	mov	r0, sl
1000078c:	464b      	mov	r3, r9
1000078e:	1a1b      	subs	r3, r3, r0
10000790:	051b      	lsls	r3, r3, #20
10000792:	0d5b      	lsrs	r3, r3, #21
10000794:	469c      	mov	ip, r3
10000796:	4b20      	ldr	r3, [pc, #128]	@ (10000818 <irq_add_shared_handler+0x1e0>)
10000798:	7195      	strb	r5, [r2, #6]
1000079a:	4698      	mov	r8, r3
1000079c:	4663      	mov	r3, ip
1000079e:	4640      	mov	r0, r8
100007a0:	4303      	orrs	r3, r0
100007a2:	8093      	strh	r3, [r2, #4]
100007a4:	9b01      	ldr	r3, [sp, #4]
100007a6:	195a      	adds	r2, r3, r5
100007a8:	0092      	lsls	r2, r2, #2
100007aa:	9b03      	ldr	r3, [sp, #12]
100007ac:	18a4      	adds	r4, r4, r2
100007ae:	80a3      	strh	r3, [r4, #4]
100007b0:	9b02      	ldr	r3, [sp, #8]
100007b2:	4a1c      	ldr	r2, [pc, #112]	@ (10000824 <irq_add_shared_handler+0x1ec>)
100007b4:	71a3      	strb	r3, [r4, #6]
100007b6:	9b00      	ldr	r3, [sp, #0]
100007b8:	6022      	str	r2, [r4, #0]
100007ba:	71e7      	strb	r7, [r4, #7]
100007bc:	60a3      	str	r3, [r4, #8]
100007be:	e78a      	b.n	100006d6 <irq_add_shared_handler+0x9e>
100007c0:	f001 f854 	bl	1000186c <hard_assertion_failure>
100007c4:	2500      	movs	r5, #0
100007c6:	4653      	mov	r3, sl
100007c8:	575d      	ldrsb	r5, [r3, r5]
100007ca:	e74f      	b.n	1000066c <irq_add_shared_handler+0x34>
100007cc:	8890      	ldrh	r0, [r2, #4]
100007ce:	9302      	str	r3, [sp, #8]
100007d0:	0540      	lsls	r0, r0, #21
100007d2:	1d13      	adds	r3, r2, #4
100007d4:	469a      	mov	sl, r3
100007d6:	1503      	asrs	r3, r0, #20
100007d8:	4661      	mov	r1, ip
100007da:	469c      	mov	ip, r3
100007dc:	4640      	mov	r0, r8
100007de:	44d4      	add	ip, sl
100007e0:	4663      	mov	r3, ip
100007e2:	3004      	adds	r0, #4
100007e4:	1820      	adds	r0, r4, r0
100007e6:	1a18      	subs	r0, r3, r0
100007e8:	23e0      	movs	r3, #224	@ 0xe0
100007ea:	0500      	lsls	r0, r0, #20
100007ec:	0d40      	lsrs	r0, r0, #21
100007ee:	021b      	lsls	r3, r3, #8
100007f0:	4318      	orrs	r0, r3
100007f2:	9003      	str	r0, [sp, #12]
100007f4:	e7c5      	b.n	10000782 <irq_add_shared_handler+0x14a>
100007f6:	f001 f839 	bl	1000186c <hard_assertion_failure>
100007fa:	e74f      	b.n	1000069c <irq_add_shared_handler+0x64>
100007fc:	d0000124 	.word	0xd0000124
10000800:	20002792 	.word	0x20002792
10000804:	200010dc 	.word	0x200010dc
10000808:	e000ed00 	.word	0xe000ed00
1000080c:	100001c1 	.word	0x100001c1
10000810:	ffffa100 	.word	0xffffa100
10000814:	2000110c 	.word	0x2000110c
10000818:	ffffe000 	.word	0xffffe000
1000081c:	ffffbd01 	.word	0xffffbd01
10000820:	0000aaaa 	.word	0x0000aaaa
10000824:	47804801 	.word	0x47804801
10000828:	0000bd01 	.word	0x0000bd01

1000082c <irq_add_tail_to_free_list>:
1000082c:	b570      	push	{r4, r5, r6, lr}
1000082e:	2401      	movs	r4, #1
10000830:	4304      	orrs	r4, r0
10000832:	f3ef 8105 	mrs	r1, IPSR
10000836:	f3ef 8c10 	mrs	ip, PRIMASK
1000083a:	b672      	cpsid	i
1000083c:	4a21      	ldr	r2, [pc, #132]	@ (100008c4 <irq_add_tail_to_free_list+0x98>)
1000083e:	6813      	ldr	r3, [r2, #0]
10000840:	2b00      	cmp	r3, #0
10000842:	d0fc      	beq.n	1000083e <irq_add_tail_to_free_list+0x12>
10000844:	f3bf 8f5f 	dmb	sy
10000848:	4b1f      	ldr	r3, [pc, #124]	@ (100008c8 <irq_add_tail_to_free_list+0x9c>)
1000084a:	0005      	movs	r5, r0
1000084c:	4a1f      	ldr	r2, [pc, #124]	@ (100008cc <irq_add_tail_to_free_list+0xa0>)
1000084e:	1aed      	subs	r5, r5, r3
10000850:	416d      	adcs	r5, r5
10000852:	436a      	muls	r2, r5
10000854:	0d12      	lsrs	r2, r2, #20
10000856:	4d1e      	ldr	r5, [pc, #120]	@ (100008d0 <irq_add_tail_to_free_list+0xa4>)
10000858:	0089      	lsls	r1, r1, #2
1000085a:	68ae      	ldr	r6, [r5, #8]
1000085c:	b252      	sxtb	r2, r2
1000085e:	5876      	ldr	r6, [r6, r1]
10000860:	42a6      	cmp	r6, r4
10000862:	d01c      	beq.n	1000089e <irq_add_tail_to_free_list+0x72>
10000864:	2106      	movs	r1, #6
10000866:	5659      	ldrsb	r1, [r3, r1]
10000868:	4291      	cmp	r1, r2
1000086a:	d01c      	beq.n	100008a6 <irq_add_tail_to_free_list+0x7a>
1000086c:	2112      	movs	r1, #18
1000086e:	5659      	ldrsb	r1, [r3, r1]
10000870:	4291      	cmp	r1, r2
10000872:	d022      	beq.n	100008ba <irq_add_tail_to_free_list+0x8e>
10000874:	211e      	movs	r1, #30
10000876:	5659      	ldrsb	r1, [r3, r1]
10000878:	4291      	cmp	r1, r2
1000087a:	d020      	beq.n	100008be <irq_add_tail_to_free_list+0x92>
1000087c:	212a      	movs	r1, #42	@ 0x2a
1000087e:	5659      	ldrsb	r1, [r3, r1]
10000880:	2403      	movs	r4, #3
10000882:	4291      	cmp	r1, r2
10000884:	d010      	beq.n	100008a8 <irq_add_tail_to_free_list+0x7c>
10000886:	4b13      	ldr	r3, [pc, #76]	@ (100008d4 <irq_add_tail_to_free_list+0xa8>)
10000888:	7819      	ldrb	r1, [r3, #0]
1000088a:	701a      	strb	r2, [r3, #0]
1000088c:	7181      	strb	r1, [r0, #6]
1000088e:	f3bf 8f5f 	dmb	sy
10000892:	2200      	movs	r2, #0
10000894:	4b0b      	ldr	r3, [pc, #44]	@ (100008c4 <irq_add_tail_to_free_list+0x98>)
10000896:	601a      	str	r2, [r3, #0]
10000898:	f38c 8810 	msr	PRIMASK, ip
1000089c:	bd70      	pop	{r4, r5, r6, pc}
1000089e:	68ab      	ldr	r3, [r5, #8]
100008a0:	4c0d      	ldr	r4, [pc, #52]	@ (100008d8 <irq_add_tail_to_free_list+0xac>)
100008a2:	505c      	str	r4, [r3, r1]
100008a4:	e7ef      	b.n	10000886 <irq_add_tail_to_free_list+0x5a>
100008a6:	2400      	movs	r4, #0
100008a8:	0061      	lsls	r1, r4, #1
100008aa:	1909      	adds	r1, r1, r4
100008ac:	0089      	lsls	r1, r1, #2
100008ae:	185b      	adds	r3, r3, r1
100008b0:	21ff      	movs	r1, #255	@ 0xff
100008b2:	7199      	strb	r1, [r3, #6]
100008b4:	4909      	ldr	r1, [pc, #36]	@ (100008dc <irq_add_tail_to_free_list+0xb0>)
100008b6:	8099      	strh	r1, [r3, #4]
100008b8:	e7e5      	b.n	10000886 <irq_add_tail_to_free_list+0x5a>
100008ba:	2401      	movs	r4, #1
100008bc:	e7f4      	b.n	100008a8 <irq_add_tail_to_free_list+0x7c>
100008be:	2402      	movs	r4, #2
100008c0:	e7f2      	b.n	100008a8 <irq_add_tail_to_free_list+0x7c>
100008c2:	46c0      	nop			@ (mov r8, r8)
100008c4:	d0000124 	.word	0xd0000124
100008c8:	200010dc 	.word	0x200010dc
100008cc:	0000aaaa 	.word	0x0000aaaa
100008d0:	e000ed00 	.word	0xe000ed00
100008d4:	20002792 	.word	0x20002792
100008d8:	100001c1 	.word	0x100001c1
100008dc:	ffffbd01 	.word	0xffffbd01

100008e0 <user_irq_claim_unused>:
100008e0:	b510      	push	{r4, lr}
100008e2:	4b08      	ldr	r3, [pc, #32]	@ (10000904 <user_irq_claim_unused+0x24>)
100008e4:	4c08      	ldr	r4, [pc, #32]	@ (10000908 <user_irq_claim_unused+0x28>)
100008e6:	b082      	sub	sp, #8
100008e8:	0001      	movs	r1, r0
100008ea:	9300      	str	r3, [sp, #0]
100008ec:	2200      	movs	r2, #0
100008ee:	2305      	movs	r3, #5
100008f0:	0020      	movs	r0, r4
100008f2:	f7ff fdbd 	bl	10000470 <hw_claim_unused_from_range>
100008f6:	2800      	cmp	r0, #0
100008f8:	db01      	blt.n	100008fe <user_irq_claim_unused+0x1e>
100008fa:	231f      	movs	r3, #31
100008fc:	1a18      	subs	r0, r3, r0
100008fe:	b002      	add	sp, #8
10000900:	bd10      	pop	{r4, pc}
10000902:	46c0      	nop			@ (mov r8, r8)
10000904:	10008838 	.word	0x10008838
10000908:	20002796 	.word	0x20002796

1000090c <lock_init>:
1000090c:	4b02      	ldr	r3, [pc, #8]	@ (10000918 <lock_init+0xc>)
1000090e:	469c      	mov	ip, r3
10000910:	4461      	add	r1, ip
10000912:	0089      	lsls	r1, r1, #2
10000914:	6001      	str	r1, [r0, #0]
10000916:	4770      	bx	lr
10000918:	34000040 	.word	0x34000040

1000091c <runtime_init_mutex>:
1000091c:	b570      	push	{r4, r5, r6, lr}
1000091e:	4c11      	ldr	r4, [pc, #68]	@ (10000964 <runtime_init_mutex+0x48>)
10000920:	4d11      	ldr	r5, [pc, #68]	@ (10000968 <runtime_init_mutex+0x4c>)
10000922:	42ac      	cmp	r4, r5
10000924:	d20f      	bcs.n	10000946 <runtime_init_mutex+0x2a>
10000926:	26ff      	movs	r6, #255	@ 0xff
10000928:	6823      	ldr	r3, [r4, #0]
1000092a:	2b00      	cmp	r3, #0
1000092c:	d00c      	beq.n	10000948 <runtime_init_mutex+0x2c>
1000092e:	f7ff fde3 	bl	100004f8 <next_striped_spin_lock_num>
10000932:	0001      	movs	r1, r0
10000934:	0020      	movs	r0, r4
10000936:	f7ff ffe9 	bl	1000090c <lock_init>
1000093a:	80a6      	strh	r6, [r4, #4]
1000093c:	f3bf 8f5f 	dmb	sy
10000940:	3408      	adds	r4, #8
10000942:	42ac      	cmp	r4, r5
10000944:	d3f0      	bcc.n	10000928 <runtime_init_mutex+0xc>
10000946:	bd70      	pop	{r4, r5, r6, pc}
10000948:	f7ff fdd6 	bl	100004f8 <next_striped_spin_lock_num>
1000094c:	0001      	movs	r1, r0
1000094e:	0020      	movs	r0, r4
10000950:	f7ff ffdc 	bl	1000090c <lock_init>
10000954:	7126      	strb	r6, [r4, #4]
10000956:	f3bf 8f5f 	dmb	sy
1000095a:	3408      	adds	r4, #8
1000095c:	42ac      	cmp	r4, r5
1000095e:	d3e3      	bcc.n	10000928 <runtime_init_mutex+0xc>
10000960:	e7f1      	b.n	10000946 <runtime_init_mutex+0x2a>
10000962:	46c0      	nop			@ (mov r8, r8)
10000964:	20001718 	.word	0x20001718
10000968:	20001720 	.word	0x20001720

1000096c <mutex_init>:
1000096c:	b510      	push	{r4, lr}
1000096e:	0004      	movs	r4, r0
10000970:	f7ff fdc2 	bl	100004f8 <next_striped_spin_lock_num>
10000974:	0001      	movs	r1, r0
10000976:	0020      	movs	r0, r4
10000978:	f7ff ffc8 	bl	1000090c <lock_init>
1000097c:	23ff      	movs	r3, #255	@ 0xff
1000097e:	7123      	strb	r3, [r4, #4]
10000980:	f3bf 8f5f 	dmb	sy
10000984:	bd10      	pop	{r4, pc}
10000986:	46c0      	nop			@ (mov r8, r8)

10000988 <critical_section_init>:
10000988:	b510      	push	{r4, lr}
1000098a:	0004      	movs	r4, r0
1000098c:	2001      	movs	r0, #1
1000098e:	f7ff fdbf 	bl	10000510 <spin_lock_claim_unused>
10000992:	4b03      	ldr	r3, [pc, #12]	@ (100009a0 <critical_section_init+0x18>)
10000994:	18c3      	adds	r3, r0, r3
10000996:	009b      	lsls	r3, r3, #2
10000998:	6023      	str	r3, [r4, #0]
1000099a:	f3bf 8f5f 	dmb	sy
1000099e:	bd10      	pop	{r4, pc}
100009a0:	34000040 	.word	0x34000040

100009a4 <critical_section_init_with_lock_num>:
100009a4:	4b03      	ldr	r3, [pc, #12]	@ (100009b4 <critical_section_init_with_lock_num+0x10>)
100009a6:	469c      	mov	ip, r3
100009a8:	4461      	add	r1, ip
100009aa:	0089      	lsls	r1, r1, #2
100009ac:	6001      	str	r1, [r0, #0]
100009ae:	f3bf 8f5f 	dmb	sy
100009b2:	4770      	bx	lr
100009b4:	34000040 	.word	0x34000040

100009b8 <sleep_until_callback>:
100009b8:	4b0a      	ldr	r3, [pc, #40]	@ (100009e4 <sleep_until_callback+0x2c>)
100009ba:	6819      	ldr	r1, [r3, #0]
100009bc:	f3ef 8010 	mrs	r0, PRIMASK
100009c0:	b672      	cpsid	i
100009c2:	680a      	ldr	r2, [r1, #0]
100009c4:	2a00      	cmp	r2, #0
100009c6:	d0fc      	beq.n	100009c2 <sleep_until_callback+0xa>
100009c8:	f3bf 8f5f 	dmb	sy
100009cc:	681b      	ldr	r3, [r3, #0]
100009ce:	f3bf 8f5f 	dmb	sy
100009d2:	2200      	movs	r2, #0
100009d4:	601a      	str	r2, [r3, #0]
100009d6:	f380 8810 	msr	PRIMASK, r0
100009da:	bf40      	sev
100009dc:	2000      	movs	r0, #0
100009de:	2100      	movs	r1, #0
100009e0:	4770      	bx	lr
100009e2:	46c0      	nop			@ (mov r8, r8)
100009e4:	2000276c 	.word	0x2000276c

100009e8 <alarm_pool_irq_handler>:
100009e8:	b5f0      	push	{r4, r5, r6, r7, lr}
100009ea:	46de      	mov	lr, fp
100009ec:	4657      	mov	r7, sl
100009ee:	464e      	mov	r6, r9
100009f0:	4645      	mov	r5, r8
100009f2:	b5e0      	push	{r5, r6, r7, lr}
100009f4:	b087      	sub	sp, #28
100009f6:	f3ef 8305 	mrs	r3, IPSR
100009fa:	2203      	movs	r2, #3
100009fc:	2501      	movs	r5, #1
100009fe:	401a      	ands	r2, r3
10000a00:	4095      	lsls	r5, r2
10000a02:	0091      	lsls	r1, r2, #2
10000a04:	4688      	mov	r8, r1
10000a06:	46a9      	mov	r9, r5
10000a08:	4bb3      	ldr	r3, [pc, #716]	@ (10000cd8 <alarm_pool_irq_handler+0x2f0>)
10000a0a:	9203      	str	r2, [sp, #12]
10000a0c:	585c      	ldr	r4, [r3, r1]
10000a0e:	4bb3      	ldr	r3, [pc, #716]	@ (10000cdc <alarm_pool_irq_handler+0x2f4>)
10000a10:	601d      	str	r5, [r3, #0]
10000a12:	4bb3      	ldr	r3, [pc, #716]	@ (10000ce0 <alarm_pool_irq_handler+0x2f8>)
10000a14:	9304      	str	r3, [sp, #16]
10000a16:	464b      	mov	r3, r9
10000a18:	48b2      	ldr	r0, [pc, #712]	@ (10000ce4 <alarm_pool_irq_handler+0x2fc>)
10000a1a:	6343      	str	r3, [r0, #52]	@ 0x34
10000a1c:	2308      	movs	r3, #8
10000a1e:	5ee5      	ldrsh	r5, [r4, r3]
10000a20:	2d00      	cmp	r5, #0
10000a22:	da37      	bge.n	10000a94 <alarm_pool_irq_handler+0xac>
10000a24:	88a3      	ldrh	r3, [r4, #4]
10000a26:	b21b      	sxth	r3, r3
10000a28:	2b00      	cmp	r3, #0
10000a2a:	db00      	blt.n	10000a2e <alarm_pool_irq_handler+0x46>
10000a2c:	e0ad      	b.n	10000b8a <alarm_pool_irq_handler+0x1a2>
10000a2e:	79a3      	ldrb	r3, [r4, #6]
10000a30:	2b00      	cmp	r3, #0
10000a32:	d000      	beq.n	10000a36 <alarm_pool_irq_handler+0x4e>
10000a34:	e0ee      	b.n	10000c14 <alarm_pool_irq_handler+0x22c>
10000a36:	2308      	movs	r3, #8
10000a38:	5ee0      	ldrsh	r0, [r4, r3]
10000a3a:	2800      	cmp	r0, #0
10000a3c:	db20      	blt.n	10000a80 <alarm_pool_irq_handler+0x98>
10000a3e:	0043      	lsls	r3, r0, #1
10000a40:	6962      	ldr	r2, [r4, #20]
10000a42:	181b      	adds	r3, r3, r0
10000a44:	00db      	lsls	r3, r3, #3
10000a46:	18d3      	adds	r3, r2, r3
10000a48:	689e      	ldr	r6, [r3, #8]
10000a4a:	68dd      	ldr	r5, [r3, #12]
10000a4c:	1c73      	adds	r3, r6, #1
10000a4e:	d100      	bne.n	10000a52 <alarm_pool_irq_handler+0x6a>
10000a50:	e111      	b.n	10000c76 <alarm_pool_irq_handler+0x28e>
10000a52:	48a4      	ldr	r0, [pc, #656]	@ (10000ce4 <alarm_pool_irq_handler+0x2fc>)
10000a54:	0001      	movs	r1, r0
10000a56:	4441      	add	r1, r8
10000a58:	6a82      	ldr	r2, [r0, #40]	@ 0x28
10000a5a:	690b      	ldr	r3, [r1, #16]
10000a5c:	1ab7      	subs	r7, r6, r2
10000a5e:	1a9b      	subs	r3, r3, r2
10000a60:	429f      	cmp	r7, r3
10000a62:	d315      	bcc.n	10000a90 <alarm_pool_irq_handler+0xa8>
10000a64:	2301      	movs	r3, #1
10000a66:	6a02      	ldr	r2, [r0, #32]
10000a68:	9803      	ldr	r0, [sp, #12]
10000a6a:	4083      	lsls	r3, r0
10000a6c:	421a      	tst	r2, r3
10000a6e:	d00f      	beq.n	10000a90 <alarm_pool_irq_handler+0xa8>
10000a70:	489c      	ldr	r0, [pc, #624]	@ (10000ce4 <alarm_pool_irq_handler+0x2fc>)
10000a72:	f000 fbb5 	bl	100011e0 <timer_time_us_64>
10000a76:	428d      	cmp	r5, r1
10000a78:	dc02      	bgt.n	10000a80 <alarm_pool_irq_handler+0x98>
10000a7a:	d1cc      	bne.n	10000a16 <alarm_pool_irq_handler+0x2e>
10000a7c:	4286      	cmp	r6, r0
10000a7e:	d9ca      	bls.n	10000a16 <alarm_pool_irq_handler+0x2e>
10000a80:	bf40      	sev
10000a82:	b007      	add	sp, #28
10000a84:	bcf0      	pop	{r4, r5, r6, r7}
10000a86:	46bb      	mov	fp, r7
10000a88:	46b2      	mov	sl, r6
10000a8a:	46a9      	mov	r9, r5
10000a8c:	46a0      	mov	r8, r4
10000a8e:	bdf0      	pop	{r4, r5, r6, r7, pc}
10000a90:	610e      	str	r6, [r1, #16]
10000a92:	e7ed      	b.n	10000a70 <alarm_pool_irq_handler+0x88>
10000a94:	6962      	ldr	r2, [r4, #20]
10000a96:	006b      	lsls	r3, r5, #1
10000a98:	4692      	mov	sl, r2
10000a9a:	195b      	adds	r3, r3, r5
10000a9c:	00db      	lsls	r3, r3, #3
10000a9e:	449a      	add	sl, r3
10000aa0:	4653      	mov	r3, sl
10000aa2:	689e      	ldr	r6, [r3, #8]
10000aa4:	68df      	ldr	r7, [r3, #12]
10000aa6:	f000 fb9b 	bl	100011e0 <timer_time_us_64>
10000aaa:	428f      	cmp	r7, r1
10000aac:	dcba      	bgt.n	10000a24 <alarm_pool_irq_handler+0x3c>
10000aae:	d100      	bne.n	10000ab2 <alarm_pool_irq_handler+0xca>
10000ab0:	e103      	b.n	10000cba <alarm_pool_irq_handler+0x2d2>
10000ab2:	2f00      	cmp	r7, #0
10000ab4:	da00      	bge.n	10000ab8 <alarm_pool_irq_handler+0xd0>
10000ab6:	e0e8      	b.n	10000c8a <alarm_pool_irq_handler+0x2a2>
10000ab8:	4652      	mov	r2, sl
10000aba:	4653      	mov	r3, sl
10000abc:	6952      	ldr	r2, [r2, #20]
10000abe:	691b      	ldr	r3, [r3, #16]
10000ac0:	4693      	mov	fp, r2
10000ac2:	9a04      	ldr	r2, [sp, #16]
10000ac4:	4293      	cmp	r3, r2
10000ac6:	d100      	bne.n	10000aca <alarm_pool_irq_handler+0xe2>
10000ac8:	e0d9      	b.n	10000c7e <alarm_pool_irq_handler+0x296>
10000aca:	4652      	mov	r2, sl
10000acc:	2108      	movs	r1, #8
10000ace:	5e60      	ldrsh	r0, [r4, r1]
10000ad0:	8852      	ldrh	r2, [r2, #2]
10000ad2:	0400      	lsls	r0, r0, #16
10000ad4:	4659      	mov	r1, fp
10000ad6:	4310      	orrs	r0, r2
10000ad8:	4798      	blx	r3
10000ada:	9000      	str	r0, [sp, #0]
10000adc:	9101      	str	r1, [sp, #4]
10000ade:	9900      	ldr	r1, [sp, #0]
10000ae0:	9a01      	ldr	r2, [sp, #4]
10000ae2:	000b      	movs	r3, r1
10000ae4:	0010      	movs	r0, r2
10000ae6:	4313      	orrs	r3, r2
10000ae8:	d100      	bne.n	10000aec <alarm_pool_irq_handler+0x104>
10000aea:	e0ce      	b.n	10000c8a <alarm_pool_irq_handler+0x2a2>
10000aec:	0013      	movs	r3, r2
10000aee:	000a      	movs	r2, r1
10000af0:	1ab6      	subs	r6, r6, r2
10000af2:	419f      	sbcs	r7, r3
10000af4:	2800      	cmp	r0, #0
10000af6:	db06      	blt.n	10000b06 <alarm_pool_irq_handler+0x11e>
10000af8:	487a      	ldr	r0, [pc, #488]	@ (10000ce4 <alarm_pool_irq_handler+0x2fc>)
10000afa:	f000 fb71 	bl	100011e0 <timer_time_us_64>
10000afe:	9e00      	ldr	r6, [sp, #0]
10000b00:	9f01      	ldr	r7, [sp, #4]
10000b02:	1836      	adds	r6, r6, r0
10000b04:	414f      	adcs	r7, r1
10000b06:	4653      	mov	r3, sl
10000b08:	609e      	str	r6, [r3, #8]
10000b0a:	60df      	str	r7, [r3, #12]
10000b0c:	2200      	movs	r2, #0
10000b0e:	5e9a      	ldrsh	r2, [r3, r2]
10000b10:	2a00      	cmp	r2, #0
10000b12:	da00      	bge.n	10000b16 <alarm_pool_irq_handler+0x12e>
10000b14:	e786      	b.n	10000a24 <alarm_pool_irq_handler+0x3c>
10000b16:	0053      	lsls	r3, r2, #1
10000b18:	1899      	adds	r1, r3, r2
10000b1a:	6960      	ldr	r0, [r4, #20]
10000b1c:	00c9      	lsls	r1, r1, #3
10000b1e:	1841      	adds	r1, r0, r1
10000b20:	9302      	str	r3, [sp, #8]
10000b22:	688b      	ldr	r3, [r1, #8]
10000b24:	68c9      	ldr	r1, [r1, #12]
10000b26:	469b      	mov	fp, r3
10000b28:	42b9      	cmp	r1, r7
10000b2a:	dd00      	ble.n	10000b2e <alarm_pool_irq_handler+0x146>
10000b2c:	e77a      	b.n	10000a24 <alarm_pool_irq_handler+0x3c>
10000b2e:	d102      	bne.n	10000b36 <alarm_pool_irq_handler+0x14e>
10000b30:	42b3      	cmp	r3, r6
10000b32:	d900      	bls.n	10000b36 <alarm_pool_irq_handler+0x14e>
10000b34:	e776      	b.n	10000a24 <alarm_pool_irq_handler+0x3c>
10000b36:	2308      	movs	r3, #8
10000b38:	469c      	mov	ip, r3
10000b3a:	44a4      	add	ip, r4
10000b3c:	9505      	str	r5, [sp, #20]
10000b3e:	4665      	mov	r5, ip
10000b40:	8122      	strh	r2, [r4, #8]
10000b42:	46a4      	mov	ip, r4
10000b44:	9b02      	ldr	r3, [sp, #8]
10000b46:	002c      	movs	r4, r5
10000b48:	e006      	b.n	10000b58 <alarm_pool_irq_handler+0x170>
10000b4a:	0053      	lsls	r3, r2, #1
10000b4c:	1899      	adds	r1, r3, r2
10000b4e:	00c9      	lsls	r1, r1, #3
10000b50:	1841      	adds	r1, r0, r1
10000b52:	688d      	ldr	r5, [r1, #8]
10000b54:	68c9      	ldr	r1, [r1, #12]
10000b56:	46ab      	mov	fp, r5
10000b58:	189b      	adds	r3, r3, r2
10000b5a:	00db      	lsls	r3, r3, #3
10000b5c:	18c3      	adds	r3, r0, r3
10000b5e:	42b9      	cmp	r1, r7
10000b60:	dc06      	bgt.n	10000b70 <alarm_pool_irq_handler+0x188>
10000b62:	d100      	bne.n	10000b66 <alarm_pool_irq_handler+0x17e>
10000b64:	e0b3      	b.n	10000cce <alarm_pool_irq_handler+0x2e6>
10000b66:	001c      	movs	r4, r3
10000b68:	2300      	movs	r3, #0
10000b6a:	5ee2      	ldrsh	r2, [r4, r3]
10000b6c:	2a00      	cmp	r2, #0
10000b6e:	daec      	bge.n	10000b4a <alarm_pool_irq_handler+0x162>
10000b70:	0023      	movs	r3, r4
10000b72:	4664      	mov	r4, ip
10000b74:	469c      	mov	ip, r3
10000b76:	4653      	mov	r3, sl
10000b78:	801a      	strh	r2, [r3, #0]
10000b7a:	4663      	mov	r3, ip
10000b7c:	9d05      	ldr	r5, [sp, #20]
10000b7e:	801d      	strh	r5, [r3, #0]
10000b80:	88a3      	ldrh	r3, [r4, #4]
10000b82:	b21b      	sxth	r3, r3
10000b84:	2b00      	cmp	r3, #0
10000b86:	da00      	bge.n	10000b8a <alarm_pool_irq_handler+0x1a2>
10000b88:	e751      	b.n	10000a2e <alarm_pool_irq_handler+0x46>
10000b8a:	6922      	ldr	r2, [r4, #16]
10000b8c:	f3ef 8110 	mrs	r1, PRIMASK
10000b90:	b672      	cpsid	i
10000b92:	6813      	ldr	r3, [r2, #0]
10000b94:	2b00      	cmp	r3, #0
10000b96:	d0fc      	beq.n	10000b92 <alarm_pool_irq_handler+0x1aa>
10000b98:	f3bf 8f5f 	dmb	sy
10000b9c:	2301      	movs	r3, #1
10000b9e:	88a7      	ldrh	r7, [r4, #4]
10000ba0:	425b      	negs	r3, r3
10000ba2:	80a3      	strh	r3, [r4, #4]
10000ba4:	b23f      	sxth	r7, r7
10000ba6:	6923      	ldr	r3, [r4, #16]
10000ba8:	f3bf 8f5f 	dmb	sy
10000bac:	2200      	movs	r2, #0
10000bae:	601a      	str	r2, [r3, #0]
10000bb0:	f381 8810 	msr	PRIMASK, r1
10000bb4:	2f00      	cmp	r7, #0
10000bb6:	da00      	bge.n	10000bba <alarm_pool_irq_handler+0x1d2>
10000bb8:	e739      	b.n	10000a2e <alarm_pool_irq_handler+0x46>
10000bba:	0023      	movs	r3, r4
10000bbc:	3308      	adds	r3, #8
10000bbe:	0022      	movs	r2, r4
10000bc0:	469a      	mov	sl, r3
10000bc2:	6966      	ldr	r6, [r4, #20]
10000bc4:	007b      	lsls	r3, r7, #1
10000bc6:	19db      	adds	r3, r3, r7
10000bc8:	00db      	lsls	r3, r3, #3
10000bca:	18f3      	adds	r3, r6, r3
10000bcc:	6899      	ldr	r1, [r3, #8]
10000bce:	4650      	mov	r0, sl
10000bd0:	468c      	mov	ip, r1
10000bd2:	2408      	movs	r4, #8
10000bd4:	5f11      	ldrsh	r1, [r2, r4]
10000bd6:	68dd      	ldr	r5, [r3, #12]
10000bd8:	2900      	cmp	r1, #0
10000bda:	db10      	blt.n	10000bfe <alarm_pool_irq_handler+0x216>
10000bdc:	9302      	str	r3, [sp, #8]
10000bde:	e006      	b.n	10000bee <alarm_pool_irq_handler+0x206>
10000be0:	42ab      	cmp	r3, r5
10000be2:	d044      	beq.n	10000c6e <alarm_pool_irq_handler+0x286>
10000be4:	2300      	movs	r3, #0
10000be6:	5ee1      	ldrsh	r1, [r4, r3]
10000be8:	0020      	movs	r0, r4
10000bea:	2900      	cmp	r1, #0
10000bec:	db06      	blt.n	10000bfc <alarm_pool_irq_handler+0x214>
10000bee:	004c      	lsls	r4, r1, #1
10000bf0:	1864      	adds	r4, r4, r1
10000bf2:	00e4      	lsls	r4, r4, #3
10000bf4:	1934      	adds	r4, r6, r4
10000bf6:	68e3      	ldr	r3, [r4, #12]
10000bf8:	42ab      	cmp	r3, r5
10000bfa:	ddf1      	ble.n	10000be0 <alarm_pool_irq_handler+0x1f8>
10000bfc:	9b02      	ldr	r3, [sp, #8]
10000bfe:	8007      	strh	r7, [r0, #0]
10000c00:	2000      	movs	r0, #0
10000c02:	5e1f      	ldrsh	r7, [r3, r0]
10000c04:	8019      	strh	r1, [r3, #0]
10000c06:	2f00      	cmp	r7, #0
10000c08:	dadc      	bge.n	10000bc4 <alarm_pool_irq_handler+0x1dc>
10000c0a:	0014      	movs	r4, r2
10000c0c:	79a3      	ldrb	r3, [r4, #6]
10000c0e:	2b00      	cmp	r3, #0
10000c10:	d100      	bne.n	10000c14 <alarm_pool_irq_handler+0x22c>
10000c12:	e710      	b.n	10000a36 <alarm_pool_irq_handler+0x4e>
10000c14:	2300      	movs	r3, #0
10000c16:	71a3      	strb	r3, [r4, #6]
10000c18:	0026      	movs	r6, r4
10000c1a:	2308      	movs	r3, #8
10000c1c:	5ee1      	ldrsh	r1, [r4, r3]
10000c1e:	3608      	adds	r6, #8
10000c20:	1c4b      	adds	r3, r1, #1
10000c22:	d100      	bne.n	10000c26 <alarm_pool_irq_handler+0x23e>
10000c24:	e72c      	b.n	10000a80 <alarm_pool_irq_handler+0x98>
10000c26:	0008      	movs	r0, r1
10000c28:	46a2      	mov	sl, r4
10000c2a:	6965      	ldr	r5, [r4, #20]
10000c2c:	e002      	b.n	10000c34 <alarm_pool_irq_handler+0x24c>
10000c2e:	003e      	movs	r6, r7
10000c30:	1c4b      	adds	r3, r1, #1
10000c32:	d01a      	beq.n	10000c6a <alarm_pool_irq_handler+0x282>
10000c34:	004b      	lsls	r3, r1, #1
10000c36:	185b      	adds	r3, r3, r1
10000c38:	00db      	lsls	r3, r3, #3
10000c3a:	18ef      	adds	r7, r5, r3
10000c3c:	000a      	movs	r2, r1
10000c3e:	468c      	mov	ip, r1
10000c40:	5ee9      	ldrsh	r1, [r5, r3]
10000c42:	887b      	ldrh	r3, [r7, #2]
10000c44:	b21b      	sxth	r3, r3
10000c46:	2b00      	cmp	r3, #0
10000c48:	daf1      	bge.n	10000c2e <alarm_pool_irq_handler+0x246>
10000c4a:	2301      	movs	r3, #1
10000c4c:	425b      	negs	r3, r3
10000c4e:	17dc      	asrs	r4, r3, #31
10000c50:	60bb      	str	r3, [r7, #8]
10000c52:	60fc      	str	r4, [r7, #12]
10000c54:	4282      	cmp	r2, r0
10000c56:	d005      	beq.n	10000c64 <alarm_pool_irq_handler+0x27c>
10000c58:	4653      	mov	r3, sl
10000c5a:	8031      	strh	r1, [r6, #0]
10000c5c:	891b      	ldrh	r3, [r3, #8]
10000c5e:	803b      	strh	r3, [r7, #0]
10000c60:	4653      	mov	r3, sl
10000c62:	811a      	strh	r2, [r3, #8]
10000c64:	4660      	mov	r0, ip
10000c66:	1c4b      	adds	r3, r1, #1
10000c68:	d1e4      	bne.n	10000c34 <alarm_pool_irq_handler+0x24c>
10000c6a:	4654      	mov	r4, sl
10000c6c:	e6e5      	b.n	10000a3a <alarm_pool_irq_handler+0x52>
10000c6e:	68a3      	ldr	r3, [r4, #8]
10000c70:	4563      	cmp	r3, ip
10000c72:	d9b7      	bls.n	10000be4 <alarm_pool_irq_handler+0x1fc>
10000c74:	e7c2      	b.n	10000bfc <alarm_pool_irq_handler+0x214>
10000c76:	1c6b      	adds	r3, r5, #1
10000c78:	d000      	beq.n	10000c7c <alarm_pool_irq_handler+0x294>
10000c7a:	e6ea      	b.n	10000a52 <alarm_pool_irq_handler+0x6a>
10000c7c:	e6f8      	b.n	10000a70 <alarm_pool_irq_handler+0x88>
10000c7e:	465b      	mov	r3, fp
10000c80:	4658      	mov	r0, fp
10000c82:	691b      	ldr	r3, [r3, #16]
10000c84:	4798      	blx	r3
10000c86:	2800      	cmp	r0, #0
10000c88:	d11b      	bne.n	10000cc2 <alarm_pool_irq_handler+0x2da>
10000c8a:	4653      	mov	r3, sl
10000c8c:	881b      	ldrh	r3, [r3, #0]
10000c8e:	6922      	ldr	r2, [r4, #16]
10000c90:	8123      	strh	r3, [r4, #8]
10000c92:	f3ef 8310 	mrs	r3, PRIMASK
10000c96:	b672      	cpsid	i
10000c98:	6811      	ldr	r1, [r2, #0]
10000c9a:	2900      	cmp	r1, #0
10000c9c:	d0fc      	beq.n	10000c98 <alarm_pool_irq_handler+0x2b0>
10000c9e:	f3bf 8f5f 	dmb	sy
10000ca2:	4651      	mov	r1, sl
10000ca4:	8862      	ldrh	r2, [r4, #2]
10000ca6:	800a      	strh	r2, [r1, #0]
10000ca8:	6922      	ldr	r2, [r4, #16]
10000caa:	8065      	strh	r5, [r4, #2]
10000cac:	f3bf 8f5f 	dmb	sy
10000cb0:	2100      	movs	r1, #0
10000cb2:	6011      	str	r1, [r2, #0]
10000cb4:	f383 8810 	msr	PRIMASK, r3
10000cb8:	e6b4      	b.n	10000a24 <alarm_pool_irq_handler+0x3c>
10000cba:	4286      	cmp	r6, r0
10000cbc:	d800      	bhi.n	10000cc0 <alarm_pool_irq_handler+0x2d8>
10000cbe:	e6f8      	b.n	10000ab2 <alarm_pool_irq_handler+0xca>
10000cc0:	e6b0      	b.n	10000a24 <alarm_pool_irq_handler+0x3c>
10000cc2:	465b      	mov	r3, fp
10000cc4:	681a      	ldr	r2, [r3, #0]
10000cc6:	685b      	ldr	r3, [r3, #4]
10000cc8:	9200      	str	r2, [sp, #0]
10000cca:	9301      	str	r3, [sp, #4]
10000ccc:	e707      	b.n	10000ade <alarm_pool_irq_handler+0xf6>
10000cce:	45b3      	cmp	fp, r6
10000cd0:	d800      	bhi.n	10000cd4 <alarm_pool_irq_handler+0x2ec>
10000cd2:	e748      	b.n	10000b66 <alarm_pool_irq_handler+0x17e>
10000cd4:	e74c      	b.n	10000b70 <alarm_pool_irq_handler+0x188>
10000cd6:	46c0      	nop			@ (mov r8, r8)
10000cd8:	20002750 	.word	0x20002750
10000cdc:	4005703c 	.word	0x4005703c
10000ce0:	100009e9 	.word	0x100009e9
10000ce4:	40054000 	.word	0x40054000

10000ce8 <runtime_init_default_alarm_pool>:
10000ce8:	b570      	push	{r4, r5, r6, lr}
10000cea:	4c2e      	ldr	r4, [pc, #184]	@ (10000da4 <runtime_init_default_alarm_pool+0xbc>)
10000cec:	6925      	ldr	r5, [r4, #16]
10000cee:	2d00      	cmp	r5, #0
10000cf0:	d004      	beq.n	10000cfc <runtime_init_default_alarm_pool+0x14>
10000cf2:	210a      	movs	r1, #10
10000cf4:	482c      	ldr	r0, [pc, #176]	@ (10000da8 <runtime_init_default_alarm_pool+0xc0>)
10000cf6:	f7ff fe09 	bl	1000090c <lock_init>
10000cfa:	bd70      	pop	{r4, r5, r6, pc}
10000cfc:	4e2b      	ldr	r6, [pc, #172]	@ (10000dac <runtime_init_default_alarm_pool+0xc4>)
10000cfe:	2103      	movs	r1, #3
10000d00:	0030      	movs	r0, r6
10000d02:	f000 fa63 	bl	100011cc <timer_hardware_alarm_claim>
10000d06:	60e6      	str	r6, [r4, #12]
10000d08:	f7ff fbf6 	bl	100004f8 <next_striped_spin_lock_num>
10000d0c:	4b28      	ldr	r3, [pc, #160]	@ (10000db0 <runtime_init_default_alarm_pool+0xc8>)
10000d0e:	2203      	movs	r2, #3
10000d10:	469c      	mov	ip, r3
10000d12:	23d0      	movs	r3, #208	@ 0xd0
10000d14:	7022      	strb	r2, [r4, #0]
10000d16:	061b      	lsls	r3, r3, #24
10000d18:	681b      	ldr	r3, [r3, #0]
10000d1a:	2101      	movs	r1, #1
10000d1c:	7063      	strb	r3, [r4, #1]
10000d1e:	4b25      	ldr	r3, [pc, #148]	@ (10000db4 <runtime_init_default_alarm_pool+0xcc>)
10000d20:	4460      	add	r0, ip
10000d22:	60a3      	str	r3, [r4, #8]
10000d24:	230f      	movs	r3, #15
10000d26:	0080      	lsls	r0, r0, #2
10000d28:	6120      	str	r0, [r4, #16]
10000d2a:	2002      	movs	r0, #2
10000d2c:	8063      	strh	r3, [r4, #2]
10000d2e:	6963      	ldr	r3, [r4, #20]
10000d30:	4249      	negs	r1, r1
10000d32:	80a1      	strh	r1, [r4, #4]
10000d34:	8019      	strh	r1, [r3, #0]
10000d36:	3102      	adds	r1, #2
10000d38:	8619      	strh	r1, [r3, #48]	@ 0x30
10000d3a:	3147      	adds	r1, #71	@ 0x47
10000d3c:	831d      	strh	r5, [r3, #24]
10000d3e:	5258      	strh	r0, [r3, r1]
10000d40:	3118      	adds	r1, #24
10000d42:	525a      	strh	r2, [r3, r1]
10000d44:	3275      	adds	r2, #117	@ 0x75
10000d46:	395c      	subs	r1, #92	@ 0x5c
10000d48:	5299      	strh	r1, [r3, r2]
10000d4a:	3218      	adds	r2, #24
10000d4c:	3101      	adds	r1, #1
10000d4e:	5299      	strh	r1, [r3, r2]
10000d50:	3218      	adds	r2, #24
10000d52:	3101      	adds	r1, #1
10000d54:	5299      	strh	r1, [r3, r2]
10000d56:	3218      	adds	r2, #24
10000d58:	3101      	adds	r1, #1
10000d5a:	5299      	strh	r1, [r3, r2]
10000d5c:	3508      	adds	r5, #8
10000d5e:	3218      	adds	r2, #24
10000d60:	529d      	strh	r5, [r3, r2]
10000d62:	3102      	adds	r1, #2
10000d64:	3218      	adds	r2, #24
10000d66:	5299      	strh	r1, [r3, r2]
10000d68:	3218      	adds	r2, #24
10000d6a:	3101      	adds	r1, #1
10000d6c:	5299      	strh	r1, [r3, r2]
10000d6e:	3218      	adds	r2, #24
10000d70:	3101      	adds	r1, #1
10000d72:	5299      	strh	r1, [r3, r2]
10000d74:	3218      	adds	r2, #24
10000d76:	3101      	adds	r1, #1
10000d78:	5299      	strh	r1, [r3, r2]
10000d7a:	3218      	adds	r2, #24
10000d7c:	3101      	adds	r1, #1
10000d7e:	5299      	strh	r1, [r3, r2]
10000d80:	3218      	adds	r2, #24
10000d82:	3101      	adds	r1, #1
10000d84:	5299      	strh	r1, [r3, r2]
10000d86:	4b0c      	ldr	r3, [pc, #48]	@ (10000db8 <runtime_init_default_alarm_pool+0xd0>)
10000d88:	490c      	ldr	r1, [pc, #48]	@ (10000dbc <runtime_init_default_alarm_pool+0xd4>)
10000d8a:	60dc      	str	r4, [r3, #12]
10000d8c:	3001      	adds	r0, #1
10000d8e:	6235      	str	r5, [r6, #32]
10000d90:	f7ff fc28 	bl	100005e4 <irq_set_exclusive_handler>
10000d94:	2101      	movs	r1, #1
10000d96:	2003      	movs	r0, #3
10000d98:	f7ff fbec 	bl	10000574 <irq_set_enabled>
10000d9c:	4b08      	ldr	r3, [pc, #32]	@ (10000dc0 <runtime_init_default_alarm_pool+0xd8>)
10000d9e:	601d      	str	r5, [r3, #0]
10000da0:	e7a7      	b.n	10000cf2 <runtime_init_default_alarm_pool+0xa>
10000da2:	46c0      	nop			@ (mov r8, r8)
10000da4:	20001124 	.word	0x20001124
10000da8:	2000276c 	.word	0x2000276c
10000dac:	40054000 	.word	0x40054000
10000db0:	34000040 	.word	0x34000040
10000db4:	0010ffff 	.word	0x0010ffff
10000db8:	20002750 	.word	0x20002750
10000dbc:	100009e9 	.word	0x100009e9
10000dc0:	40056038 	.word	0x40056038

10000dc4 <alarm_pool_get_default>:
10000dc4:	4800      	ldr	r0, [pc, #0]	@ (10000dc8 <alarm_pool_get_default+0x4>)
10000dc6:	4770      	bx	lr
10000dc8:	20001124 	.word	0x20001124

10000dcc <alarm_pool_add_alarm_at>:
10000dcc:	b5f8      	push	{r3, r4, r5, r6, r7, lr}
10000dce:	001f      	movs	r7, r3
10000dd0:	ab08      	add	r3, sp, #32
10000dd2:	781b      	ldrb	r3, [r3, #0]
10000dd4:	0004      	movs	r4, r0
10000dd6:	0016      	movs	r6, r2
10000dd8:	2b00      	cmp	r3, #0
10000dda:	d108      	bne.n	10000dee <alarm_pool_add_alarm_at+0x22>
10000ddc:	f000 fa08 	bl	100011f0 <time_us_64>
10000de0:	0032      	movs	r2, r6
10000de2:	003b      	movs	r3, r7
10000de4:	1a12      	subs	r2, r2, r0
10000de6:	418b      	sbcs	r3, r1
10000de8:	2b00      	cmp	r3, #0
10000dea:	da00      	bge.n	10000dee <alarm_pool_add_alarm_at+0x22>
10000dec:	e052      	b.n	10000e94 <alarm_pool_add_alarm_at+0xc8>
10000dee:	6922      	ldr	r2, [r4, #16]
10000df0:	f3ef 8010 	mrs	r0, PRIMASK
10000df4:	b672      	cpsid	i
10000df6:	6813      	ldr	r3, [r2, #0]
10000df8:	2b00      	cmp	r3, #0
10000dfa:	d0fc      	beq.n	10000df6 <alarm_pool_add_alarm_at+0x2a>
10000dfc:	f3bf 8f5f 	dmb	sy
10000e00:	2302      	movs	r3, #2
10000e02:	5ee1      	ldrsh	r1, [r4, r3]
10000e04:	6963      	ldr	r3, [r4, #20]
10000e06:	004a      	lsls	r2, r1, #1
10000e08:	1852      	adds	r2, r2, r1
10000e0a:	00d2      	lsls	r2, r2, #3
10000e0c:	189b      	adds	r3, r3, r2
10000e0e:	6922      	ldr	r2, [r4, #16]
10000e10:	2900      	cmp	r1, #0
10000e12:	db36      	blt.n	10000e82 <alarm_pool_add_alarm_at+0xb6>
10000e14:	881d      	ldrh	r5, [r3, #0]
10000e16:	8065      	strh	r5, [r4, #2]
10000e18:	f3bf 8f5f 	dmb	sy
10000e1c:	2500      	movs	r5, #0
10000e1e:	6015      	str	r5, [r2, #0]
10000e20:	f380 8810 	msr	PRIMASK, r0
10000e24:	9a06      	ldr	r2, [sp, #24]
10000e26:	609e      	str	r6, [r3, #8]
10000e28:	60df      	str	r7, [r3, #12]
10000e2a:	611a      	str	r2, [r3, #16]
10000e2c:	9a07      	ldr	r2, [sp, #28]
10000e2e:	615a      	str	r2, [r3, #20]
10000e30:	885a      	ldrh	r2, [r3, #2]
10000e32:	3201      	adds	r2, #1
10000e34:	0452      	lsls	r2, r2, #17
10000e36:	0c52      	lsrs	r2, r2, #17
10000e38:	1c10      	adds	r0, r2, #0
10000e3a:	2a00      	cmp	r2, #0
10000e3c:	d01f      	beq.n	10000e7e <alarm_pool_add_alarm_at+0xb2>
10000e3e:	b282      	uxth	r2, r0
10000e40:	8058      	strh	r0, [r3, #2]
10000e42:	0408      	lsls	r0, r1, #16
10000e44:	4310      	orrs	r0, r2
10000e46:	6926      	ldr	r6, [r4, #16]
10000e48:	f3ef 8710 	mrs	r7, PRIMASK
10000e4c:	b672      	cpsid	i
10000e4e:	6832      	ldr	r2, [r6, #0]
10000e50:	2a00      	cmp	r2, #0
10000e52:	d0fc      	beq.n	10000e4e <alarm_pool_add_alarm_at+0x82>
10000e54:	f3bf 8f5f 	dmb	sy
10000e58:	88a2      	ldrh	r2, [r4, #4]
10000e5a:	801a      	strh	r2, [r3, #0]
10000e5c:	80a1      	strh	r1, [r4, #4]
10000e5e:	6923      	ldr	r3, [r4, #16]
10000e60:	f3bf 8f5f 	dmb	sy
10000e64:	2200      	movs	r2, #0
10000e66:	601a      	str	r2, [r3, #0]
10000e68:	f387 8810 	msr	PRIMASK, r7
10000e6c:	490a      	ldr	r1, [pc, #40]	@ (10000e98 <alarm_pool_add_alarm_at+0xcc>)
10000e6e:	7823      	ldrb	r3, [r4, #0]
10000e70:	468c      	mov	ip, r1
10000e72:	3201      	adds	r2, #1
10000e74:	409a      	lsls	r2, r3
10000e76:	68e3      	ldr	r3, [r4, #12]
10000e78:	4463      	add	r3, ip
10000e7a:	601a      	str	r2, [r3, #0]
10000e7c:	bdf8      	pop	{r3, r4, r5, r6, r7, pc}
10000e7e:	2001      	movs	r0, #1
10000e80:	e7dd      	b.n	10000e3e <alarm_pool_add_alarm_at+0x72>
10000e82:	f3bf 8f5f 	dmb	sy
10000e86:	2300      	movs	r3, #0
10000e88:	6013      	str	r3, [r2, #0]
10000e8a:	f380 8810 	msr	PRIMASK, r0
10000e8e:	2001      	movs	r0, #1
10000e90:	4240      	negs	r0, r0
10000e92:	e7f3      	b.n	10000e7c <alarm_pool_add_alarm_at+0xb0>
10000e94:	2000      	movs	r0, #0
10000e96:	e7f1      	b.n	10000e7c <alarm_pool_add_alarm_at+0xb0>
10000e98:	0000203c 	.word	0x0000203c

10000e9c <alarm_pool_add_alarm_at_force_in_context>:
10000e9c:	b570      	push	{r4, r5, r6, lr}
10000e9e:	0001      	movs	r1, r0
10000ea0:	6904      	ldr	r4, [r0, #16]
10000ea2:	f3ef 8c10 	mrs	ip, PRIMASK
10000ea6:	b672      	cpsid	i
10000ea8:	6820      	ldr	r0, [r4, #0]
10000eaa:	2800      	cmp	r0, #0
10000eac:	d0fc      	beq.n	10000ea8 <alarm_pool_add_alarm_at_force_in_context+0xc>
10000eae:	f3bf 8f5f 	dmb	sy
10000eb2:	2002      	movs	r0, #2
10000eb4:	5e0d      	ldrsh	r5, [r1, r0]
10000eb6:	694c      	ldr	r4, [r1, #20]
10000eb8:	0068      	lsls	r0, r5, #1
10000eba:	1940      	adds	r0, r0, r5
10000ebc:	00c0      	lsls	r0, r0, #3
10000ebe:	1824      	adds	r4, r4, r0
10000ec0:	6908      	ldr	r0, [r1, #16]
10000ec2:	2d00      	cmp	r5, #0
10000ec4:	db36      	blt.n	10000f34 <alarm_pool_add_alarm_at_force_in_context+0x98>
10000ec6:	8826      	ldrh	r6, [r4, #0]
10000ec8:	804e      	strh	r6, [r1, #2]
10000eca:	f3bf 8f5f 	dmb	sy
10000ece:	2600      	movs	r6, #0
10000ed0:	6006      	str	r6, [r0, #0]
10000ed2:	f38c 8810 	msr	PRIMASK, ip
10000ed6:	60e3      	str	r3, [r4, #12]
10000ed8:	8863      	ldrh	r3, [r4, #2]
10000eda:	9804      	ldr	r0, [sp, #16]
10000edc:	3301      	adds	r3, #1
10000ede:	6120      	str	r0, [r4, #16]
10000ee0:	045b      	lsls	r3, r3, #17
10000ee2:	9805      	ldr	r0, [sp, #20]
10000ee4:	0c5b      	lsrs	r3, r3, #17
10000ee6:	60a2      	str	r2, [r4, #8]
10000ee8:	6160      	str	r0, [r4, #20]
10000eea:	1c1a      	adds	r2, r3, #0
10000eec:	2b00      	cmp	r3, #0
10000eee:	d01f      	beq.n	10000f30 <alarm_pool_add_alarm_at_force_in_context+0x94>
10000ef0:	b293      	uxth	r3, r2
10000ef2:	0428      	lsls	r0, r5, #16
10000ef4:	8062      	strh	r2, [r4, #2]
10000ef6:	4318      	orrs	r0, r3
10000ef8:	690a      	ldr	r2, [r1, #16]
10000efa:	f3ef 8c10 	mrs	ip, PRIMASK
10000efe:	b672      	cpsid	i
10000f00:	6813      	ldr	r3, [r2, #0]
10000f02:	2b00      	cmp	r3, #0
10000f04:	d0fc      	beq.n	10000f00 <alarm_pool_add_alarm_at_force_in_context+0x64>
10000f06:	f3bf 8f5f 	dmb	sy
10000f0a:	888b      	ldrh	r3, [r1, #4]
10000f0c:	8023      	strh	r3, [r4, #0]
10000f0e:	808d      	strh	r5, [r1, #4]
10000f10:	690b      	ldr	r3, [r1, #16]
10000f12:	f3bf 8f5f 	dmb	sy
10000f16:	2200      	movs	r2, #0
10000f18:	601a      	str	r2, [r3, #0]
10000f1a:	f38c 8810 	msr	PRIMASK, ip
10000f1e:	780b      	ldrb	r3, [r1, #0]
10000f20:	3201      	adds	r2, #1
10000f22:	409a      	lsls	r2, r3
10000f24:	68cb      	ldr	r3, [r1, #12]
10000f26:	4908      	ldr	r1, [pc, #32]	@ (10000f48 <alarm_pool_add_alarm_at_force_in_context+0xac>)
10000f28:	468c      	mov	ip, r1
10000f2a:	4463      	add	r3, ip
10000f2c:	601a      	str	r2, [r3, #0]
10000f2e:	bd70      	pop	{r4, r5, r6, pc}
10000f30:	2201      	movs	r2, #1
10000f32:	e7dd      	b.n	10000ef0 <alarm_pool_add_alarm_at_force_in_context+0x54>
10000f34:	f3bf 8f5f 	dmb	sy
10000f38:	2300      	movs	r3, #0
10000f3a:	6003      	str	r3, [r0, #0]
10000f3c:	f38c 8810 	msr	PRIMASK, ip
10000f40:	2001      	movs	r0, #1
10000f42:	4240      	negs	r0, r0
10000f44:	e7f3      	b.n	10000f2e <alarm_pool_add_alarm_at_force_in_context+0x92>
10000f46:	46c0      	nop			@ (mov r8, r8)
10000f48:	0000203c 	.word	0x0000203c

10000f4c <alarm_pool_cancel_alarm>:
10000f4c:	b510      	push	{r4, lr}
10000f4e:	8943      	ldrh	r3, [r0, #10]
10000f50:	140a      	asrs	r2, r1, #16
10000f52:	4293      	cmp	r3, r2
10000f54:	dd1a      	ble.n	10000f8c <alarm_pool_cancel_alarm+0x40>
10000f56:	0053      	lsls	r3, r2, #1
10000f58:	189b      	adds	r3, r3, r2
10000f5a:	6942      	ldr	r2, [r0, #20]
10000f5c:	00db      	lsls	r3, r3, #3
10000f5e:	18d3      	adds	r3, r2, r3
10000f60:	6904      	ldr	r4, [r0, #16]
10000f62:	f3ef 8c10 	mrs	ip, PRIMASK
10000f66:	b672      	cpsid	i
10000f68:	6822      	ldr	r2, [r4, #0]
10000f6a:	2a00      	cmp	r2, #0
10000f6c:	d0fc      	beq.n	10000f68 <alarm_pool_cancel_alarm+0x1c>
10000f6e:	f3bf 8f5f 	dmb	sy
10000f72:	885a      	ldrh	r2, [r3, #2]
10000f74:	0409      	lsls	r1, r1, #16
10000f76:	b294      	uxth	r4, r2
10000f78:	0c09      	lsrs	r1, r1, #16
10000f7a:	428a      	cmp	r2, r1
10000f7c:	d008      	beq.n	10000f90 <alarm_pool_cancel_alarm+0x44>
10000f7e:	6903      	ldr	r3, [r0, #16]
10000f80:	f3bf 8f5f 	dmb	sy
10000f84:	2200      	movs	r2, #0
10000f86:	601a      	str	r2, [r3, #0]
10000f88:	f38c 8810 	msr	PRIMASK, ip
10000f8c:	2000      	movs	r0, #0
10000f8e:	bd10      	pop	{r4, pc}
10000f90:	2280      	movs	r2, #128	@ 0x80
10000f92:	0212      	lsls	r2, r2, #8
10000f94:	4314      	orrs	r4, r2
10000f96:	805c      	strh	r4, [r3, #2]
10000f98:	2301      	movs	r3, #1
10000f9a:	6902      	ldr	r2, [r0, #16]
10000f9c:	7183      	strb	r3, [r0, #6]
10000f9e:	f3bf 8f5f 	dmb	sy
10000fa2:	2100      	movs	r1, #0
10000fa4:	6011      	str	r1, [r2, #0]
10000fa6:	f38c 8810 	msr	PRIMASK, ip
10000faa:	4904      	ldr	r1, [pc, #16]	@ (10000fbc <alarm_pool_cancel_alarm+0x70>)
10000fac:	7802      	ldrb	r2, [r0, #0]
10000fae:	468c      	mov	ip, r1
10000fb0:	4093      	lsls	r3, r2
10000fb2:	68c2      	ldr	r2, [r0, #12]
10000fb4:	2001      	movs	r0, #1
10000fb6:	4462      	add	r2, ip
10000fb8:	6013      	str	r3, [r2, #0]
10000fba:	e7e8      	b.n	10000f8e <alarm_pool_cancel_alarm+0x42>
10000fbc:	0000203c 	.word	0x0000203c

10000fc0 <alarm_pool_core_num>:
10000fc0:	7840      	ldrb	r0, [r0, #1]
10000fc2:	4770      	bx	lr

10000fc4 <sleep_ms>:
10000fc4:	b5f0      	push	{r4, r5, r6, r7, lr}
10000fc6:	46c6      	mov	lr, r8
10000fc8:	b500      	push	{lr}
10000fca:	b082      	sub	sp, #8
10000fcc:	0004      	movs	r4, r0
10000fce:	f000 f90f 	bl	100011f0 <time_us_64>
10000fd2:	22fa      	movs	r2, #250	@ 0xfa
10000fd4:	0006      	movs	r6, r0
10000fd6:	000f      	movs	r7, r1
10000fd8:	0020      	movs	r0, r4
10000fda:	2300      	movs	r3, #0
10000fdc:	2100      	movs	r1, #0
10000fde:	0092      	lsls	r2, r2, #2
10000fe0:	f001 fbba 	bl	10002758 <__wrap___aeabi_lmul>
10000fe4:	1980      	adds	r0, r0, r6
10000fe6:	4179      	adcs	r1, r7
10000fe8:	0004      	movs	r4, r0
10000fea:	1e0d      	subs	r5, r1, #0
10000fec:	da02      	bge.n	10000ff4 <sleep_ms+0x30>
10000fee:	2401      	movs	r4, #1
10000ff0:	4d2e      	ldr	r5, [pc, #184]	@ (100010ac <sleep_ms+0xe8>)
10000ff2:	4264      	negs	r4, r4
10000ff4:	2606      	movs	r6, #6
10000ff6:	4276      	negs	r6, r6
10000ff8:	17f7      	asrs	r7, r6, #31
10000ffa:	1936      	adds	r6, r6, r4
10000ffc:	416f      	adcs	r7, r5
10000ffe:	42af      	cmp	r7, r5
10001000:	d814      	bhi.n	1000102c <sleep_ms+0x68>
10001002:	d011      	beq.n	10001028 <sleep_ms+0x64>
10001004:	f000 f8f4 	bl	100011f0 <time_us_64>
10001008:	0032      	movs	r2, r6
1000100a:	003b      	movs	r3, r7
1000100c:	1a12      	subs	r2, r2, r0
1000100e:	418b      	sbcs	r3, r1
10001010:	2b00      	cmp	r3, #0
10001012:	dc15      	bgt.n	10001040 <sleep_ms+0x7c>
10001014:	2b00      	cmp	r3, #0
10001016:	d046      	beq.n	100010a6 <sleep_ms+0xe2>
10001018:	0020      	movs	r0, r4
1000101a:	0029      	movs	r1, r5
1000101c:	f000 f926 	bl	1000126c <busy_wait_until>
10001020:	b002      	add	sp, #8
10001022:	bc80      	pop	{r7}
10001024:	46b8      	mov	r8, r7
10001026:	bdf0      	pop	{r4, r5, r6, r7, pc}
10001028:	42a6      	cmp	r6, r4
1000102a:	d9eb      	bls.n	10001004 <sleep_ms+0x40>
1000102c:	2600      	movs	r6, #0
1000102e:	2700      	movs	r7, #0
10001030:	f000 f8de 	bl	100011f0 <time_us_64>
10001034:	0032      	movs	r2, r6
10001036:	003b      	movs	r3, r7
10001038:	1a12      	subs	r2, r2, r0
1000103a:	418b      	sbcs	r3, r1
1000103c:	2b00      	cmp	r3, #0
1000103e:	dde9      	ble.n	10001014 <sleep_ms+0x50>
10001040:	f000 f8d6 	bl	100011f0 <time_us_64>
10001044:	0032      	movs	r2, r6
10001046:	003b      	movs	r3, r7
10001048:	1a12      	subs	r2, r2, r0
1000104a:	418b      	sbcs	r3, r1
1000104c:	2b00      	cmp	r3, #0
1000104e:	db0a      	blt.n	10001066 <sleep_ms+0xa2>
10001050:	2300      	movs	r3, #0
10001052:	9301      	str	r3, [sp, #4]
10001054:	4b16      	ldr	r3, [pc, #88]	@ (100010b0 <sleep_ms+0xec>)
10001056:	0032      	movs	r2, r6
10001058:	9300      	str	r3, [sp, #0]
1000105a:	4816      	ldr	r0, [pc, #88]	@ (100010b4 <sleep_ms+0xf0>)
1000105c:	003b      	movs	r3, r7
1000105e:	f7ff ff1d 	bl	10000e9c <alarm_pool_add_alarm_at_force_in_context>
10001062:	3001      	adds	r0, #1
10001064:	d0d8      	beq.n	10001018 <sleep_ms+0x54>
10001066:	2300      	movs	r3, #0
10001068:	0039      	movs	r1, r7
1000106a:	46b0      	mov	r8, r6
1000106c:	469c      	mov	ip, r3
1000106e:	4a12      	ldr	r2, [pc, #72]	@ (100010b8 <sleep_ms+0xf4>)
10001070:	4812      	ldr	r0, [pc, #72]	@ (100010bc <sleep_ms+0xf8>)
10001072:	6a53      	ldr	r3, [r2, #36]	@ 0x24
10001074:	4299      	cmp	r1, r3
10001076:	d804      	bhi.n	10001082 <sleep_ms+0xbe>
10001078:	6a96      	ldr	r6, [r2, #40]	@ 0x28
1000107a:	4546      	cmp	r6, r8
1000107c:	d2cc      	bcs.n	10001018 <sleep_ms+0x54>
1000107e:	4299      	cmp	r1, r3
10001080:	d1ca      	bne.n	10001018 <sleep_ms+0x54>
10001082:	6806      	ldr	r6, [r0, #0]
10001084:	f3ef 8710 	mrs	r7, PRIMASK
10001088:	b672      	cpsid	i
1000108a:	6833      	ldr	r3, [r6, #0]
1000108c:	2b00      	cmp	r3, #0
1000108e:	d0fc      	beq.n	1000108a <sleep_ms+0xc6>
10001090:	f3bf 8f5f 	dmb	sy
10001094:	6803      	ldr	r3, [r0, #0]
10001096:	f3bf 8f5f 	dmb	sy
1000109a:	4666      	mov	r6, ip
1000109c:	601e      	str	r6, [r3, #0]
1000109e:	f387 8810 	msr	PRIMASK, r7
100010a2:	bf20      	wfe
100010a4:	e7e5      	b.n	10001072 <sleep_ms+0xae>
100010a6:	2a00      	cmp	r2, #0
100010a8:	d0b6      	beq.n	10001018 <sleep_ms+0x54>
100010aa:	e7c9      	b.n	10001040 <sleep_ms+0x7c>
100010ac:	7fffffff 	.word	0x7fffffff
100010b0:	100009b9 	.word	0x100009b9
100010b4:	20001124 	.word	0x20001124
100010b8:	40054000 	.word	0x40054000
100010bc:	2000276c 	.word	0x2000276c

100010c0 <best_effort_wfe_or_timeout>:
100010c0:	b5f0      	push	{r4, r5, r6, r7, lr}
100010c2:	4657      	mov	r7, sl
100010c4:	464e      	mov	r6, r9
100010c6:	46de      	mov	lr, fp
100010c8:	4645      	mov	r5, r8
100010ca:	b5e0      	push	{r5, r6, r7, lr}
100010cc:	0006      	movs	r6, r0
100010ce:	000f      	movs	r7, r1
100010d0:	b085      	sub	sp, #20
100010d2:	f3ef 8305 	mrs	r3, IPSR
100010d6:	4699      	mov	r9, r3
100010d8:	468b      	mov	fp, r1
100010da:	2b00      	cmp	r3, #0
100010dc:	d012      	beq.n	10001104 <best_effort_wfe_or_timeout+0x44>
100010de:	4938      	ldr	r1, [pc, #224]	@ (100011c0 <best_effort_wfe_or_timeout+0x100>)
100010e0:	2000      	movs	r0, #0
100010e2:	6a4b      	ldr	r3, [r1, #36]	@ 0x24
100010e4:	42bb      	cmp	r3, r7
100010e6:	d306      	bcc.n	100010f6 <best_effort_wfe_or_timeout+0x36>
100010e8:	6a8a      	ldr	r2, [r1, #40]	@ 0x28
100010ea:	1bdb      	subs	r3, r3, r7
100010ec:	1e59      	subs	r1, r3, #1
100010ee:	418b      	sbcs	r3, r1
100010f0:	42b2      	cmp	r2, r6
100010f2:	4140      	adcs	r0, r0
100010f4:	4318      	orrs	r0, r3
100010f6:	b005      	add	sp, #20
100010f8:	bcf0      	pop	{r4, r5, r6, r7}
100010fa:	46bb      	mov	fp, r7
100010fc:	46b2      	mov	sl, r6
100010fe:	46a9      	mov	r9, r5
10001100:	46a0      	mov	r8, r4
10001102:	bdf0      	pop	{r4, r5, r6, r7, pc}
10001104:	4b2f      	ldr	r3, [pc, #188]	@ (100011c4 <best_effort_wfe_or_timeout+0x104>)
10001106:	469a      	mov	sl, r3
10001108:	68db      	ldr	r3, [r3, #12]
1000110a:	4698      	mov	r8, r3
1000110c:	4653      	mov	r3, sl
1000110e:	781b      	ldrb	r3, [r3, #0]
10001110:	4640      	mov	r0, r8
10001112:	9303      	str	r3, [sp, #12]
10001114:	f000 f864 	bl	100011e0 <timer_time_us_64>
10001118:	4642      	mov	r2, r8
1000111a:	9b03      	ldr	r3, [sp, #12]
1000111c:	0004      	movs	r4, r0
1000111e:	3304      	adds	r3, #4
10001120:	009b      	lsls	r3, r3, #2
10001122:	589b      	ldr	r3, [r3, r2]
10001124:	000d      	movs	r5, r1
10001126:	1a1b      	subs	r3, r3, r0
10001128:	0039      	movs	r1, r7
1000112a:	0030      	movs	r0, r6
1000112c:	1b00      	subs	r0, r0, r4
1000112e:	41a9      	sbcs	r1, r5
10001130:	4589      	cmp	r9, r1
10001132:	dc10      	bgt.n	10001156 <best_effort_wfe_or_timeout+0x96>
10001134:	d00d      	beq.n	10001152 <best_effort_wfe_or_timeout+0x92>
10001136:	bf20      	wfe
10001138:	4a21      	ldr	r2, [pc, #132]	@ (100011c0 <best_effort_wfe_or_timeout+0x100>)
1000113a:	2000      	movs	r0, #0
1000113c:	6a53      	ldr	r3, [r2, #36]	@ 0x24
1000113e:	455b      	cmp	r3, fp
10001140:	d3d9      	bcc.n	100010f6 <best_effort_wfe_or_timeout+0x36>
10001142:	6a92      	ldr	r2, [r2, #40]	@ 0x28
10001144:	1bdb      	subs	r3, r3, r7
10001146:	1e59      	subs	r1, r3, #1
10001148:	418b      	sbcs	r3, r1
1000114a:	42b2      	cmp	r2, r6
1000114c:	4140      	adcs	r0, r0
1000114e:	4318      	orrs	r0, r3
10001150:	e7d1      	b.n	100010f6 <best_effort_wfe_or_timeout+0x36>
10001152:	4283      	cmp	r3, r0
10001154:	d9ef      	bls.n	10001136 <best_effort_wfe_or_timeout+0x76>
10001156:	f000 f84b 	bl	100011f0 <time_us_64>
1000115a:	0032      	movs	r2, r6
1000115c:	003b      	movs	r3, r7
1000115e:	1a12      	subs	r2, r2, r0
10001160:	418b      	sbcs	r3, r1
10001162:	2b00      	cmp	r3, #0
10001164:	db1a      	blt.n	1000119c <best_effort_wfe_or_timeout+0xdc>
10001166:	2300      	movs	r3, #0
10001168:	9301      	str	r3, [sp, #4]
1000116a:	4b17      	ldr	r3, [pc, #92]	@ (100011c8 <best_effort_wfe_or_timeout+0x108>)
1000116c:	0032      	movs	r2, r6
1000116e:	9300      	str	r3, [sp, #0]
10001170:	4650      	mov	r0, sl
10001172:	003b      	movs	r3, r7
10001174:	f7ff fe92 	bl	10000e9c <alarm_pool_add_alarm_at_force_in_context>
10001178:	1e01      	subs	r1, r0, #0
1000117a:	dd0f      	ble.n	1000119c <best_effort_wfe_or_timeout+0xdc>
1000117c:	4b10      	ldr	r3, [pc, #64]	@ (100011c0 <best_effort_wfe_or_timeout+0x100>)
1000117e:	6a5a      	ldr	r2, [r3, #36]	@ 0x24
10001180:	455a      	cmp	r2, fp
10001182:	d31b      	bcc.n	100011bc <best_effort_wfe_or_timeout+0xfc>
10001184:	6a9b      	ldr	r3, [r3, #40]	@ 0x28
10001186:	42b3      	cmp	r3, r6
10001188:	d316      	bcc.n	100011b8 <best_effort_wfe_or_timeout+0xf8>
1000118a:	4650      	mov	r0, sl
1000118c:	f7ff fede 	bl	10000f4c <alarm_pool_cancel_alarm>
10001190:	4a0b      	ldr	r2, [pc, #44]	@ (100011c0 <best_effort_wfe_or_timeout+0x100>)
10001192:	2000      	movs	r0, #0
10001194:	6a53      	ldr	r3, [r2, #36]	@ 0x24
10001196:	455b      	cmp	r3, fp
10001198:	d3ad      	bcc.n	100010f6 <best_effort_wfe_or_timeout+0x36>
1000119a:	e7d2      	b.n	10001142 <best_effort_wfe_or_timeout+0x82>
1000119c:	4a08      	ldr	r2, [pc, #32]	@ (100011c0 <best_effort_wfe_or_timeout+0x100>)
1000119e:	2000      	movs	r0, #0
100011a0:	6a53      	ldr	r3, [r2, #36]	@ 0x24
100011a2:	455b      	cmp	r3, fp
100011a4:	d3a7      	bcc.n	100010f6 <best_effort_wfe_or_timeout+0x36>
100011a6:	2000      	movs	r0, #0
100011a8:	6a92      	ldr	r2, [r2, #40]	@ 0x28
100011aa:	1bdb      	subs	r3, r3, r7
100011ac:	42b2      	cmp	r2, r6
100011ae:	4140      	adcs	r0, r0
100011b0:	1e5a      	subs	r2, r3, #1
100011b2:	4193      	sbcs	r3, r2
100011b4:	4318      	orrs	r0, r3
100011b6:	e79e      	b.n	100010f6 <best_effort_wfe_or_timeout+0x36>
100011b8:	455a      	cmp	r2, fp
100011ba:	d1e6      	bne.n	1000118a <best_effort_wfe_or_timeout+0xca>
100011bc:	bf20      	wfe
100011be:	e7e4      	b.n	1000118a <best_effort_wfe_or_timeout+0xca>
100011c0:	40054000 	.word	0x40054000
100011c4:	20001124 	.word	0x20001124
100011c8:	100009b9 	.word	0x100009b9

100011cc <timer_hardware_alarm_claim>:
100011cc:	b510      	push	{r4, lr}
100011ce:	4a02      	ldr	r2, [pc, #8]	@ (100011d8 <timer_hardware_alarm_claim+0xc>)
100011d0:	4802      	ldr	r0, [pc, #8]	@ (100011dc <timer_hardware_alarm_claim+0x10>)
100011d2:	f7ff f92b 	bl	1000042c <hw_claim_or_assert>
100011d6:	bd10      	pop	{r4, pc}
100011d8:	10008854 	.word	0x10008854
100011dc:	200022bc 	.word	0x200022bc

100011e0 <timer_time_us_64>:
100011e0:	0003      	movs	r3, r0
100011e2:	6a41      	ldr	r1, [r0, #36]	@ 0x24
100011e4:	000a      	movs	r2, r1
100011e6:	6a98      	ldr	r0, [r3, #40]	@ 0x28
100011e8:	6a59      	ldr	r1, [r3, #36]	@ 0x24
100011ea:	428a      	cmp	r2, r1
100011ec:	d1fa      	bne.n	100011e4 <timer_time_us_64+0x4>
100011ee:	4770      	bx	lr

100011f0 <time_us_64>:
100011f0:	4b03      	ldr	r3, [pc, #12]	@ (10001200 <time_us_64+0x10>)
100011f2:	6a59      	ldr	r1, [r3, #36]	@ 0x24
100011f4:	000a      	movs	r2, r1
100011f6:	6a98      	ldr	r0, [r3, #40]	@ 0x28
100011f8:	6a59      	ldr	r1, [r3, #36]	@ 0x24
100011fa:	4291      	cmp	r1, r2
100011fc:	d1fa      	bne.n	100011f4 <time_us_64+0x4>
100011fe:	4770      	bx	lr
10001200:	40054000 	.word	0x40054000

10001204 <busy_wait_us>:
10001204:	b570      	push	{r4, r5, r6, lr}
10001206:	0004      	movs	r4, r0
10001208:	000d      	movs	r5, r1
1000120a:	4a17      	ldr	r2, [pc, #92]	@ (10001268 <busy_wait_us+0x64>)
1000120c:	6a53      	ldr	r3, [r2, #36]	@ 0x24
1000120e:	0019      	movs	r1, r3
10001210:	6a96      	ldr	r6, [r2, #40]	@ 0x28
10001212:	6a53      	ldr	r3, [r2, #36]	@ 0x24
10001214:	428b      	cmp	r3, r1
10001216:	d1fa      	bne.n	1000120e <busy_wait_us+0xa>
10001218:	0030      	movs	r0, r6
1000121a:	0019      	movs	r1, r3
1000121c:	1824      	adds	r4, r4, r0
1000121e:	414d      	adcs	r5, r1
10001220:	42ab      	cmp	r3, r5
10001222:	d816      	bhi.n	10001252 <busy_wait_us+0x4e>
10001224:	d013      	beq.n	1000124e <busy_wait_us+0x4a>
10001226:	4b10      	ldr	r3, [pc, #64]	@ (10001268 <busy_wait_us+0x64>)
10001228:	002a      	movs	r2, r5
1000122a:	6a5b      	ldr	r3, [r3, #36]	@ 0x24
1000122c:	429d      	cmp	r5, r3
1000122e:	d903      	bls.n	10001238 <busy_wait_us+0x34>
10001230:	490d      	ldr	r1, [pc, #52]	@ (10001268 <busy_wait_us+0x64>)
10001232:	6a4b      	ldr	r3, [r1, #36]	@ 0x24
10001234:	4293      	cmp	r3, r2
10001236:	d3fc      	bcc.n	10001232 <busy_wait_us+0x2e>
10001238:	4293      	cmp	r3, r2
1000123a:	d107      	bne.n	1000124c <busy_wait_us+0x48>
1000123c:	4a0a      	ldr	r2, [pc, #40]	@ (10001268 <busy_wait_us+0x64>)
1000123e:	e002      	b.n	10001246 <busy_wait_us+0x42>
10001240:	6a51      	ldr	r1, [r2, #36]	@ 0x24
10001242:	4299      	cmp	r1, r3
10001244:	d102      	bne.n	1000124c <busy_wait_us+0x48>
10001246:	6a91      	ldr	r1, [r2, #40]	@ 0x28
10001248:	42a1      	cmp	r1, r4
1000124a:	d3f9      	bcc.n	10001240 <busy_wait_us+0x3c>
1000124c:	bd70      	pop	{r4, r5, r6, pc}
1000124e:	42a6      	cmp	r6, r4
10001250:	d9e9      	bls.n	10001226 <busy_wait_us+0x22>
10001252:	4b05      	ldr	r3, [pc, #20]	@ (10001268 <busy_wait_us+0x64>)
10001254:	6a5b      	ldr	r3, [r3, #36]	@ 0x24
10001256:	001c      	movs	r4, r3
10001258:	1c5a      	adds	r2, r3, #1
1000125a:	d0ef      	beq.n	1000123c <busy_wait_us+0x38>
1000125c:	2201      	movs	r2, #1
1000125e:	2401      	movs	r4, #1
10001260:	4264      	negs	r4, r4
10001262:	17e5      	asrs	r5, r4, #31
10001264:	4252      	negs	r2, r2
10001266:	e7e3      	b.n	10001230 <busy_wait_us+0x2c>
10001268:	40054000 	.word	0x40054000

1000126c <busy_wait_until>:
1000126c:	4a06      	ldr	r2, [pc, #24]	@ (10001288 <busy_wait_until+0x1c>)
1000126e:	6a53      	ldr	r3, [r2, #36]	@ 0x24
10001270:	4299      	cmp	r1, r3
10001272:	d8fc      	bhi.n	1000126e <busy_wait_until+0x2>
10001274:	d107      	bne.n	10001286 <busy_wait_until+0x1a>
10001276:	4b04      	ldr	r3, [pc, #16]	@ (10001288 <busy_wait_until+0x1c>)
10001278:	e002      	b.n	10001280 <busy_wait_until+0x14>
1000127a:	6a5a      	ldr	r2, [r3, #36]	@ 0x24
1000127c:	4291      	cmp	r1, r2
1000127e:	d102      	bne.n	10001286 <busy_wait_until+0x1a>
10001280:	6a9a      	ldr	r2, [r3, #40]	@ 0x28
10001282:	4290      	cmp	r0, r2
10001284:	d8f9      	bhi.n	1000127a <busy_wait_until+0xe>
10001286:	4770      	bx	lr
10001288:	40054000 	.word	0x40054000

1000128c <uart_init>:
1000128c:	b5f8      	push	{r3, r4, r5, r6, r7, lr}
1000128e:	0004      	movs	r4, r0
10001290:	2006      	movs	r0, #6
10001292:	000d      	movs	r5, r1
10001294:	f000 f9e2 	bl	1000165c <clock_get_hz>
10001298:	2800      	cmp	r0, #0
1000129a:	d044      	beq.n	10001326 <uart_init+0x9a>
1000129c:	4b37      	ldr	r3, [pc, #220]	@ (1000137c <uart_init+0xf0>)
1000129e:	4938      	ldr	r1, [pc, #224]	@ (10001380 <uart_init+0xf4>)
100012a0:	18e3      	adds	r3, r4, r3
100012a2:	1e5a      	subs	r2, r3, #1
100012a4:	4193      	sbcs	r3, r2
100012a6:	2280      	movs	r2, #128	@ 0x80
100012a8:	0412      	lsls	r2, r2, #16
100012aa:	4694      	mov	ip, r2
100012ac:	425b      	negs	r3, r3
100012ae:	0d9b      	lsrs	r3, r3, #22
100012b0:	4a34      	ldr	r2, [pc, #208]	@ (10001384 <uart_init+0xf8>)
100012b2:	059b      	lsls	r3, r3, #22
100012b4:	4463      	add	r3, ip
100012b6:	6013      	str	r3, [r2, #0]
100012b8:	4a33      	ldr	r2, [pc, #204]	@ (10001388 <uart_init+0xfc>)
100012ba:	6013      	str	r3, [r2, #0]
100012bc:	0018      	movs	r0, r3
100012be:	680a      	ldr	r2, [r1, #0]
100012c0:	4390      	bics	r0, r2
100012c2:	d1fb      	bne.n	100012bc <uart_init+0x30>
100012c4:	4b2d      	ldr	r3, [pc, #180]	@ (1000137c <uart_init+0xf0>)
100012c6:	4a31      	ldr	r2, [pc, #196]	@ (1000138c <uart_init+0x100>)
100012c8:	18e3      	adds	r3, r4, r3
100012ca:	4259      	negs	r1, r3
100012cc:	414b      	adcs	r3, r1
100012ce:	2180      	movs	r1, #128	@ 0x80
100012d0:	005b      	lsls	r3, r3, #1
100012d2:	0049      	lsls	r1, r1, #1
100012d4:	2006      	movs	r0, #6
100012d6:	5299      	strh	r1, [r3, r2]
100012d8:	f000 f9c0 	bl	1000165c <clock_get_hz>
100012dc:	0029      	movs	r1, r5
100012de:	00c0      	lsls	r0, r0, #3
100012e0:	f000 fc16 	bl	10001b10 <__wrap___aeabi_uidiv>
100012e4:	3001      	adds	r0, #1
100012e6:	09c3      	lsrs	r3, r0, #7
100012e8:	d11e      	bne.n	10001328 <uart_init+0x9c>
100012ea:	2740      	movs	r7, #64	@ 0x40
100012ec:	2201      	movs	r2, #1
100012ee:	6262      	str	r2, [r4, #36]	@ 0x24
100012f0:	62a3      	str	r3, [r4, #40]	@ 0x28
100012f2:	6b26      	ldr	r6, [r4, #48]	@ 0x30
100012f4:	07f3      	lsls	r3, r6, #31
100012f6:	d422      	bmi.n	1000133e <uart_init+0xb2>
100012f8:	6ae3      	ldr	r3, [r4, #44]	@ 0x2c
100012fa:	4b25      	ldr	r3, [pc, #148]	@ (10001390 <uart_init+0x104>)
100012fc:	2006      	movs	r0, #6
100012fe:	18e5      	adds	r5, r4, r3
10001300:	2300      	movs	r3, #0
10001302:	602b      	str	r3, [r5, #0]
10001304:	6326      	str	r6, [r4, #48]	@ 0x30
10001306:	f000 f9a9 	bl	1000165c <clock_get_hz>
1000130a:	0039      	movs	r1, r7
1000130c:	0080      	lsls	r0, r0, #2
1000130e:	f000 fbff 	bl	10001b10 <__wrap___aeabi_uidiv>
10001312:	2370      	movs	r3, #112	@ 0x70
10001314:	6ae2      	ldr	r2, [r4, #44]	@ 0x2c
10001316:	405a      	eors	r2, r3
10001318:	330e      	adds	r3, #14
1000131a:	4013      	ands	r3, r2
1000131c:	602b      	str	r3, [r5, #0]
1000131e:	4b1d      	ldr	r3, [pc, #116]	@ (10001394 <uart_init+0x108>)
10001320:	6323      	str	r3, [r4, #48]	@ 0x30
10001322:	2303      	movs	r3, #3
10001324:	64a3      	str	r3, [r4, #72]	@ 0x48
10001326:	bdf8      	pop	{r3, r4, r5, r6, r7, pc}
10001328:	4a1b      	ldr	r2, [pc, #108]	@ (10001398 <uart_init+0x10c>)
1000132a:	4293      	cmp	r3, r2
1000132c:	d91e      	bls.n	1000136c <uart_init+0xe0>
1000132e:	2300      	movs	r3, #0
10001330:	4a1a      	ldr	r2, [pc, #104]	@ (1000139c <uart_init+0x110>)
10001332:	4f1b      	ldr	r7, [pc, #108]	@ (100013a0 <uart_init+0x114>)
10001334:	6262      	str	r2, [r4, #36]	@ 0x24
10001336:	62a3      	str	r3, [r4, #40]	@ 0x28
10001338:	6b26      	ldr	r6, [r4, #48]	@ 0x30
1000133a:	07f3      	lsls	r3, r6, #31
1000133c:	d5dc      	bpl.n	100012f8 <uart_init+0x6c>
1000133e:	4b19      	ldr	r3, [pc, #100]	@ (100013a4 <uart_init+0x118>)
10001340:	4a14      	ldr	r2, [pc, #80]	@ (10001394 <uart_init+0x108>)
10001342:	18e3      	adds	r3, r4, r3
10001344:	601a      	str	r2, [r3, #0]
10001346:	6a65      	ldr	r5, [r4, #36]	@ 0x24
10001348:	6aa3      	ldr	r3, [r4, #40]	@ 0x28
1000134a:	2006      	movs	r0, #6
1000134c:	01ad      	lsls	r5, r5, #6
1000134e:	18ed      	adds	r5, r5, r3
10001350:	f000 f984 	bl	1000165c <clock_get_hz>
10001354:	4914      	ldr	r1, [pc, #80]	@ (100013a8 <uart_init+0x11c>)
10001356:	f000 fbdb 	bl	10001b10 <__wrap___aeabi_uidiv>
1000135a:	02ad      	lsls	r5, r5, #10
1000135c:	0001      	movs	r1, r0
1000135e:	0028      	movs	r0, r5
10001360:	f000 fbd6 	bl	10001b10 <__wrap___aeabi_uidiv>
10001364:	2100      	movs	r1, #0
10001366:	f7ff ff4d 	bl	10001204 <busy_wait_us>
1000136a:	e7c5      	b.n	100012f8 <uart_init+0x6c>
1000136c:	0640      	lsls	r0, r0, #25
1000136e:	0e80      	lsrs	r0, r0, #26
10001370:	019f      	lsls	r7, r3, #6
10001372:	001a      	movs	r2, r3
10001374:	183f      	adds	r7, r7, r0
10001376:	0003      	movs	r3, r0
10001378:	e7b9      	b.n	100012ee <uart_init+0x62>
1000137a:	46c0      	nop			@ (mov r8, r8)
1000137c:	bffc8000 	.word	0xbffc8000
10001380:	4000c008 	.word	0x4000c008
10001384:	4000e000 	.word	0x4000e000
10001388:	4000f000 	.word	0x4000f000
1000138c:	20002778 	.word	0x20002778
10001390:	0000102c 	.word	0x0000102c
10001394:	00000301 	.word	0x00000301
10001398:	0000fffe 	.word	0x0000fffe
1000139c:	0000ffff 	.word	0x0000ffff
100013a0:	003fffc0 	.word	0x003fffc0
100013a4:	00003030 	.word	0x00003030
100013a8:	00000e4e 	.word	0x00000e4e

100013ac <uart_set_format>:
100013ac:	3905      	subs	r1, #5
100013ae:	3a01      	subs	r2, #1
100013b0:	b5f8      	push	{r3, r4, r5, r6, r7, lr}
100013b2:	00d2      	lsls	r2, r2, #3
100013b4:	014c      	lsls	r4, r1, #5
100013b6:	0005      	movs	r5, r0
100013b8:	4314      	orrs	r4, r2
100013ba:	2b00      	cmp	r3, #0
100013bc:	d006      	beq.n	100013cc <uart_set_format+0x20>
100013be:	3b01      	subs	r3, #1
100013c0:	425a      	negs	r2, r3
100013c2:	4153      	adcs	r3, r2
100013c4:	009b      	lsls	r3, r3, #2
100013c6:	4323      	orrs	r3, r4
100013c8:	2402      	movs	r4, #2
100013ca:	431c      	orrs	r4, r3
100013cc:	6b2e      	ldr	r6, [r5, #48]	@ 0x30
100013ce:	07f3      	lsls	r3, r6, #31
100013d0:	d408      	bmi.n	100013e4 <uart_set_format+0x38>
100013d2:	236e      	movs	r3, #110	@ 0x6e
100013d4:	6aea      	ldr	r2, [r5, #44]	@ 0x2c
100013d6:	4062      	eors	r2, r4
100013d8:	4013      	ands	r3, r2
100013da:	4a0e      	ldr	r2, [pc, #56]	@ (10001414 <uart_set_format+0x68>)
100013dc:	18aa      	adds	r2, r5, r2
100013de:	6013      	str	r3, [r2, #0]
100013e0:	632e      	str	r6, [r5, #48]	@ 0x30
100013e2:	bdf8      	pop	{r3, r4, r5, r6, r7, pc}
100013e4:	4b0c      	ldr	r3, [pc, #48]	@ (10001418 <uart_set_format+0x6c>)
100013e6:	4a0d      	ldr	r2, [pc, #52]	@ (1000141c <uart_set_format+0x70>)
100013e8:	18eb      	adds	r3, r5, r3
100013ea:	601a      	str	r2, [r3, #0]
100013ec:	6a6f      	ldr	r7, [r5, #36]	@ 0x24
100013ee:	6aab      	ldr	r3, [r5, #40]	@ 0x28
100013f0:	2006      	movs	r0, #6
100013f2:	01bf      	lsls	r7, r7, #6
100013f4:	18ff      	adds	r7, r7, r3
100013f6:	f000 f931 	bl	1000165c <clock_get_hz>
100013fa:	4909      	ldr	r1, [pc, #36]	@ (10001420 <uart_set_format+0x74>)
100013fc:	f000 fb88 	bl	10001b10 <__wrap___aeabi_uidiv>
10001400:	02bf      	lsls	r7, r7, #10
10001402:	0001      	movs	r1, r0
10001404:	0038      	movs	r0, r7
10001406:	f000 fb83 	bl	10001b10 <__wrap___aeabi_uidiv>
1000140a:	2100      	movs	r1, #0
1000140c:	f7ff fefa 	bl	10001204 <busy_wait_us>
10001410:	e7df      	b.n	100013d2 <uart_set_format+0x26>
10001412:	46c0      	nop			@ (mov r8, r8)
10001414:	0000102c 	.word	0x0000102c
10001418:	00003030 	.word	0x00003030
1000141c:	00000301 	.word	0x00000301
10001420:	00000e4e 	.word	0x00000e4e

10001424 <uart_set_fifo_enabled>:
10001424:	b5f8      	push	{r3, r4, r5, r6, r7, lr}
10001426:	6b06      	ldr	r6, [r0, #48]	@ 0x30
10001428:	0004      	movs	r4, r0
1000142a:	010d      	lsls	r5, r1, #4
1000142c:	07f3      	lsls	r3, r6, #31
1000142e:	d408      	bmi.n	10001442 <uart_set_fifo_enabled+0x1e>
10001430:	6ae3      	ldr	r3, [r4, #44]	@ 0x2c
10001432:	405d      	eors	r5, r3
10001434:	2310      	movs	r3, #16
10001436:	401d      	ands	r5, r3
10001438:	4b0d      	ldr	r3, [pc, #52]	@ (10001470 <uart_set_fifo_enabled+0x4c>)
1000143a:	18e3      	adds	r3, r4, r3
1000143c:	601d      	str	r5, [r3, #0]
1000143e:	6326      	str	r6, [r4, #48]	@ 0x30
10001440:	bdf8      	pop	{r3, r4, r5, r6, r7, pc}
10001442:	4b0c      	ldr	r3, [pc, #48]	@ (10001474 <uart_set_fifo_enabled+0x50>)
10001444:	4a0c      	ldr	r2, [pc, #48]	@ (10001478 <uart_set_fifo_enabled+0x54>)
10001446:	18c3      	adds	r3, r0, r3
10001448:	601a      	str	r2, [r3, #0]
1000144a:	6a47      	ldr	r7, [r0, #36]	@ 0x24
1000144c:	6a83      	ldr	r3, [r0, #40]	@ 0x28
1000144e:	01bf      	lsls	r7, r7, #6
10001450:	2006      	movs	r0, #6
10001452:	18ff      	adds	r7, r7, r3
10001454:	f000 f902 	bl	1000165c <clock_get_hz>
10001458:	4908      	ldr	r1, [pc, #32]	@ (1000147c <uart_set_fifo_enabled+0x58>)
1000145a:	f000 fb59 	bl	10001b10 <__wrap___aeabi_uidiv>
1000145e:	02bf      	lsls	r7, r7, #10
10001460:	0001      	movs	r1, r0
10001462:	0038      	movs	r0, r7
10001464:	f000 fb54 	bl	10001b10 <__wrap___aeabi_uidiv>
10001468:	2100      	movs	r1, #0
1000146a:	f7ff fecb 	bl	10001204 <busy_wait_us>
1000146e:	e7df      	b.n	10001430 <uart_set_fifo_enabled+0xc>
10001470:	0000102c 	.word	0x0000102c
10001474:	00003030 	.word	0x00003030
10001478:	00000301 	.word	0x00000301
1000147c:	00000e4e 	.word	0x00000e4e

10001480 <clock_configure_int_divider>:
10001480:	b5f8      	push	{r3, r4, r5, r6, r7, lr}
10001482:	46de      	mov	lr, fp
10001484:	464e      	mov	r6, r9
10001486:	4657      	mov	r7, sl
10001488:	4645      	mov	r5, r8
1000148a:	b5e0      	push	{r5, r6, r7, lr}
1000148c:	468b      	mov	fp, r1
1000148e:	0005      	movs	r5, r0
10001490:	990a      	ldr	r1, [sp, #40]	@ 0x28
10001492:	0018      	movs	r0, r3
10001494:	0016      	movs	r6, r2
10001496:	f000 fb3b 	bl	10001b10 <__wrap___aeabi_uidiv>
1000149a:	9b0a      	ldr	r3, [sp, #40]	@ 0x28
1000149c:	006c      	lsls	r4, r5, #1
1000149e:	021f      	lsls	r7, r3, #8
100014a0:	4b32      	ldr	r3, [pc, #200]	@ (1000156c <clock_configure_int_divider+0xec>)
100014a2:	1964      	adds	r4, r4, r5
100014a4:	469c      	mov	ip, r3
100014a6:	00a4      	lsls	r4, r4, #2
100014a8:	4464      	add	r4, ip
100014aa:	6863      	ldr	r3, [r4, #4]
100014ac:	4681      	mov	r9, r0
100014ae:	429f      	cmp	r7, r3
100014b0:	d900      	bls.n	100014b4 <clock_configure_int_divider+0x34>
100014b2:	6067      	str	r7, [r4, #4]
100014b4:	1f2b      	subs	r3, r5, #4
100014b6:	b2db      	uxtb	r3, r3
100014b8:	4698      	mov	r8, r3
100014ba:	2b01      	cmp	r3, #1
100014bc:	d930      	bls.n	10001520 <clock_configure_int_divider+0xa0>
100014be:	23c0      	movs	r3, #192	@ 0xc0
100014c0:	2280      	movs	r2, #128	@ 0x80
100014c2:	019b      	lsls	r3, r3, #6
100014c4:	18e3      	adds	r3, r4, r3
100014c6:	0112      	lsls	r2, r2, #4
100014c8:	601a      	str	r2, [r3, #0]
100014ca:	4b29      	ldr	r3, [pc, #164]	@ (10001570 <clock_configure_int_divider+0xf0>)
100014cc:	00ad      	lsls	r5, r5, #2
100014ce:	5959      	ldr	r1, [r3, r5]
100014d0:	469a      	mov	sl, r3
100014d2:	2900      	cmp	r1, #0
100014d4:	d11b      	bne.n	1000150e <clock_configure_int_divider+0x8e>
100014d6:	0173      	lsls	r3, r6, #5
100014d8:	26e0      	movs	r6, #224	@ 0xe0
100014da:	6822      	ldr	r2, [r4, #0]
100014dc:	4053      	eors	r3, r2
100014de:	401e      	ands	r6, r3
100014e0:	2380      	movs	r3, #128	@ 0x80
100014e2:	4642      	mov	r2, r8
100014e4:	015b      	lsls	r3, r3, #5
100014e6:	18e3      	adds	r3, r4, r3
100014e8:	601e      	str	r6, [r3, #0]
100014ea:	2a01      	cmp	r2, #1
100014ec:	d930      	bls.n	10001550 <clock_configure_int_divider+0xd0>
100014ee:	2380      	movs	r3, #128	@ 0x80
100014f0:	2280      	movs	r2, #128	@ 0x80
100014f2:	019b      	lsls	r3, r3, #6
100014f4:	18e3      	adds	r3, r4, r3
100014f6:	0112      	lsls	r2, r2, #4
100014f8:	601a      	str	r2, [r3, #0]
100014fa:	4653      	mov	r3, sl
100014fc:	464a      	mov	r2, r9
100014fe:	6067      	str	r7, [r4, #4]
10001500:	515a      	str	r2, [r3, r5]
10001502:	bcf0      	pop	{r4, r5, r6, r7}
10001504:	46bb      	mov	fp, r7
10001506:	46b2      	mov	sl, r6
10001508:	46a9      	mov	r9, r5
1000150a:	46a0      	mov	r8, r4
1000150c:	bdf8      	pop	{r3, r4, r5, r6, r7, pc}
1000150e:	6958      	ldr	r0, [r3, #20]
10001510:	f000 fafe 	bl	10001b10 <__wrap___aeabi_uidiv>
10001514:	3001      	adds	r0, #1
10001516:	0043      	lsls	r3, r0, #1
10001518:	181b      	adds	r3, r3, r0
1000151a:	3b03      	subs	r3, #3
1000151c:	d2fd      	bcs.n	1000151a <clock_configure_int_divider+0x9a>
1000151e:	e7da      	b.n	100014d6 <clock_configure_int_divider+0x56>
10001520:	465b      	mov	r3, fp
10001522:	2b01      	cmp	r3, #1
10001524:	d1cb      	bne.n	100014be <clock_configure_int_divider+0x3e>
10001526:	23c0      	movs	r3, #192	@ 0xc0
10001528:	2203      	movs	r2, #3
1000152a:	019b      	lsls	r3, r3, #6
1000152c:	18e3      	adds	r3, r4, r3
1000152e:	601a      	str	r2, [r3, #0]
10001530:	3a02      	subs	r2, #2
10001532:	68a3      	ldr	r3, [r4, #8]
10001534:	421a      	tst	r2, r3
10001536:	d0fc      	beq.n	10001532 <clock_configure_int_divider+0xb2>
10001538:	0173      	lsls	r3, r6, #5
1000153a:	26e0      	movs	r6, #224	@ 0xe0
1000153c:	6822      	ldr	r2, [r4, #0]
1000153e:	00ad      	lsls	r5, r5, #2
10001540:	4053      	eors	r3, r2
10001542:	401e      	ands	r6, r3
10001544:	2380      	movs	r3, #128	@ 0x80
10001546:	4a0a      	ldr	r2, [pc, #40]	@ (10001570 <clock_configure_int_divider+0xf0>)
10001548:	015b      	lsls	r3, r3, #5
1000154a:	4692      	mov	sl, r2
1000154c:	18e3      	adds	r3, r4, r3
1000154e:	601e      	str	r6, [r3, #0]
10001550:	465a      	mov	r2, fp
10001552:	6821      	ldr	r1, [r4, #0]
10001554:	4051      	eors	r1, r2
10001556:	2203      	movs	r2, #3
10001558:	400a      	ands	r2, r1
1000155a:	601a      	str	r2, [r3, #0]
1000155c:	2201      	movs	r2, #1
1000155e:	465b      	mov	r3, fp
10001560:	409a      	lsls	r2, r3
10001562:	68a3      	ldr	r3, [r4, #8]
10001564:	421a      	tst	r2, r3
10001566:	d0fc      	beq.n	10001562 <clock_configure_int_divider+0xe2>
10001568:	e7c1      	b.n	100014ee <clock_configure_int_divider+0x6e>
1000156a:	46c0      	nop			@ (mov r8, r8)
1000156c:	40008000 	.word	0x40008000
10001570:	200022c0 	.word	0x200022c0

10001574 <clock_configure_undivided>:
10001574:	b5f0      	push	{r4, r5, r6, r7, lr}
10001576:	4646      	mov	r6, r8
10001578:	464f      	mov	r7, r9
1000157a:	46d6      	mov	lr, sl
1000157c:	b5c0      	push	{r6, r7, lr}
1000157e:	001f      	movs	r7, r3
10001580:	4b34      	ldr	r3, [pc, #208]	@ (10001654 <clock_configure_undivided+0xe0>)
10001582:	0044      	lsls	r4, r0, #1
10001584:	469c      	mov	ip, r3
10001586:	1824      	adds	r4, r4, r0
10001588:	00a4      	lsls	r4, r4, #2
1000158a:	4464      	add	r4, ip
1000158c:	6863      	ldr	r3, [r4, #4]
1000158e:	4688      	mov	r8, r1
10001590:	0016      	movs	r6, r2
10001592:	2bff      	cmp	r3, #255	@ 0xff
10001594:	d802      	bhi.n	1000159c <clock_configure_undivided+0x28>
10001596:	2380      	movs	r3, #128	@ 0x80
10001598:	005b      	lsls	r3, r3, #1
1000159a:	6063      	str	r3, [r4, #4]
1000159c:	1f03      	subs	r3, r0, #4
1000159e:	b2db      	uxtb	r3, r3
100015a0:	469a      	mov	sl, r3
100015a2:	2b01      	cmp	r3, #1
100015a4:	d930      	bls.n	10001608 <clock_configure_undivided+0x94>
100015a6:	23c0      	movs	r3, #192	@ 0xc0
100015a8:	2280      	movs	r2, #128	@ 0x80
100015aa:	019b      	lsls	r3, r3, #6
100015ac:	18e3      	adds	r3, r4, r3
100015ae:	0112      	lsls	r2, r2, #4
100015b0:	601a      	str	r2, [r3, #0]
100015b2:	4b29      	ldr	r3, [pc, #164]	@ (10001658 <clock_configure_undivided+0xe4>)
100015b4:	0085      	lsls	r5, r0, #2
100015b6:	5959      	ldr	r1, [r3, r5]
100015b8:	4699      	mov	r9, r3
100015ba:	2900      	cmp	r1, #0
100015bc:	d11b      	bne.n	100015f6 <clock_configure_undivided+0x82>
100015be:	0173      	lsls	r3, r6, #5
100015c0:	26e0      	movs	r6, #224	@ 0xe0
100015c2:	6822      	ldr	r2, [r4, #0]
100015c4:	4053      	eors	r3, r2
100015c6:	401e      	ands	r6, r3
100015c8:	2380      	movs	r3, #128	@ 0x80
100015ca:	4652      	mov	r2, sl
100015cc:	015b      	lsls	r3, r3, #5
100015ce:	18e3      	adds	r3, r4, r3
100015d0:	601e      	str	r6, [r3, #0]
100015d2:	2a01      	cmp	r2, #1
100015d4:	d930      	bls.n	10001638 <clock_configure_undivided+0xc4>
100015d6:	2380      	movs	r3, #128	@ 0x80
100015d8:	2280      	movs	r2, #128	@ 0x80
100015da:	019b      	lsls	r3, r3, #6
100015dc:	18e3      	adds	r3, r4, r3
100015de:	0112      	lsls	r2, r2, #4
100015e0:	601a      	str	r2, [r3, #0]
100015e2:	2380      	movs	r3, #128	@ 0x80
100015e4:	005b      	lsls	r3, r3, #1
100015e6:	6063      	str	r3, [r4, #4]
100015e8:	464b      	mov	r3, r9
100015ea:	515f      	str	r7, [r3, r5]
100015ec:	bce0      	pop	{r5, r6, r7}
100015ee:	46ba      	mov	sl, r7
100015f0:	46b1      	mov	r9, r6
100015f2:	46a8      	mov	r8, r5
100015f4:	bdf0      	pop	{r4, r5, r6, r7, pc}
100015f6:	6958      	ldr	r0, [r3, #20]
100015f8:	f000 fa8a 	bl	10001b10 <__wrap___aeabi_uidiv>
100015fc:	3001      	adds	r0, #1
100015fe:	0043      	lsls	r3, r0, #1
10001600:	181b      	adds	r3, r3, r0
10001602:	3b03      	subs	r3, #3
10001604:	d2fd      	bcs.n	10001602 <clock_configure_undivided+0x8e>
10001606:	e7da      	b.n	100015be <clock_configure_undivided+0x4a>
10001608:	4643      	mov	r3, r8
1000160a:	2b01      	cmp	r3, #1
1000160c:	d1cb      	bne.n	100015a6 <clock_configure_undivided+0x32>
1000160e:	23c0      	movs	r3, #192	@ 0xc0
10001610:	2203      	movs	r2, #3
10001612:	019b      	lsls	r3, r3, #6
10001614:	18e3      	adds	r3, r4, r3
10001616:	601a      	str	r2, [r3, #0]
10001618:	3a02      	subs	r2, #2
1000161a:	68a3      	ldr	r3, [r4, #8]
1000161c:	421a      	tst	r2, r3
1000161e:	d0fc      	beq.n	1000161a <clock_configure_undivided+0xa6>
10001620:	0173      	lsls	r3, r6, #5
10001622:	26e0      	movs	r6, #224	@ 0xe0
10001624:	6822      	ldr	r2, [r4, #0]
10001626:	0085      	lsls	r5, r0, #2
10001628:	4053      	eors	r3, r2
1000162a:	401e      	ands	r6, r3
1000162c:	2380      	movs	r3, #128	@ 0x80
1000162e:	4a0a      	ldr	r2, [pc, #40]	@ (10001658 <clock_configure_undivided+0xe4>)
10001630:	015b      	lsls	r3, r3, #5
10001632:	4691      	mov	r9, r2
10001634:	18e3      	adds	r3, r4, r3
10001636:	601e      	str	r6, [r3, #0]
10001638:	4642      	mov	r2, r8
1000163a:	6821      	ldr	r1, [r4, #0]
1000163c:	4051      	eors	r1, r2
1000163e:	2203      	movs	r2, #3
10001640:	400a      	ands	r2, r1
10001642:	601a      	str	r2, [r3, #0]
10001644:	2301      	movs	r3, #1
10001646:	4642      	mov	r2, r8
10001648:	4093      	lsls	r3, r2
1000164a:	68a2      	ldr	r2, [r4, #8]
1000164c:	4213      	tst	r3, r2
1000164e:	d0fc      	beq.n	1000164a <clock_configure_undivided+0xd6>
10001650:	e7c1      	b.n	100015d6 <clock_configure_undivided+0x62>
10001652:	46c0      	nop			@ (mov r8, r8)
10001654:	40008000 	.word	0x40008000
10001658:	200022c0 	.word	0x200022c0

1000165c <clock_get_hz>:
1000165c:	4b01      	ldr	r3, [pc, #4]	@ (10001664 <clock_get_hz+0x8>)
1000165e:	0080      	lsls	r0, r0, #2
10001660:	58c0      	ldr	r0, [r0, r3]
10001662:	4770      	bx	lr
10001664:	200022c0 	.word	0x200022c0

10001668 <pll_init>:
10001668:	b5f8      	push	{r3, r4, r5, r6, r7, lr}
1000166a:	0004      	movs	r4, r0
1000166c:	4821      	ldr	r0, [pc, #132]	@ (100016f4 <pll_init+0x8c>)
1000166e:	001e      	movs	r6, r3
10001670:	0017      	movs	r7, r2
10001672:	000d      	movs	r5, r1
10001674:	f000 fa4c 	bl	10001b10 <__wrap___aeabi_uidiv>
10001678:	0001      	movs	r1, r0
1000167a:	0038      	movs	r0, r7
1000167c:	f000 fa48 	bl	10001b10 <__wrap___aeabi_uidiv>
10001680:	9b06      	ldr	r3, [sp, #24]
10001682:	0436      	lsls	r6, r6, #16
10001684:	031b      	lsls	r3, r3, #12
10001686:	431e      	orrs	r6, r3
10001688:	6823      	ldr	r3, [r4, #0]
1000168a:	2b00      	cmp	r3, #0
1000168c:	db20      	blt.n	100016d0 <pll_init+0x68>
1000168e:	4b1a      	ldr	r3, [pc, #104]	@ (100016f8 <pll_init+0x90>)
10001690:	491a      	ldr	r1, [pc, #104]	@ (100016fc <pll_init+0x94>)
10001692:	18e3      	adds	r3, r4, r3
10001694:	1e5a      	subs	r2, r3, #1
10001696:	4193      	sbcs	r3, r2
10001698:	2280      	movs	r2, #128	@ 0x80
1000169a:	0192      	lsls	r2, r2, #6
1000169c:	4694      	mov	ip, r2
1000169e:	425b      	negs	r3, r3
100016a0:	0b1b      	lsrs	r3, r3, #12
100016a2:	4a17      	ldr	r2, [pc, #92]	@ (10001700 <pll_init+0x98>)
100016a4:	031b      	lsls	r3, r3, #12
100016a6:	4463      	add	r3, ip
100016a8:	6013      	str	r3, [r2, #0]
100016aa:	4a16      	ldr	r2, [pc, #88]	@ (10001704 <pll_init+0x9c>)
100016ac:	6013      	str	r3, [r2, #0]
100016ae:	001f      	movs	r7, r3
100016b0:	680a      	ldr	r2, [r1, #0]
100016b2:	4397      	bics	r7, r2
100016b4:	d1fb      	bne.n	100016ae <pll_init+0x46>
100016b6:	4b14      	ldr	r3, [pc, #80]	@ (10001708 <pll_init+0xa0>)
100016b8:	6025      	str	r5, [r4, #0]
100016ba:	18e2      	adds	r2, r4, r3
100016bc:	2321      	movs	r3, #33	@ 0x21
100016be:	60a0      	str	r0, [r4, #8]
100016c0:	6013      	str	r3, [r2, #0]
100016c2:	6823      	ldr	r3, [r4, #0]
100016c4:	2b00      	cmp	r3, #0
100016c6:	dafc      	bge.n	100016c2 <pll_init+0x5a>
100016c8:	2308      	movs	r3, #8
100016ca:	60e6      	str	r6, [r4, #12]
100016cc:	6013      	str	r3, [r2, #0]
100016ce:	bdf8      	pop	{r3, r4, r5, r6, r7, pc}
100016d0:	233f      	movs	r3, #63	@ 0x3f
100016d2:	6822      	ldr	r2, [r4, #0]
100016d4:	4013      	ands	r3, r2
100016d6:	42ab      	cmp	r3, r5
100016d8:	d1d9      	bne.n	1000168e <pll_init+0x26>
100016da:	68a3      	ldr	r3, [r4, #8]
100016dc:	051b      	lsls	r3, r3, #20
100016de:	0d1b      	lsrs	r3, r3, #20
100016e0:	4283      	cmp	r3, r0
100016e2:	d1d4      	bne.n	1000168e <pll_init+0x26>
100016e4:	22ee      	movs	r2, #238	@ 0xee
100016e6:	68e3      	ldr	r3, [r4, #12]
100016e8:	02d2      	lsls	r2, r2, #11
100016ea:	4013      	ands	r3, r2
100016ec:	42b3      	cmp	r3, r6
100016ee:	d1ce      	bne.n	1000168e <pll_init+0x26>
100016f0:	e7ed      	b.n	100016ce <pll_init+0x66>
100016f2:	46c0      	nop			@ (mov r8, r8)
100016f4:	00b71b00 	.word	0x00b71b00
100016f8:	bffd4000 	.word	0xbffd4000
100016fc:	4000c008 	.word	0x4000c008
10001700:	4000e000 	.word	0x4000e000
10001704:	4000f000 	.word	0x4000f000
10001708:	00003004 	.word	0x00003004

1000170c <watchdog_reboot>:
1000170c:	b510      	push	{r4, lr}
1000170e:	2480      	movs	r4, #128	@ 0x80
10001710:	4b1c      	ldr	r3, [pc, #112]	@ (10001784 <watchdog_reboot+0x78>)
10001712:	05e4      	lsls	r4, r4, #23
10001714:	601c      	str	r4, [r3, #0]
10001716:	2800      	cmp	r0, #0
10001718:	d01a      	beq.n	10001750 <watchdog_reboot+0x44>
1000171a:	2301      	movs	r3, #1
1000171c:	4c1a      	ldr	r4, [pc, #104]	@ (10001788 <watchdog_reboot+0x7c>)
1000171e:	4318      	orrs	r0, r3
10001720:	4b1a      	ldr	r3, [pc, #104]	@ (1000178c <watchdog_reboot+0x80>)
10001722:	61dc      	str	r4, [r3, #28]
10001724:	4c1a      	ldr	r4, [pc, #104]	@ (10001790 <watchdog_reboot+0x84>)
10001726:	4044      	eors	r4, r0
10001728:	621c      	str	r4, [r3, #32]
1000172a:	6259      	str	r1, [r3, #36]	@ 0x24
1000172c:	6298      	str	r0, [r3, #40]	@ 0x28
1000172e:	2180      	movs	r1, #128	@ 0x80
10001730:	4b14      	ldr	r3, [pc, #80]	@ (10001784 <watchdog_reboot+0x78>)
10001732:	05c9      	lsls	r1, r1, #23
10001734:	6019      	str	r1, [r3, #0]
10001736:	4817      	ldr	r0, [pc, #92]	@ (10001794 <watchdog_reboot+0x88>)
10001738:	4917      	ldr	r1, [pc, #92]	@ (10001798 <watchdog_reboot+0x8c>)
1000173a:	6008      	str	r0, [r1, #0]
1000173c:	21e0      	movs	r1, #224	@ 0xe0
1000173e:	04c9      	lsls	r1, r1, #19
10001740:	6019      	str	r1, [r3, #0]
10001742:	2a00      	cmp	r2, #0
10001744:	d107      	bne.n	10001756 <watchdog_reboot+0x4a>
10001746:	2280      	movs	r2, #128	@ 0x80
10001748:	4b14      	ldr	r3, [pc, #80]	@ (1000179c <watchdog_reboot+0x90>)
1000174a:	0612      	lsls	r2, r2, #24
1000174c:	601a      	str	r2, [r3, #0]
1000174e:	bd10      	pop	{r4, pc}
10001750:	4b0e      	ldr	r3, [pc, #56]	@ (1000178c <watchdog_reboot+0x80>)
10001752:	61d8      	str	r0, [r3, #28]
10001754:	e7eb      	b.n	1000172e <watchdog_reboot+0x22>
10001756:	0153      	lsls	r3, r2, #5
10001758:	1a9b      	subs	r3, r3, r2
1000175a:	009b      	lsls	r3, r3, #2
1000175c:	189a      	adds	r2, r3, r2
1000175e:	2380      	movs	r3, #128	@ 0x80
10001760:	0112      	lsls	r2, r2, #4
10001762:	045b      	lsls	r3, r3, #17
10001764:	429a      	cmp	r2, r3
10001766:	d209      	bcs.n	1000177c <watchdog_reboot+0x70>
10001768:	0013      	movs	r3, r2
1000176a:	490d      	ldr	r1, [pc, #52]	@ (100017a0 <watchdog_reboot+0x94>)
1000176c:	600b      	str	r3, [r1, #0]
1000176e:	4b07      	ldr	r3, [pc, #28]	@ (1000178c <watchdog_reboot+0x80>)
10001770:	605a      	str	r2, [r3, #4]
10001772:	2280      	movs	r2, #128	@ 0x80
10001774:	4b09      	ldr	r3, [pc, #36]	@ (1000179c <watchdog_reboot+0x90>)
10001776:	05d2      	lsls	r2, r2, #23
10001778:	601a      	str	r2, [r3, #0]
1000177a:	e7e8      	b.n	1000174e <watchdog_reboot+0x42>
1000177c:	4b09      	ldr	r3, [pc, #36]	@ (100017a4 <watchdog_reboot+0x98>)
1000177e:	001a      	movs	r2, r3
10001780:	e7f3      	b.n	1000176a <watchdog_reboot+0x5e>
10001782:	46c0      	nop			@ (mov r8, r8)
10001784:	4005b000 	.word	0x4005b000
10001788:	b007c0d3 	.word	0xb007c0d3
1000178c:	40058000 	.word	0x40058000
10001790:	4ff83f2d 	.word	0x4ff83f2d
10001794:	0001fffc 	.word	0x0001fffc
10001798:	40012008 	.word	0x40012008
1000179c:	4005a000 	.word	0x4005a000
100017a0:	20002728 	.word	0x20002728
100017a4:	00ffffff 	.word	0x00ffffff

100017a8 <tick_start>:
100017a8:	2380      	movs	r3, #128	@ 0x80
100017aa:	4a02      	ldr	r2, [pc, #8]	@ (100017b4 <tick_start+0xc>)
100017ac:	009b      	lsls	r3, r3, #2
100017ae:	430b      	orrs	r3, r1
100017b0:	62d3      	str	r3, [r2, #44]	@ 0x2c
100017b2:	4770      	bx	lr
100017b4:	40058000 	.word	0x40058000

100017b8 <rom_func_lookup>:
100017b8:	2300      	movs	r3, #0
100017ba:	b510      	push	{r4, lr}
100017bc:	0001      	movs	r1, r0
100017be:	8a98      	ldrh	r0, [r3, #20]
100017c0:	8b1b      	ldrh	r3, [r3, #24]
100017c2:	4798      	blx	r3
100017c4:	bd10      	pop	{r4, pc}
100017c6:	46c0      	nop			@ (mov r8, r8)

100017c8 <rom_data_lookup>:
100017c8:	2316      	movs	r3, #22
100017ca:	b510      	push	{r4, lr}
100017cc:	0001      	movs	r1, r0
100017ce:	8818      	ldrh	r0, [r3, #0]
100017d0:	3302      	adds	r3, #2
100017d2:	881b      	ldrh	r3, [r3, #0]
100017d4:	4798      	blx	r3
100017d6:	bd10      	pop	{r4, pc}

100017d8 <rom_funcs_lookup>:
100017d8:	b5f8      	push	{r3, r4, r5, r6, r7, lr}
100017da:	4647      	mov	r7, r8
100017dc:	46ce      	mov	lr, r9
100017de:	b580      	push	{r7, lr}
100017e0:	1e0f      	subs	r7, r1, #0
100017e2:	d018      	beq.n	10001816 <rom_funcs_lookup+0x3e>
100017e4:	2314      	movs	r3, #20
100017e6:	4699      	mov	r9, r3
100017e8:	3304      	adds	r3, #4
100017ea:	0004      	movs	r4, r0
100017ec:	2500      	movs	r5, #0
100017ee:	2601      	movs	r6, #1
100017f0:	4698      	mov	r8, r3
100017f2:	464b      	mov	r3, r9
100017f4:	8818      	ldrh	r0, [r3, #0]
100017f6:	4643      	mov	r3, r8
100017f8:	6821      	ldr	r1, [r4, #0]
100017fa:	881b      	ldrh	r3, [r3, #0]
100017fc:	4798      	blx	r3
100017fe:	c401      	stmia	r4!, {r0}
10001800:	1e43      	subs	r3, r0, #1
10001802:	4198      	sbcs	r0, r3
10001804:	3501      	adds	r5, #1
10001806:	4006      	ands	r6, r0
10001808:	42af      	cmp	r7, r5
1000180a:	d1f2      	bne.n	100017f2 <rom_funcs_lookup+0x1a>
1000180c:	0030      	movs	r0, r6
1000180e:	bcc0      	pop	{r6, r7}
10001810:	46b9      	mov	r9, r7
10001812:	46b0      	mov	r8, r6
10001814:	bdf8      	pop	{r3, r4, r5, r6, r7, pc}
10001816:	2601      	movs	r6, #1
10001818:	e7f8      	b.n	1000180c <rom_funcs_lookup+0x34>
1000181a:	46c0      	nop			@ (mov r8, r8)

1000181c <rom_reset_usb_boot_extra>:
1000181c:	2300      	movs	r3, #0
1000181e:	b570      	push	{r4, r5, r6, lr}
10001820:	0004      	movs	r4, r0
10001822:	000d      	movs	r5, r1
10001824:	8a98      	ldrh	r0, [r3, #20]
10001826:	4905      	ldr	r1, [pc, #20]	@ (1000183c <rom_reset_usb_boot_extra+0x20>)
10001828:	8b1b      	ldrh	r3, [r3, #24]
1000182a:	4798      	blx	r3
1000182c:	0003      	movs	r3, r0
1000182e:	2000      	movs	r0, #0
10001830:	2c00      	cmp	r4, #0
10001832:	db01      	blt.n	10001838 <rom_reset_usb_boot_extra+0x1c>
10001834:	3001      	adds	r0, #1
10001836:	40a0      	lsls	r0, r4
10001838:	0029      	movs	r1, r5
1000183a:	4798      	blx	r3
1000183c:	00004255 	.word	0x00004255

10001840 <xosc_init>:
10001840:	23aa      	movs	r3, #170	@ 0xaa
10001842:	4a06      	ldr	r2, [pc, #24]	@ (1000185c <xosc_init+0x1c>)
10001844:	011b      	lsls	r3, r3, #4
10001846:	6013      	str	r3, [r2, #0]
10001848:	238d      	movs	r3, #141	@ 0x8d
1000184a:	005b      	lsls	r3, r3, #1
1000184c:	60d3      	str	r3, [r2, #12]
1000184e:	4904      	ldr	r1, [pc, #16]	@ (10001860 <xosc_init+0x20>)
10001850:	4b04      	ldr	r3, [pc, #16]	@ (10001864 <xosc_init+0x24>)
10001852:	6019      	str	r1, [r3, #0]
10001854:	6853      	ldr	r3, [r2, #4]
10001856:	2b00      	cmp	r3, #0
10001858:	dafc      	bge.n	10001854 <xosc_init+0x14>
1000185a:	4770      	bx	lr
1000185c:	40024000 	.word	0x40024000
10001860:	00fab000 	.word	0x00fab000
10001864:	40026000 	.word	0x40026000

10001868 <first_per_core_initializer>:
10001868:	4770      	bx	lr
1000186a:	46c0      	nop			@ (mov r8, r8)

1000186c <hard_assertion_failure>:
1000186c:	b510      	push	{r4, lr}
1000186e:	4801      	ldr	r0, [pc, #4]	@ (10001874 <hard_assertion_failure+0x8>)
10001870:	f7fe fdc4 	bl	100003fc <panic>
10001874:	10008878 	.word	0x10008878

10001878 <runtime_run_initializers>:
10001878:	b570      	push	{r4, r5, r6, lr}
1000187a:	4d07      	ldr	r5, [pc, #28]	@ (10001898 <runtime_run_initializers+0x20>)
1000187c:	4e07      	ldr	r6, [pc, #28]	@ (1000189c <runtime_run_initializers+0x24>)
1000187e:	42b5      	cmp	r5, r6
10001880:	d209      	bcs.n	10001896 <runtime_run_initializers+0x1e>
10001882:	2400      	movs	r4, #0
10001884:	3e01      	subs	r6, #1
10001886:	1b76      	subs	r6, r6, r5
10001888:	08b6      	lsrs	r6, r6, #2
1000188a:	cd08      	ldmia	r5!, {r3}
1000188c:	4798      	blx	r3
1000188e:	0023      	movs	r3, r4
10001890:	3401      	adds	r4, #1
10001892:	42b3      	cmp	r3, r6
10001894:	d1f9      	bne.n	1000188a <runtime_run_initializers+0x12>
10001896:	bd70      	pop	{r4, r5, r6, pc}
10001898:	100086f0 	.word	0x100086f0
1000189c:	1000872c 	.word	0x1000872c

100018a0 <runtime_init_early_resets>:
100018a0:	4b05      	ldr	r3, [pc, #20]	@ (100018b8 <runtime_init_early_resets+0x18>)
100018a2:	4a06      	ldr	r2, [pc, #24]	@ (100018bc <runtime_init_early_resets+0x1c>)
100018a4:	4906      	ldr	r1, [pc, #24]	@ (100018c0 <runtime_init_early_resets+0x20>)
100018a6:	601a      	str	r2, [r3, #0]
100018a8:	4a06      	ldr	r2, [pc, #24]	@ (100018c4 <runtime_init_early_resets+0x24>)
100018aa:	4b07      	ldr	r3, [pc, #28]	@ (100018c8 <runtime_init_early_resets+0x28>)
100018ac:	601a      	str	r2, [r3, #0]
100018ae:	0010      	movs	r0, r2
100018b0:	680b      	ldr	r3, [r1, #0]
100018b2:	4398      	bics	r0, r3
100018b4:	d1fb      	bne.n	100018ae <runtime_init_early_resets+0xe>
100018b6:	4770      	bx	lr
100018b8:	4000e000 	.word	0x4000e000
100018bc:	fefbcdbf 	.word	0xfefbcdbf
100018c0:	4000c008 	.word	0x4000c008
100018c4:	003c7ffe 	.word	0x003c7ffe
100018c8:	4000f000 	.word	0x4000f000

100018cc <runtime_init_usb_power_down>:
100018cc:	4b04      	ldr	r3, [pc, #16]	@ (100018e0 <runtime_init_usb_power_down+0x14>)
100018ce:	6cdb      	ldr	r3, [r3, #76]	@ 0x4c
100018d0:	2b00      	cmp	r3, #0
100018d2:	d103      	bne.n	100018dc <runtime_init_usb_power_down+0x10>
100018d4:	2280      	movs	r2, #128	@ 0x80
100018d6:	4b03      	ldr	r3, [pc, #12]	@ (100018e4 <runtime_init_usb_power_down+0x18>)
100018d8:	02d2      	lsls	r2, r2, #11
100018da:	601a      	str	r2, [r3, #0]
100018dc:	4770      	bx	lr
100018de:	46c0      	nop			@ (mov r8, r8)
100018e0:	50110000 	.word	0x50110000
100018e4:	5011204c 	.word	0x5011204c

100018e8 <runtime_init_post_clock_resets>:
100018e8:	4a04      	ldr	r2, [pc, #16]	@ (100018fc <runtime_init_post_clock_resets+0x14>)
100018ea:	4b05      	ldr	r3, [pc, #20]	@ (10001900 <runtime_init_post_clock_resets+0x18>)
100018ec:	601a      	str	r2, [r3, #0]
100018ee:	4a05      	ldr	r2, [pc, #20]	@ (10001904 <runtime_init_post_clock_resets+0x1c>)
100018f0:	6813      	ldr	r3, [r2, #0]
100018f2:	01db      	lsls	r3, r3, #7
100018f4:	3380      	adds	r3, #128	@ 0x80
100018f6:	d1fb      	bne.n	100018f0 <runtime_init_post_clock_resets+0x8>
100018f8:	4770      	bx	lr
100018fa:	46c0      	nop			@ (mov r8, r8)
100018fc:	01ffffff 	.word	0x01ffffff
10001900:	4000f000 	.word	0x4000f000
10001904:	4000c008 	.word	0x4000c008

10001908 <runtime_init_rp2040_gpio_ie_disable>:
10001908:	2240      	movs	r2, #64	@ 0x40
1000190a:	4b03      	ldr	r3, [pc, #12]	@ (10001918 <runtime_init_rp2040_gpio_ie_disable+0x10>)
1000190c:	679a      	str	r2, [r3, #120]	@ 0x78
1000190e:	675a      	str	r2, [r3, #116]	@ 0x74
10001910:	671a      	str	r2, [r3, #112]	@ 0x70
10001912:	66da      	str	r2, [r3, #108]	@ 0x6c
10001914:	4770      	bx	lr
10001916:	46c0      	nop			@ (mov r8, r8)
10001918:	4001f000 	.word	0x4001f000

1000191c <runtime_init_spin_locks_reset>:
1000191c:	b510      	push	{r4, lr}
1000191e:	f7fe fe09 	bl	10000534 <spin_locks_reset>
10001922:	bd10      	pop	{r4, pc}

10001924 <runtime_init_install_ram_vector_table>:
10001924:	b5f8      	push	{r3, r4, r5, r6, r7, lr}
10001926:	4927      	ldr	r1, [pc, #156]	@ (100019c4 <runtime_init_install_ram_vector_table+0xa0>)
10001928:	4c27      	ldr	r4, [pc, #156]	@ (100019c8 <runtime_init_install_ram_vector_table+0xa4>)
1000192a:	4d28      	ldr	r5, [pc, #160]	@ (100019cc <runtime_init_install_ram_vector_table+0xa8>)
1000192c:	1a64      	subs	r4, r4, r1
1000192e:	10a6      	asrs	r6, r4, #2
10001930:	0032      	movs	r2, r6
10001932:	2e30      	cmp	r6, #48	@ 0x30
10001934:	d900      	bls.n	10001938 <runtime_init_install_ram_vector_table+0x14>
10001936:	2230      	movs	r2, #48	@ 0x30
10001938:	0028      	movs	r0, r5
1000193a:	0092      	lsls	r2, r2, #2
1000193c:	f000 ff7c 	bl	10002838 <__wrap___aeabi_memcpy>
10001940:	2cbc      	cmp	r4, #188	@ 0xbc
10001942:	d83b      	bhi.n	100019bc <runtime_init_install_ram_vector_table+0x98>
10001944:	2030      	movs	r0, #48	@ 0x30
10001946:	232f      	movs	r3, #47	@ 0x2f
10001948:	192c      	adds	r4, r5, r4
1000194a:	0764      	lsls	r4, r4, #29
1000194c:	4a20      	ldr	r2, [pc, #128]	@ (100019d0 <runtime_init_install_ram_vector_table+0xac>)
1000194e:	1b80      	subs	r0, r0, r6
10001950:	0fe4      	lsrs	r4, r4, #31
10001952:	1b9b      	subs	r3, r3, r6
10001954:	2b05      	cmp	r3, #5
10001956:	d916      	bls.n	10001986 <runtime_init_install_ram_vector_table+0x62>
10001958:	0037      	movs	r7, r6
1000195a:	2c00      	cmp	r4, #0
1000195c:	d002      	beq.n	10001964 <runtime_init_install_ram_vector_table+0x40>
1000195e:	00b3      	lsls	r3, r6, #2
10001960:	1c77      	adds	r7, r6, #1
10001962:	50ea      	str	r2, [r5, r3]
10001964:	1b00      	subs	r0, r0, r4
10001966:	1933      	adds	r3, r6, r4
10001968:	009b      	lsls	r3, r3, #2
1000196a:	0841      	lsrs	r1, r0, #1
1000196c:	18eb      	adds	r3, r5, r3
1000196e:	00c9      	lsls	r1, r1, #3
10001970:	18c9      	adds	r1, r1, r3
10001972:	601a      	str	r2, [r3, #0]
10001974:	605a      	str	r2, [r3, #4]
10001976:	3308      	adds	r3, #8
10001978:	4299      	cmp	r1, r3
1000197a:	d1fa      	bne.n	10001972 <runtime_init_install_ram_vector_table+0x4e>
1000197c:	2301      	movs	r3, #1
1000197e:	4203      	tst	r3, r0
10001980:	d01c      	beq.n	100019bc <runtime_init_install_ram_vector_table+0x98>
10001982:	4398      	bics	r0, r3
10001984:	19c6      	adds	r6, r0, r7
10001986:	00b3      	lsls	r3, r6, #2
10001988:	50ea      	str	r2, [r5, r3]
1000198a:	1c73      	adds	r3, r6, #1
1000198c:	2e2f      	cmp	r6, #47	@ 0x2f
1000198e:	d015      	beq.n	100019bc <runtime_init_install_ram_vector_table+0x98>
10001990:	009b      	lsls	r3, r3, #2
10001992:	50ea      	str	r2, [r5, r3]
10001994:	1cb3      	adds	r3, r6, #2
10001996:	2e2e      	cmp	r6, #46	@ 0x2e
10001998:	d010      	beq.n	100019bc <runtime_init_install_ram_vector_table+0x98>
1000199a:	009b      	lsls	r3, r3, #2
1000199c:	50ea      	str	r2, [r5, r3]
1000199e:	1cf3      	adds	r3, r6, #3
100019a0:	2e2d      	cmp	r6, #45	@ 0x2d
100019a2:	d00b      	beq.n	100019bc <runtime_init_install_ram_vector_table+0x98>
100019a4:	009b      	lsls	r3, r3, #2
100019a6:	50ea      	str	r2, [r5, r3]
100019a8:	1d33      	adds	r3, r6, #4
100019aa:	2e2c      	cmp	r6, #44	@ 0x2c
100019ac:	d006      	beq.n	100019bc <runtime_init_install_ram_vector_table+0x98>
100019ae:	009b      	lsls	r3, r3, #2
100019b0:	50ea      	str	r2, [r5, r3]
100019b2:	1d73      	adds	r3, r6, #5
100019b4:	2e2b      	cmp	r6, #43	@ 0x2b
100019b6:	d001      	beq.n	100019bc <runtime_init_install_ram_vector_table+0x98>
100019b8:	009b      	lsls	r3, r3, #2
100019ba:	50ea      	str	r2, [r5, r3]
100019bc:	4b05      	ldr	r3, [pc, #20]	@ (100019d4 <runtime_init_install_ram_vector_table+0xb0>)
100019be:	609d      	str	r5, [r3, #8]
100019c0:	bdf8      	pop	{r3, r4, r5, r6, r7, pc}
100019c2:	46c0      	nop			@ (mov r8, r8)
100019c4:	10000100 	.word	0x10000100
100019c8:	100001c0 	.word	0x100001c0
100019cc:	20000000 	.word	0x20000000
100019d0:	100001c1 	.word	0x100001c1
100019d4:	e000ed00 	.word	0xe000ed00

100019d8 <runtime_init_clocks>:
100019d8:	2300      	movs	r3, #0
100019da:	b510      	push	{r4, lr}
100019dc:	4c29      	ldr	r4, [pc, #164]	@ (10001a84 <runtime_init_clocks+0xac>)
100019de:	b082      	sub	sp, #8
100019e0:	67a3      	str	r3, [r4, #120]	@ 0x78
100019e2:	f7ff ff2d 	bl	10001840 <xosc_init>
100019e6:	2201      	movs	r2, #1
100019e8:	4b27      	ldr	r3, [pc, #156]	@ (10001a88 <runtime_init_clocks+0xb0>)
100019ea:	601a      	str	r2, [r3, #0]
100019ec:	6c63      	ldr	r3, [r4, #68]	@ 0x44
100019ee:	2b01      	cmp	r3, #1
100019f0:	d1fc      	bne.n	100019ec <runtime_init_clocks+0x14>
100019f2:	2203      	movs	r2, #3
100019f4:	4b25      	ldr	r3, [pc, #148]	@ (10001a8c <runtime_init_clocks+0xb4>)
100019f6:	601a      	str	r2, [r3, #0]
100019f8:	4a22      	ldr	r2, [pc, #136]	@ (10001a84 <runtime_init_clocks+0xac>)
100019fa:	6b93      	ldr	r3, [r2, #56]	@ 0x38
100019fc:	2b01      	cmp	r3, #1
100019fe:	d1fc      	bne.n	100019fa <runtime_init_clocks+0x22>
10001a00:	3301      	adds	r3, #1
10001a02:	9300      	str	r3, [sp, #0]
10001a04:	2101      	movs	r1, #1
10001a06:	4a22      	ldr	r2, [pc, #136]	@ (10001a90 <runtime_init_clocks+0xb8>)
10001a08:	4822      	ldr	r0, [pc, #136]	@ (10001a94 <runtime_init_clocks+0xbc>)
10001a0a:	3304      	adds	r3, #4
10001a0c:	f7ff fe2c 	bl	10001668 <pll_init>
10001a10:	2305      	movs	r3, #5
10001a12:	2101      	movs	r1, #1
10001a14:	9300      	str	r3, [sp, #0]
10001a16:	4a20      	ldr	r2, [pc, #128]	@ (10001a98 <runtime_init_clocks+0xc0>)
10001a18:	4820      	ldr	r0, [pc, #128]	@ (10001a9c <runtime_init_clocks+0xc4>)
10001a1a:	f7ff fe25 	bl	10001668 <pll_init>
10001a1e:	2200      	movs	r2, #0
10001a20:	2102      	movs	r1, #2
10001a22:	2004      	movs	r0, #4
10001a24:	4b1e      	ldr	r3, [pc, #120]	@ (10001aa0 <runtime_init_clocks+0xc8>)
10001a26:	f7ff fda5 	bl	10001574 <clock_configure_undivided>
10001a2a:	2200      	movs	r2, #0
10001a2c:	2101      	movs	r1, #1
10001a2e:	2005      	movs	r0, #5
10001a30:	4b1c      	ldr	r3, [pc, #112]	@ (10001aa4 <runtime_init_clocks+0xcc>)
10001a32:	f7ff fd9f 	bl	10001574 <clock_configure_undivided>
10001a36:	2200      	movs	r2, #0
10001a38:	2100      	movs	r1, #0
10001a3a:	2007      	movs	r0, #7
10001a3c:	4b1a      	ldr	r3, [pc, #104]	@ (10001aa8 <runtime_init_clocks+0xd0>)
10001a3e:	f7ff fd99 	bl	10001574 <clock_configure_undivided>
10001a42:	2200      	movs	r2, #0
10001a44:	2100      	movs	r1, #0
10001a46:	2008      	movs	r0, #8
10001a48:	4b17      	ldr	r3, [pc, #92]	@ (10001aa8 <runtime_init_clocks+0xd0>)
10001a4a:	f7ff fd93 	bl	10001574 <clock_configure_undivided>
10001a4e:	2380      	movs	r3, #128	@ 0x80
10001a50:	00db      	lsls	r3, r3, #3
10001a52:	9300      	str	r3, [sp, #0]
10001a54:	2200      	movs	r2, #0
10001a56:	2100      	movs	r1, #0
10001a58:	2009      	movs	r0, #9
10001a5a:	4b13      	ldr	r3, [pc, #76]	@ (10001aa8 <runtime_init_clocks+0xd0>)
10001a5c:	f7ff fd10 	bl	10001480 <clock_configure_int_divider>
10001a60:	2200      	movs	r2, #0
10001a62:	4b10      	ldr	r3, [pc, #64]	@ (10001aa4 <runtime_init_clocks+0xcc>)
10001a64:	2100      	movs	r1, #0
10001a66:	2006      	movs	r0, #6
10001a68:	f7ff fd84 	bl	10001574 <clock_configure_undivided>
10001a6c:	2004      	movs	r0, #4
10001a6e:	f7ff fdf5 	bl	1000165c <clock_get_hz>
10001a72:	490e      	ldr	r1, [pc, #56]	@ (10001aac <runtime_init_clocks+0xd4>)
10001a74:	f000 f84c 	bl	10001b10 <__wrap___aeabi_uidiv>
10001a78:	0001      	movs	r1, r0
10001a7a:	2000      	movs	r0, #0
10001a7c:	f7ff fe94 	bl	100017a8 <tick_start>
10001a80:	b002      	add	sp, #8
10001a82:	bd10      	pop	{r4, pc}
10001a84:	40008000 	.word	0x40008000
10001a88:	4000b03c 	.word	0x4000b03c
10001a8c:	4000b030 	.word	0x4000b030
10001a90:	59682f00 	.word	0x59682f00
10001a94:	40028000 	.word	0x40028000
10001a98:	47868c00 	.word	0x47868c00
10001a9c:	4002c000 	.word	0x4002c000
10001aa0:	00b71b00 	.word	0x00b71b00
10001aa4:	07735940 	.word	0x07735940
10001aa8:	02dc6c00 	.word	0x02dc6c00
10001aac:	000f4240 	.word	0x000f4240

10001ab0 <__aeabi_bits_init>:
10001ab0:	4801      	ldr	r0, [pc, #4]	@ (10001ab8 <__aeabi_bits_init+0x8>)
10001ab2:	2104      	movs	r1, #4
10001ab4:	4b01      	ldr	r3, [pc, #4]	@ (10001abc <__aeabi_bits_init+0xc>)
10001ab6:	4718      	bx	r3
10001ab8:	20001140 	.word	0x20001140
10001abc:	100017d9 	.word	0x100017d9

10001ac0 <__wrap___aeabi_idiv>:
10001ac0:	4a12      	ldr	r2, [pc, #72]	@ (10001b0c <divmod_s32s32_savestate+0x18>)
10001ac2:	6f93      	ldr	r3, [r2, #120]	@ 0x78
10001ac4:	089b      	lsrs	r3, r3, #2
10001ac6:	d215      	bcs.n	10001af4 <divmod_s32s32_savestate>

10001ac8 <divmod_s32s32_unsafe>:
10001ac8:	6690      	str	r0, [r2, #104]	@ 0x68
10001aca:	66d1      	str	r1, [r2, #108]	@ 0x6c
10001acc:	2900      	cmp	r1, #0
10001ace:	d005      	beq.n	10001adc <divmod_s32s32_unsafe+0x14>
10001ad0:	e7ff      	b.n	10001ad2 <divmod_s32s32_unsafe+0xa>
10001ad2:	e7ff      	b.n	10001ad4 <divmod_s32s32_unsafe+0xc>
10001ad4:	e7ff      	b.n	10001ad6 <divmod_s32s32_unsafe+0xe>
10001ad6:	6f51      	ldr	r1, [r2, #116]	@ 0x74
10001ad8:	6f10      	ldr	r0, [r2, #112]	@ 0x70
10001ada:	4770      	bx	lr
10001adc:	b504      	push	{r2, lr}
10001ade:	2180      	movs	r1, #128	@ 0x80
10001ae0:	0609      	lsls	r1, r1, #24
10001ae2:	17c2      	asrs	r2, r0, #31
10001ae4:	4051      	eors	r1, r2
10001ae6:	2800      	cmp	r0, #0
10001ae8:	d000      	beq.n	10001aec <divmod_s32s32_unsafe+0x24>
10001aea:	43c8      	mvns	r0, r1
10001aec:	f006 fdb8 	bl	10008660 <____aeabi_idiv0_veneer>
10001af0:	2100      	movs	r1, #0
10001af2:	bd04      	pop	{r2, pc}

10001af4 <divmod_s32s32_savestate>:
10001af4:	b5f0      	push	{r4, r5, r6, r7, lr}
10001af6:	6e14      	ldr	r4, [r2, #96]	@ 0x60
10001af8:	6e55      	ldr	r5, [r2, #100]	@ 0x64
10001afa:	6f57      	ldr	r7, [r2, #116]	@ 0x74
10001afc:	6f16      	ldr	r6, [r2, #112]	@ 0x70
10001afe:	f7ff ffe3 	bl	10001ac8 <divmod_s32s32_unsafe>
10001b02:	6614      	str	r4, [r2, #96]	@ 0x60
10001b04:	6655      	str	r5, [r2, #100]	@ 0x64
10001b06:	6757      	str	r7, [r2, #116]	@ 0x74
10001b08:	6716      	str	r6, [r2, #112]	@ 0x70
10001b0a:	bdf0      	pop	{r4, r5, r6, r7, pc}
10001b0c:	d0000000 	.word	0xd0000000

10001b10 <__wrap___aeabi_uidiv>:
10001b10:	4a11      	ldr	r2, [pc, #68]	@ (10001b58 <divmod_u32u32_savestate+0x18>)
10001b12:	6f93      	ldr	r3, [r2, #120]	@ 0x78
10001b14:	089b      	lsrs	r3, r3, #2
10001b16:	d213      	bcs.n	10001b40 <divmod_u32u32_savestate>

10001b18 <divmod_u32u32_unsafe>:
10001b18:	6610      	str	r0, [r2, #96]	@ 0x60
10001b1a:	6651      	str	r1, [r2, #100]	@ 0x64
10001b1c:	2900      	cmp	r1, #0
10001b1e:	d005      	beq.n	10001b2c <divmod_u32u32_unsafe+0x14>
10001b20:	e7ff      	b.n	10001b22 <divmod_u32u32_unsafe+0xa>
10001b22:	e7ff      	b.n	10001b24 <divmod_u32u32_unsafe+0xc>
10001b24:	e7ff      	b.n	10001b26 <divmod_u32u32_unsafe+0xe>
10001b26:	6f51      	ldr	r1, [r2, #116]	@ 0x74
10001b28:	6f10      	ldr	r0, [r2, #112]	@ 0x70
10001b2a:	4770      	bx	lr
10001b2c:	b504      	push	{r2, lr}
10001b2e:	2800      	cmp	r0, #0
10001b30:	d001      	beq.n	10001b36 <divmod_u32u32_unsafe+0x1e>
10001b32:	2000      	movs	r0, #0
10001b34:	43c0      	mvns	r0, r0
10001b36:	f006 fd93 	bl	10008660 <____aeabi_idiv0_veneer>
10001b3a:	2100      	movs	r1, #0
10001b3c:	bd04      	pop	{r2, pc}
10001b3e:	46c0      	nop			@ (mov r8, r8)

10001b40 <divmod_u32u32_savestate>:
10001b40:	b5f0      	push	{r4, r5, r6, r7, lr}
10001b42:	6e14      	ldr	r4, [r2, #96]	@ 0x60
10001b44:	6e55      	ldr	r5, [r2, #100]	@ 0x64
10001b46:	6f57      	ldr	r7, [r2, #116]	@ 0x74
10001b48:	6f16      	ldr	r6, [r2, #112]	@ 0x70
10001b4a:	f7ff ffe5 	bl	10001b18 <divmod_u32u32_unsafe>
10001b4e:	6614      	str	r4, [r2, #96]	@ 0x60
10001b50:	6655      	str	r5, [r2, #100]	@ 0x64
10001b52:	6757      	str	r7, [r2, #116]	@ 0x74
10001b54:	6716      	str	r6, [r2, #112]	@ 0x70
10001b56:	bdf0      	pop	{r4, r5, r6, r7, pc}
10001b58:	d0000000 	.word	0xd0000000

10001b5c <__wrap___aeabi_ldivmod>:
10001b5c:	4694      	mov	ip, r2
10001b5e:	4a4a      	ldr	r2, [pc, #296]	@ (10001c88 <udiv0+0x1a>)
10001b60:	6f92      	ldr	r2, [r2, #120]	@ 0x78
10001b62:	0892      	lsrs	r2, r2, #2
10001b64:	4662      	mov	r2, ip
10001b66:	d201      	bcs.n	10001b6c <divmod_s64s64_savestate>
10001b68:	e028      	b.n	10001bbc <divmod_s64s64_unsafe>
10001b6a:	46c0      	nop			@ (mov r8, r8)

10001b6c <divmod_s64s64_savestate>:
10001b6c:	b5f0      	push	{r4, r5, r6, r7, lr}
10001b6e:	4e46      	ldr	r6, [pc, #280]	@ (10001c88 <udiv0+0x1a>)
10001b70:	6e34      	ldr	r4, [r6, #96]	@ 0x60
10001b72:	6e75      	ldr	r5, [r6, #100]	@ 0x64
10001b74:	6f77      	ldr	r7, [r6, #116]	@ 0x74
10001b76:	6f36      	ldr	r6, [r6, #112]	@ 0x70
10001b78:	f000 f820 	bl	10001bbc <divmod_s64s64_unsafe>
10001b7c:	4694      	mov	ip, r2
10001b7e:	4a42      	ldr	r2, [pc, #264]	@ (10001c88 <udiv0+0x1a>)
10001b80:	6614      	str	r4, [r2, #96]	@ 0x60
10001b82:	6655      	str	r5, [r2, #100]	@ 0x64
10001b84:	6757      	str	r7, [r2, #116]	@ 0x74
10001b86:	6716      	str	r6, [r2, #112]	@ 0x70
10001b88:	4662      	mov	r2, ip
10001b8a:	bdf0      	pop	{r4, r5, r6, r7, pc}

10001b8c <__wrap___aeabi_uldivmod>:
10001b8c:	4694      	mov	ip, r2
10001b8e:	4a3e      	ldr	r2, [pc, #248]	@ (10001c88 <udiv0+0x1a>)
10001b90:	6f92      	ldr	r2, [r2, #120]	@ 0x78
10001b92:	0892      	lsrs	r2, r2, #2
10001b94:	4662      	mov	r2, ip
10001b96:	d201      	bcs.n	10001b9c <divmod_u64u64_savestate>
10001b98:	e054      	b.n	10001c44 <divmod_u64u64_unsafe>
10001b9a:	46c0      	nop			@ (mov r8, r8)

10001b9c <divmod_u64u64_savestate>:
10001b9c:	b5f0      	push	{r4, r5, r6, r7, lr}
10001b9e:	4e3a      	ldr	r6, [pc, #232]	@ (10001c88 <udiv0+0x1a>)
10001ba0:	6e34      	ldr	r4, [r6, #96]	@ 0x60
10001ba2:	6e75      	ldr	r5, [r6, #100]	@ 0x64
10001ba4:	6f77      	ldr	r7, [r6, #116]	@ 0x74
10001ba6:	6f36      	ldr	r6, [r6, #112]	@ 0x70
10001ba8:	f000 f84c 	bl	10001c44 <divmod_u64u64_unsafe>
10001bac:	4694      	mov	ip, r2
10001bae:	4a36      	ldr	r2, [pc, #216]	@ (10001c88 <udiv0+0x1a>)
10001bb0:	6614      	str	r4, [r2, #96]	@ 0x60
10001bb2:	6655      	str	r5, [r2, #100]	@ 0x64
10001bb4:	6757      	str	r7, [r2, #116]	@ 0x74
10001bb6:	6716      	str	r6, [r2, #112]	@ 0x70
10001bb8:	4662      	mov	r2, ip
10001bba:	bdf0      	pop	{r4, r5, r6, r7, pc}

10001bbc <divmod_s64s64_unsafe>:
10001bbc:	2b00      	cmp	r3, #0
10001bbe:	db24      	blt.n	10001c0a <l42_1+0x26>
10001bc0:	d011      	beq.n	10001be6 <l42_1+0x2>
10001bc2:	2900      	cmp	r1, #0
10001bc4:	da3e      	bge.n	10001c44 <divmod_u64u64_unsafe>
10001bc6:	b500      	push	{lr}
10001bc8:	43c9      	mvns	r1, r1
10001bca:	4240      	negs	r0, r0
10001bcc:	d100      	bne.n	10001bd0 <l40_1>
10001bce:	3101      	adds	r1, #1

10001bd0 <l40_1>:
10001bd0:	f000 f838 	bl	10001c44 <divmod_u64u64_unsafe>
10001bd4:	43c9      	mvns	r1, r1
10001bd6:	4240      	negs	r0, r0
10001bd8:	d100      	bne.n	10001bdc <l41_1>
10001bda:	3101      	adds	r1, #1

10001bdc <l41_1>:
10001bdc:	43db      	mvns	r3, r3
10001bde:	4252      	negs	r2, r2
10001be0:	d100      	bne.n	10001be4 <l42_1>
10001be2:	3301      	adds	r3, #1

10001be4 <l42_1>:
10001be4:	bd00      	pop	{pc}
10001be6:	2a00      	cmp	r2, #0
10001be8:	d1eb      	bne.n	10001bc2 <divmod_s64s64_unsafe+0x6>
10001bea:	2800      	cmp	r0, #0
10001bec:	d101      	bne.n	10001bf2 <l42_1+0xe>
10001bee:	2900      	cmp	r1, #0
10001bf0:	d005      	beq.n	10001bfe <l42_1+0x1a>
10001bf2:	2000      	movs	r0, #0
10001bf4:	0fc9      	lsrs	r1, r1, #31
10001bf6:	07c9      	lsls	r1, r1, #31
10001bf8:	d101      	bne.n	10001bfe <l42_1+0x1a>
10001bfa:	43c0      	mvns	r0, r0
10001bfc:	0841      	lsrs	r1, r0, #1
10001bfe:	b500      	push	{lr}
10001c00:	f006 fd26 	bl	10008650 <____aeabi_ldiv0_veneer>
10001c04:	2200      	movs	r2, #0
10001c06:	2300      	movs	r3, #0
10001c08:	bd00      	pop	{pc}
10001c0a:	b500      	push	{lr}
10001c0c:	2900      	cmp	r1, #0
10001c0e:	db0a      	blt.n	10001c26 <l44_1+0x2>
10001c10:	43db      	mvns	r3, r3
10001c12:	4252      	negs	r2, r2
10001c14:	d100      	bne.n	10001c18 <l43_1>
10001c16:	3301      	adds	r3, #1

10001c18 <l43_1>:
10001c18:	f000 f814 	bl	10001c44 <divmod_u64u64_unsafe>
10001c1c:	43c9      	mvns	r1, r1
10001c1e:	4240      	negs	r0, r0
10001c20:	d100      	bne.n	10001c24 <l44_1>
10001c22:	3101      	adds	r1, #1

10001c24 <l44_1>:
10001c24:	bd00      	pop	{pc}
10001c26:	43c9      	mvns	r1, r1
10001c28:	4240      	negs	r0, r0
10001c2a:	d100      	bne.n	10001c2e <l45_1>
10001c2c:	3101      	adds	r1, #1

10001c2e <l45_1>:
10001c2e:	43db      	mvns	r3, r3
10001c30:	4252      	negs	r2, r2
10001c32:	d100      	bne.n	10001c36 <l46_1>
10001c34:	3301      	adds	r3, #1

10001c36 <l46_1>:
10001c36:	f000 f805 	bl	10001c44 <divmod_u64u64_unsafe>
10001c3a:	43db      	mvns	r3, r3
10001c3c:	4252      	negs	r2, r2
10001c3e:	d100      	bne.n	10001c42 <l47_1>
10001c40:	3301      	adds	r3, #1

10001c42 <l47_1>:
10001c42:	bd00      	pop	{pc}

10001c44 <divmod_u64u64_unsafe>:
10001c44:	2900      	cmp	r1, #0
10001c46:	d123      	bne.n	10001c90 <y64>
10001c48:	2b00      	cmp	r3, #0
10001c4a:	d118      	bne.n	10001c7e <udiv0+0x10>
10001c4c:	2a00      	cmp	r2, #0
10001c4e:	d00c      	beq.n	10001c6a <divmod_u64u64_unsafe+0x26>
10001c50:	46bc      	mov	ip, r7
10001c52:	4f0d      	ldr	r7, [pc, #52]	@ (10001c88 <udiv0+0x1a>)
10001c54:	6638      	str	r0, [r7, #96]	@ 0x60
10001c56:	667a      	str	r2, [r7, #100]	@ 0x64
10001c58:	2100      	movs	r1, #0
10001c5a:	2300      	movs	r3, #0
10001c5c:	e7ff      	b.n	10001c5e <divmod_u64u64_unsafe+0x1a>
10001c5e:	e7ff      	b.n	10001c60 <divmod_u64u64_unsafe+0x1c>
10001c60:	e7ff      	b.n	10001c62 <divmod_u64u64_unsafe+0x1e>
10001c62:	6f7a      	ldr	r2, [r7, #116]	@ 0x74
10001c64:	6f38      	ldr	r0, [r7, #112]	@ 0x70
10001c66:	4667      	mov	r7, ip
10001c68:	4770      	bx	lr
10001c6a:	2800      	cmp	r0, #0
10001c6c:	d001      	beq.n	10001c72 <udiv0+0x4>

10001c6e <udiv0>:
10001c6e:	4807      	ldr	r0, [pc, #28]	@ (10001c8c <udiv0+0x1e>)
10001c70:	0001      	movs	r1, r0
10001c72:	b500      	push	{lr}
10001c74:	f006 fcec 	bl	10008650 <____aeabi_ldiv0_veneer>
10001c78:	2200      	movs	r2, #0
10001c7a:	2300      	movs	r3, #0
10001c7c:	bd00      	pop	{pc}
10001c7e:	0002      	movs	r2, r0
10001c80:	000b      	movs	r3, r1
10001c82:	2000      	movs	r0, #0
10001c84:	2100      	movs	r1, #0
10001c86:	4770      	bx	lr
10001c88:	d0000000 	.word	0xd0000000
10001c8c:	ffffffff 	.word	0xffffffff

10001c90 <y64>:
10001c90:	2b00      	cmp	r3, #0
10001c92:	d000      	beq.n	10001c96 <y64+0x6>
10001c94:	e0bf      	b.n	10001e16 <y64_x48>
10001c96:	0c13      	lsrs	r3, r2, #16
10001c98:	d128      	bne.n	10001cec <y64_x32>
10001c9a:	2a00      	cmp	r2, #0
10001c9c:	d0e7      	beq.n	10001c6e <udiv0>
10001c9e:	b480      	push	{r7}
10001ca0:	4f11      	ldr	r7, [pc, #68]	@ (10001ce8 <y64+0x58>)
10001ca2:	6639      	str	r1, [r7, #96]	@ 0x60
10001ca4:	667a      	str	r2, [r7, #100]	@ 0x64
10001ca6:	e7ff      	b.n	10001ca8 <y64+0x18>
10001ca8:	e7ff      	b.n	10001caa <y64+0x1a>
10001caa:	b430      	push	{r4, r5}
10001cac:	0c04      	lsrs	r4, r0, #16
10001cae:	6f7b      	ldr	r3, [r7, #116]	@ 0x74
10001cb0:	6f39      	ldr	r1, [r7, #112]	@ 0x70
10001cb2:	041b      	lsls	r3, r3, #16
10001cb4:	4323      	orrs	r3, r4
10001cb6:	663b      	str	r3, [r7, #96]	@ 0x60
10001cb8:	667a      	str	r2, [r7, #100]	@ 0x64
10001cba:	e7ff      	b.n	10001cbc <y64+0x2c>
10001cbc:	e7ff      	b.n	10001cbe <y64+0x2e>
10001cbe:	e7ff      	b.n	10001cc0 <y64+0x30>
10001cc0:	46c0      	nop			@ (mov r8, r8)
10001cc2:	b284      	uxth	r4, r0
10001cc4:	6f7b      	ldr	r3, [r7, #116]	@ 0x74
10001cc6:	6f3d      	ldr	r5, [r7, #112]	@ 0x70
10001cc8:	041b      	lsls	r3, r3, #16
10001cca:	4323      	orrs	r3, r4
10001ccc:	663b      	str	r3, [r7, #96]	@ 0x60
10001cce:	667a      	str	r2, [r7, #100]	@ 0x64
10001cd0:	e7ff      	b.n	10001cd2 <y64+0x42>
10001cd2:	e7ff      	b.n	10001cd4 <y64+0x44>
10001cd4:	46c0      	nop			@ (mov r8, r8)
10001cd6:	2300      	movs	r3, #0
10001cd8:	042c      	lsls	r4, r5, #16
10001cda:	0c2d      	lsrs	r5, r5, #16
10001cdc:	6f7a      	ldr	r2, [r7, #116]	@ 0x74
10001cde:	6f38      	ldr	r0, [r7, #112]	@ 0x70
10001ce0:	1900      	adds	r0, r0, r4
10001ce2:	4169      	adcs	r1, r5
10001ce4:	bcb0      	pop	{r4, r5, r7}
10001ce6:	4770      	bx	lr
10001ce8:	d0000000 	.word	0xd0000000

10001cec <y64_x32>:
10001cec:	b5f0      	push	{r4, r5, r6, r7, lr}
10001cee:	4694      	mov	ip, r2
10001cf0:	2500      	movs	r5, #0
10001cf2:	0e14      	lsrs	r4, r2, #24
10001cf4:	d101      	bne.n	10001cfa <y64_x32+0xe>
10001cf6:	0212      	lsls	r2, r2, #8
10001cf8:	3508      	adds	r5, #8
10001cfa:	0f14      	lsrs	r4, r2, #28
10001cfc:	d101      	bne.n	10001d02 <y64_x32+0x16>
10001cfe:	0112      	lsls	r2, r2, #4
10001d00:	3504      	adds	r5, #4
10001d02:	0f94      	lsrs	r4, r2, #30
10001d04:	d101      	bne.n	10001d0a <y64_x32+0x1e>
10001d06:	0092      	lsls	r2, r2, #2
10001d08:	3502      	adds	r5, #2
10001d0a:	0fd4      	lsrs	r4, r2, #31
10001d0c:	d101      	bne.n	10001d12 <y64_x32+0x26>
10001d0e:	0052      	lsls	r2, r2, #1
10001d10:	3501      	adds	r5, #1
10001d12:	0bd4      	lsrs	r4, r2, #15
10001d14:	3401      	adds	r4, #1
10001d16:	4f25      	ldr	r7, [pc, #148]	@ (10001dac <y64_x32+0xc0>)
10001d18:	667c      	str	r4, [r7, #100]	@ 0x64
10001d1a:	4c25      	ldr	r4, [pc, #148]	@ (10001db0 <y64_x32+0xc4>)
10001d1c:	663c      	str	r4, [r7, #96]	@ 0x60
10001d1e:	0c0e      	lsrs	r6, r1, #16
10001d20:	b293      	uxth	r3, r2
10001d22:	e7ff      	b.n	10001d24 <y64_x32+0x38>
10001d24:	e7ff      	b.n	10001d26 <y64_x32+0x3a>
10001d26:	e7ff      	b.n	10001d28 <y64_x32+0x3c>
10001d28:	6f3c      	ldr	r4, [r7, #112]	@ 0x70
10001d2a:	4366      	muls	r6, r4
10001d2c:	0c36      	lsrs	r6, r6, #16
10001d2e:	0377      	lsls	r7, r6, #13
10001d30:	46be      	mov	lr, r7
10001d32:	4373      	muls	r3, r6
10001d34:	0bdf      	lsrs	r7, r3, #15
10001d36:	045b      	lsls	r3, r3, #17
10001d38:	1ac0      	subs	r0, r0, r3
10001d3a:	41b9      	sbcs	r1, r7
10001d3c:	0c13      	lsrs	r3, r2, #16
10001d3e:	4373      	muls	r3, r6
10001d40:	18db      	adds	r3, r3, r3
10001d42:	1ac9      	subs	r1, r1, r3
10001d44:	08ce      	lsrs	r6, r1, #3
10001d46:	4366      	muls	r6, r4
10001d48:	0c36      	lsrs	r6, r6, #16
10001d4a:	44b6      	add	lr, r6
10001d4c:	b293      	uxth	r3, r2
10001d4e:	4373      	muls	r3, r6
10001d50:	0f1f      	lsrs	r7, r3, #28
10001d52:	011b      	lsls	r3, r3, #4
10001d54:	1ac0      	subs	r0, r0, r3
10001d56:	41b9      	sbcs	r1, r7
10001d58:	0c13      	lsrs	r3, r2, #16
10001d5a:	4373      	muls	r3, r6
10001d5c:	0b1f      	lsrs	r7, r3, #12
10001d5e:	051b      	lsls	r3, r3, #20
10001d60:	1ac0      	subs	r0, r0, r3
10001d62:	41b9      	sbcs	r1, r7
10001d64:	0d86      	lsrs	r6, r0, #22
10001d66:	028f      	lsls	r7, r1, #10
10001d68:	433e      	orrs	r6, r7
10001d6a:	4366      	muls	r6, r4
10001d6c:	0c36      	lsrs	r6, r6, #16
10001d6e:	2d09      	cmp	r5, #9
10001d70:	db24      	blt.n	10001dbc <last0>
10001d72:	0a52      	lsrs	r2, r2, #9
10001d74:	4372      	muls	r2, r6
10001d76:	1a80      	subs	r0, r0, r2
10001d78:	0377      	lsls	r7, r6, #13
10001d7a:	0a46      	lsrs	r6, r0, #9
10001d7c:	4366      	muls	r6, r4
10001d7e:	0c36      	lsrs	r6, r6, #16
10001d80:	2316      	movs	r3, #22
10001d82:	1b5b      	subs	r3, r3, r5
10001d84:	40de      	lsrs	r6, r3
10001d86:	40df      	lsrs	r7, r3
10001d88:	19bf      	adds	r7, r7, r6
10001d8a:	4664      	mov	r4, ip
10001d8c:	4366      	muls	r6, r4
10001d8e:	1b82      	subs	r2, r0, r6
10001d90:	4670      	mov	r0, lr
10001d92:	3504      	adds	r5, #4
10001d94:	3306      	adds	r3, #6
10001d96:	0001      	movs	r1, r0
10001d98:	40d9      	lsrs	r1, r3
10001d9a:	40a8      	lsls	r0, r5
10001d9c:	19c0      	adds	r0, r0, r7
10001d9e:	d300      	bcc.n	10001da2 <y64_x32+0xb6>
10001da0:	3101      	adds	r1, #1
10001da2:	42a2      	cmp	r2, r4
10001da4:	d206      	bcs.n	10001db4 <y64_x32+0xc8>
10001da6:	2300      	movs	r3, #0
10001da8:	bdf0      	pop	{r4, r5, r6, r7, pc}
10001daa:	0000      	.short	0x0000
10001dac:	d0000000 	.word	0xd0000000
10001db0:	ffffffff 	.word	0xffffffff
10001db4:	1b12      	subs	r2, r2, r4
10001db6:	3001      	adds	r0, #1
10001db8:	d3f3      	bcc.n	10001da2 <y64_x32+0xb6>
10001dba:	e7f1      	b.n	10001da0 <y64_x32+0xb4>

10001dbc <last0>:
10001dbc:	2709      	movs	r7, #9
10001dbe:	1b7f      	subs	r7, r7, r5
10001dc0:	40fe      	lsrs	r6, r7
10001dc2:	4664      	mov	r4, ip
10001dc4:	b2a2      	uxth	r2, r4
10001dc6:	4372      	muls	r2, r6
10001dc8:	1a80      	subs	r0, r0, r2
10001dca:	d200      	bcs.n	10001dce <last0+0x12>
10001dcc:	3901      	subs	r1, #1
10001dce:	0c22      	lsrs	r2, r4, #16
10001dd0:	4372      	muls	r2, r6
10001dd2:	0c13      	lsrs	r3, r2, #16
10001dd4:	0412      	lsls	r2, r2, #16
10001dd6:	1a82      	subs	r2, r0, r2
10001dd8:	4199      	sbcs	r1, r3
10001dda:	000b      	movs	r3, r1
10001ddc:	4670      	mov	r0, lr
10001dde:	3504      	adds	r5, #4
10001de0:	3713      	adds	r7, #19
10001de2:	0001      	movs	r1, r0
10001de4:	40f9      	lsrs	r1, r7
10001de6:	40a8      	lsls	r0, r5
10001de8:	1980      	adds	r0, r0, r6
10001dea:	d300      	bcc.n	10001dee <last0+0x32>
10001dec:	3101      	adds	r1, #1
10001dee:	2b00      	cmp	r3, #0
10001df0:	d102      	bne.n	10001df8 <last0+0x3c>
10001df2:	42a2      	cmp	r2, r4
10001df4:	d20a      	bcs.n	10001e0c <last0+0x50>
10001df6:	bdf0      	pop	{r4, r5, r6, r7, pc}
10001df8:	3001      	adds	r0, #1
10001dfa:	d300      	bcc.n	10001dfe <last0+0x42>
10001dfc:	3101      	adds	r1, #1
10001dfe:	1b12      	subs	r2, r2, r4
10001e00:	d2fa      	bcs.n	10001df8 <last0+0x3c>
10001e02:	3b01      	subs	r3, #1
10001e04:	d1f8      	bne.n	10001df8 <last0+0x3c>
10001e06:	42a2      	cmp	r2, r4
10001e08:	d200      	bcs.n	10001e0c <last0+0x50>
10001e0a:	bdf0      	pop	{r4, r5, r6, r7, pc}
10001e0c:	3001      	adds	r0, #1
10001e0e:	d300      	bcc.n	10001e12 <last0+0x56>
10001e10:	3101      	adds	r1, #1
10001e12:	1b12      	subs	r2, r2, r4
10001e14:	e7f7      	b.n	10001e06 <last0+0x4a>

10001e16 <y64_x48>:
10001e16:	b5f0      	push	{r4, r5, r6, r7, lr}
10001e18:	0c1c      	lsrs	r4, r3, #16
10001e1a:	d000      	beq.n	10001e1e <y64_x48+0x8>
10001e1c:	e080      	b.n	10001f20 <y64_x64>
10001e1e:	b40c      	push	{r2, r3}
10001e20:	2500      	movs	r5, #0
10001e22:	0a1c      	lsrs	r4, r3, #8
10001e24:	d104      	bne.n	10001e30 <y64_x48+0x1a>
10001e26:	021b      	lsls	r3, r3, #8
10001e28:	0e16      	lsrs	r6, r2, #24
10001e2a:	4333      	orrs	r3, r6
10001e2c:	0212      	lsls	r2, r2, #8
10001e2e:	3508      	adds	r5, #8
10001e30:	0b1c      	lsrs	r4, r3, #12
10001e32:	d104      	bne.n	10001e3e <y64_x48+0x28>
10001e34:	011b      	lsls	r3, r3, #4
10001e36:	0f16      	lsrs	r6, r2, #28
10001e38:	4333      	orrs	r3, r6
10001e3a:	0112      	lsls	r2, r2, #4
10001e3c:	3504      	adds	r5, #4
10001e3e:	0b9c      	lsrs	r4, r3, #14
10001e40:	d104      	bne.n	10001e4c <y64_x48+0x36>
10001e42:	009b      	lsls	r3, r3, #2
10001e44:	0f96      	lsrs	r6, r2, #30
10001e46:	4333      	orrs	r3, r6
10001e48:	0092      	lsls	r2, r2, #2
10001e4a:	3502      	adds	r5, #2
10001e4c:	0bdc      	lsrs	r4, r3, #15
10001e4e:	d102      	bne.n	10001e56 <y64_x48+0x40>
10001e50:	1892      	adds	r2, r2, r2
10001e52:	415b      	adcs	r3, r3
10001e54:	3501      	adds	r5, #1
10001e56:	001c      	movs	r4, r3
10001e58:	1897      	adds	r7, r2, r2
10001e5a:	4164      	adcs	r4, r4
10001e5c:	3401      	adds	r4, #1
10001e5e:	4f46      	ldr	r7, [pc, #280]	@ (10001f78 <y64_x64+0x58>)
10001e60:	667c      	str	r4, [r7, #100]	@ 0x64
10001e62:	4c46      	ldr	r4, [pc, #280]	@ (10001f7c <y64_x64+0x5c>)
10001e64:	663c      	str	r4, [r7, #96]	@ 0x60
10001e66:	0c0e      	lsrs	r6, r1, #16
10001e68:	e7ff      	b.n	10001e6a <y64_x48+0x54>
10001e6a:	e7ff      	b.n	10001e6c <y64_x48+0x56>
10001e6c:	e7ff      	b.n	10001e6e <y64_x48+0x58>
10001e6e:	46c0      	nop			@ (mov r8, r8)
10001e70:	6f3c      	ldr	r4, [r7, #112]	@ 0x70
10001e72:	4366      	muls	r6, r4
10001e74:	0c36      	lsrs	r6, r6, #16
10001e76:	0377      	lsls	r7, r6, #13
10001e78:	46be      	mov	lr, r7
10001e7a:	b297      	uxth	r7, r2
10001e7c:	4377      	muls	r7, r6
10001e7e:	1bc0      	subs	r0, r0, r7
10001e80:	d200      	bcs.n	10001e84 <y64_x48+0x6e>
10001e82:	3901      	subs	r1, #1
10001e84:	1bc0      	subs	r0, r0, r7
10001e86:	d200      	bcs.n	10001e8a <y64_x48+0x74>
10001e88:	3901      	subs	r1, #1
10001e8a:	b29f      	uxth	r7, r3
10001e8c:	4377      	muls	r7, r6
10001e8e:	1bc9      	subs	r1, r1, r7
10001e90:	1bc9      	subs	r1, r1, r7
10001e92:	0c17      	lsrs	r7, r2, #16
10001e94:	4377      	muls	r7, r6
10001e96:	047e      	lsls	r6, r7, #17
10001e98:	0bff      	lsrs	r7, r7, #15
10001e9a:	1b80      	subs	r0, r0, r6
10001e9c:	41b9      	sbcs	r1, r7
10001e9e:	08ce      	lsrs	r6, r1, #3
10001ea0:	4366      	muls	r6, r4
10001ea2:	0c36      	lsrs	r6, r6, #16
10001ea4:	2d0c      	cmp	r5, #12
10001ea6:	db33      	blt.n	10001f10 <last1>
10001ea8:	44b6      	add	lr, r6
10001eaa:	0b12      	lsrs	r2, r2, #12
10001eac:	051f      	lsls	r7, r3, #20
10001eae:	433a      	orrs	r2, r7
10001eb0:	0b1b      	lsrs	r3, r3, #12
10001eb2:	b297      	uxth	r7, r2
10001eb4:	4377      	muls	r7, r6
10001eb6:	1bc0      	subs	r0, r0, r7
10001eb8:	d200      	bcs.n	10001ebc <y64_x48+0xa6>
10001eba:	3901      	subs	r1, #1
10001ebc:	b29f      	uxth	r7, r3
10001ebe:	4377      	muls	r7, r6
10001ec0:	1bc9      	subs	r1, r1, r7
10001ec2:	0c17      	lsrs	r7, r2, #16
10001ec4:	4377      	muls	r7, r6
10001ec6:	043e      	lsls	r6, r7, #16
10001ec8:	0c3f      	lsrs	r7, r7, #16
10001eca:	1b80      	subs	r0, r0, r6
10001ecc:	41b9      	sbcs	r1, r7
10001ece:	0d86      	lsrs	r6, r0, #22
10001ed0:	028f      	lsls	r7, r1, #10
10001ed2:	433e      	orrs	r6, r7
10001ed4:	4366      	muls	r6, r4
10001ed6:	2729      	movs	r7, #41	@ 0x29
10001ed8:	1b7f      	subs	r7, r7, r5
10001eda:	40fe      	lsrs	r6, r7
10001edc:	3d0c      	subs	r5, #12
10001ede:	4677      	mov	r7, lr
10001ee0:	40af      	lsls	r7, r5
10001ee2:	19bf      	adds	r7, r7, r6
10001ee4:	bc30      	pop	{r4, r5}
10001ee6:	b2a2      	uxth	r2, r4
10001ee8:	b2ab      	uxth	r3, r5
10001eea:	4372      	muls	r2, r6
10001eec:	4373      	muls	r3, r6
10001eee:	1a80      	subs	r0, r0, r2
10001ef0:	4199      	sbcs	r1, r3
10001ef2:	0c22      	lsrs	r2, r4, #16
10001ef4:	4372      	muls	r2, r6
10001ef6:	0c13      	lsrs	r3, r2, #16
10001ef8:	0412      	lsls	r2, r2, #16
10001efa:	1a80      	subs	r0, r0, r2
10001efc:	4199      	sbcs	r1, r3
10001efe:	0002      	movs	r2, r0
10001f00:	000b      	movs	r3, r1
10001f02:	3701      	adds	r7, #1
10001f04:	1b00      	subs	r0, r0, r4
10001f06:	41a9      	sbcs	r1, r5
10001f08:	d2f9      	bcs.n	10001efe <y64_x48+0xe8>
10001f0a:	1e78      	subs	r0, r7, #1
10001f0c:	2100      	movs	r1, #0
10001f0e:	bdf0      	pop	{r4, r5, r6, r7, pc}

10001f10 <last1>:
10001f10:	270c      	movs	r7, #12
10001f12:	1b7f      	subs	r7, r7, r5
10001f14:	40fe      	lsrs	r6, r7
10001f16:	4677      	mov	r7, lr
10001f18:	0b7f      	lsrs	r7, r7, #13
10001f1a:	40af      	lsls	r7, r5
10001f1c:	19ff      	adds	r7, r7, r7
10001f1e:	e7e0      	b.n	10001ee2 <y64_x48+0xcc>

10001f20 <y64_x64>:
10001f20:	2400      	movs	r4, #0
10001f22:	1c5d      	adds	r5, r3, #1
10001f24:	d007      	beq.n	10001f36 <y64_x64+0x16>
10001f26:	4f14      	ldr	r7, [pc, #80]	@ (10001f78 <y64_x64+0x58>)
10001f28:	667d      	str	r5, [r7, #100]	@ 0x64
10001f2a:	6639      	str	r1, [r7, #96]	@ 0x60
10001f2c:	e7ff      	b.n	10001f2e <y64_x64+0xe>
10001f2e:	e7ff      	b.n	10001f30 <y64_x64+0x10>
10001f30:	e7ff      	b.n	10001f32 <y64_x64+0x12>
10001f32:	e7ff      	b.n	10001f34 <y64_x64+0x14>
10001f34:	6f3c      	ldr	r4, [r7, #112]	@ 0x70
10001f36:	b295      	uxth	r5, r2
10001f38:	b29e      	uxth	r6, r3
10001f3a:	4365      	muls	r5, r4
10001f3c:	4366      	muls	r6, r4
10001f3e:	1b40      	subs	r0, r0, r5
10001f40:	41b1      	sbcs	r1, r6
10001f42:	0c15      	lsrs	r5, r2, #16
10001f44:	0c1e      	lsrs	r6, r3, #16
10001f46:	4365      	muls	r5, r4
10001f48:	4366      	muls	r6, r4
10001f4a:	0436      	lsls	r6, r6, #16
10001f4c:	0c2f      	lsrs	r7, r5, #16
10001f4e:	433e      	orrs	r6, r7
10001f50:	042d      	lsls	r5, r5, #16
10001f52:	1b40      	subs	r0, r0, r5
10001f54:	41b1      	sbcs	r1, r6
10001f56:	4299      	cmp	r1, r3
10001f58:	d204      	bcs.n	10001f64 <y64_x64+0x44>
10001f5a:	0002      	movs	r2, r0
10001f5c:	000b      	movs	r3, r1
10001f5e:	0020      	movs	r0, r4
10001f60:	2100      	movs	r1, #0
10001f62:	bdf0      	pop	{r4, r5, r6, r7, pc}
10001f64:	d101      	bne.n	10001f6a <y64_x64+0x4a>
10001f66:	4290      	cmp	r0, r2
10001f68:	d3f7      	bcc.n	10001f5a <y64_x64+0x3a>
10001f6a:	1a80      	subs	r0, r0, r2
10001f6c:	4199      	sbcs	r1, r3
10001f6e:	3401      	adds	r4, #1
10001f70:	4299      	cmp	r1, r3
10001f72:	d3f2      	bcc.n	10001f5a <y64_x64+0x3a>
10001f74:	e7f6      	b.n	10001f64 <y64_x64+0x44>
10001f76:	0000      	.short	0x0000
10001f78:	d0000000 	.word	0xd0000000
10001f7c:	ffffffff 	.word	0xffffffff

10001f80 <__wrap___aeabi_drsub>:
10001f80:	4048      	eors	r0, r1
10001f82:	4041      	eors	r1, r0
10001f84:	4048      	eors	r0, r1

10001f86 <__wrap___aeabi_dsub>:
10001f86:	b418      	push	{r3, r4}
10001f88:	4b1b      	ldr	r3, [pc, #108]	@ (10001ff8 <__wrap___aeabi_dmul+0x12>)
10001f8a:	685b      	ldr	r3, [r3, #4]
10001f8c:	46fc      	mov	ip, pc
10001f8e:	9301      	str	r3, [sp, #4]
10001f90:	bd08      	pop	{r3, pc}
10001f92:	df04      	.short	0xdf04
10001f94:	1000222b 	.word	0x1000222b

10001f98 <__wrap___aeabi_dadd>:
10001f98:	b418      	push	{r3, r4}
10001f9a:	4b17      	ldr	r3, [pc, #92]	@ (10001ff8 <__wrap___aeabi_dmul+0x12>)
10001f9c:	681b      	ldr	r3, [r3, #0]
10001f9e:	46fc      	mov	ip, pc
10001fa0:	9301      	str	r3, [sp, #4]
10001fa2:	bd08      	pop	{r3, pc}
10001fa4:	2235df00 	.word	0x2235df00
10001fa8:	1000      	.short	0x1000

10001faa <__wrap___aeabi_ddiv>:
10001faa:	4694      	mov	ip, r2
10001fac:	4a13      	ldr	r2, [pc, #76]	@ (10001ffc <__wrap___aeabi_dmul+0x16>)
10001fae:	6f92      	ldr	r2, [r2, #120]	@ 0x78
10001fb0:	0892      	lsrs	r2, r2, #2
10001fb2:	d209      	bcs.n	10001fc8 <ddiv_save_state>
10001fb4:	4662      	mov	r2, ip

10001fb6 <ddiv_shim_call>:
10001fb6:	b418      	push	{r3, r4}
10001fb8:	4b0f      	ldr	r3, [pc, #60]	@ (10001ff8 <__wrap___aeabi_dmul+0x12>)
10001fba:	68db      	ldr	r3, [r3, #12]
10001fbc:	46fc      	mov	ip, pc
10001fbe:	9301      	str	r3, [sp, #4]
10001fc0:	bd08      	pop	{r3, pc}
10001fc2:	df0c      	.short	0xdf0c
10001fc4:	100024ed 	.word	0x100024ed

10001fc8 <ddiv_save_state>:
10001fc8:	4a0c      	ldr	r2, [pc, #48]	@ (10001ffc <__wrap___aeabi_dmul+0x16>)
10001fca:	b5f0      	push	{r4, r5, r6, r7, lr}
10001fcc:	6e14      	ldr	r4, [r2, #96]	@ 0x60
10001fce:	6e55      	ldr	r5, [r2, #100]	@ 0x64
10001fd0:	6f57      	ldr	r7, [r2, #116]	@ 0x74
10001fd2:	6f16      	ldr	r6, [r2, #112]	@ 0x70
10001fd4:	4662      	mov	r2, ip
10001fd6:	f7ff ffee 	bl	10001fb6 <ddiv_shim_call>
10001fda:	4a08      	ldr	r2, [pc, #32]	@ (10001ffc <__wrap___aeabi_dmul+0x16>)
10001fdc:	6614      	str	r4, [r2, #96]	@ 0x60
10001fde:	6655      	str	r5, [r2, #100]	@ 0x64
10001fe0:	6757      	str	r7, [r2, #116]	@ 0x74
10001fe2:	6716      	str	r6, [r2, #112]	@ 0x70
10001fe4:	bdf0      	pop	{r4, r5, r6, r7, pc}

10001fe6 <__wrap___aeabi_dmul>:
10001fe6:	b418      	push	{r3, r4}
10001fe8:	4b03      	ldr	r3, [pc, #12]	@ (10001ff8 <__wrap___aeabi_dmul+0x12>)
10001fea:	689b      	ldr	r3, [r3, #8]
10001fec:	46fc      	mov	ip, pc
10001fee:	9301      	str	r3, [sp, #4]
10001ff0:	bd08      	pop	{r3, pc}
10001ff2:	df08      	.short	0xdf08
10001ff4:	10002391 	.word	0x10002391
10001ff8:	200018a8 	.word	0x200018a8
10001ffc:	d0000000 	.word	0xd0000000

10002000 <__wrap___aeabi_cdrcmple>:
10002000:	b5ff      	push	{r0, r1, r2, r3, r4, r5, r6, r7, lr}
10002002:	4050      	eors	r0, r2
10002004:	4042      	eors	r2, r0
10002006:	4050      	eors	r0, r2
10002008:	4059      	eors	r1, r3
1000200a:	404b      	eors	r3, r1
1000200c:	4059      	eors	r1, r3
1000200e:	e000      	b.n	10002012 <__aeabi_dfcmple_guts>

10002010 <__wrap___aeabi_cdcmpeq>:
10002010:	b5ff      	push	{r0, r1, r2, r3, r4, r5, r6, r7, lr}

10002012 <__aeabi_dfcmple_guts>:
10002012:	4f15      	ldr	r7, [pc, #84]	@ (10002068 <__aeabi_dfcmple_guts+0x56>)
10002014:	004c      	lsls	r4, r1, #1
10002016:	0d64      	lsrs	r4, r4, #21
10002018:	d003      	beq.n	10002022 <__aeabi_dfcmple_guts+0x10>
1000201a:	42bc      	cmp	r4, r7
1000201c:	d104      	bne.n	10002028 <__aeabi_dfcmple_guts+0x16>
1000201e:	030c      	lsls	r4, r1, #12
10002020:	d814      	bhi.n	1000204c <__aeabi_dfcmple_guts+0x3a>
10002022:	2000      	movs	r0, #0
10002024:	0d09      	lsrs	r1, r1, #20
10002026:	0509      	lsls	r1, r1, #20
10002028:	005c      	lsls	r4, r3, #1
1000202a:	0d64      	lsrs	r4, r4, #21
1000202c:	d003      	beq.n	10002036 <__aeabi_dfcmple_guts+0x24>
1000202e:	42bc      	cmp	r4, r7
10002030:	d104      	bne.n	1000203c <__aeabi_dfcmple_guts+0x2a>
10002032:	031c      	lsls	r4, r3, #12
10002034:	d80a      	bhi.n	1000204c <__aeabi_dfcmple_guts+0x3a>
10002036:	2200      	movs	r2, #0
10002038:	0d1b      	lsrs	r3, r3, #20
1000203a:	051b      	lsls	r3, r3, #20
1000203c:	2601      	movs	r6, #1
1000203e:	404b      	eors	r3, r1
10002040:	d409      	bmi.n	10002056 <__aeabi_dfcmple_guts+0x44>
10002042:	404b      	eors	r3, r1
10002044:	d503      	bpl.n	1000204e <__aeabi_dfcmple_guts+0x3c>
10002046:	428b      	cmp	r3, r1
10002048:	d100      	bne.n	1000204c <__aeabi_dfcmple_guts+0x3a>
1000204a:	4282      	cmp	r2, r0
1000204c:	bdff      	pop	{r0, r1, r2, r3, r4, r5, r6, r7, pc}
1000204e:	4299      	cmp	r1, r3
10002050:	d1fc      	bne.n	1000204c <__aeabi_dfcmple_guts+0x3a>
10002052:	4290      	cmp	r0, r2
10002054:	bdff      	pop	{r0, r1, r2, r3, r4, r5, r6, r7, pc}
10002056:	430b      	orrs	r3, r1
10002058:	18db      	adds	r3, r3, r3
1000205a:	4303      	orrs	r3, r0
1000205c:	4313      	orrs	r3, r2
1000205e:	d0f5      	beq.n	1000204c <__aeabi_dfcmple_guts+0x3a>
10002060:	43c9      	mvns	r1, r1
10002062:	1849      	adds	r1, r1, r1
10002064:	bdff      	pop	{r0, r1, r2, r3, r4, r5, r6, r7, pc}
10002066:	0000      	.short	0x0000
10002068:	000007ff 	.word	0x000007ff

1000206c <__wrap___aeabi_dcmplt>:
1000206c:	b500      	push	{lr}
1000206e:	f7ff ffcf 	bl	10002010 <__wrap___aeabi_cdcmpeq>
10002072:	4180      	sbcs	r0, r0
10002074:	bd00      	pop	{pc}
10002076:	46c0      	nop			@ (mov r8, r8)

10002078 <__wrap___aeabi_dcmple>:
10002078:	b500      	push	{lr}
1000207a:	f7ff ffc9 	bl	10002010 <__wrap___aeabi_cdcmpeq>
1000207e:	d901      	bls.n	10002084 <__wrap___aeabi_dcmple+0xc>
10002080:	2000      	movs	r0, #0
10002082:	bd00      	pop	{pc}
10002084:	2001      	movs	r0, #1
10002086:	bd00      	pop	{pc}

10002088 <__wrap___aeabi_dcmpge>:
10002088:	b500      	push	{lr}
1000208a:	f7ff ffb9 	bl	10002000 <__wrap___aeabi_cdrcmple>
1000208e:	d901      	bls.n	10002094 <__wrap___aeabi_dcmpge+0xc>
10002090:	2000      	movs	r0, #0
10002092:	bd00      	pop	{pc}
10002094:	2001      	movs	r0, #1
10002096:	bd00      	pop	{pc}

10002098 <__wrap___aeabi_dcmpgt>:
10002098:	b500      	push	{lr}
1000209a:	f7ff ffb1 	bl	10002000 <__wrap___aeabi_cdrcmple>
1000209e:	4180      	sbcs	r0, r0
100020a0:	bd00      	pop	{pc}

100020a2 <__wrap___aeabi_dcmpun>:
100020a2:	2001      	movs	r0, #1
100020a4:	0540      	lsls	r0, r0, #21
100020a6:	004a      	lsls	r2, r1, #1
100020a8:	1812      	adds	r2, r2, r0
100020aa:	d804      	bhi.n	100020b6 <__wrap___aeabi_dcmpun+0x14>
100020ac:	005a      	lsls	r2, r3, #1
100020ae:	1812      	adds	r2, r2, r0
100020b0:	d801      	bhi.n	100020b6 <__wrap___aeabi_dcmpun+0x14>
100020b2:	2000      	movs	r0, #0
100020b4:	4770      	bx	lr
100020b6:	2001      	movs	r0, #1
100020b8:	4770      	bx	lr
	...

100020bc <__wrap___aeabi_ui2d>:
100020bc:	2100      	movs	r1, #0
100020be:	2800      	cmp	r0, #0
100020c0:	d105      	bne.n	100020ce <__wrap___aeabi_i2d+0xa>
100020c2:	4770      	bx	lr

100020c4 <__wrap___aeabi_i2d>:
100020c4:	17c1      	asrs	r1, r0, #31
100020c6:	4048      	eors	r0, r1
100020c8:	1a40      	subs	r0, r0, r1
100020ca:	d0fa      	beq.n	100020c2 <__wrap___aeabi_ui2d+0x6>
100020cc:	07c9      	lsls	r1, r1, #31
100020ce:	b513      	push	{r0, r1, r4, lr}
100020d0:	4b06      	ldr	r3, [pc, #24]	@ (100020ec <__wrap___aeabi_i2d+0x28>)
100020d2:	681b      	ldr	r3, [r3, #0]
100020d4:	4798      	blx	r3
100020d6:	bc0c      	pop	{r2, r3}
100020d8:	1c44      	adds	r4, r0, #1
100020da:	40a2      	lsls	r2, r4
100020dc:	0510      	lsls	r0, r2, #20
100020de:	0b12      	lsrs	r2, r2, #12
100020e0:	4903      	ldr	r1, [pc, #12]	@ (100020f0 <__wrap___aeabi_i2d+0x2c>)
100020e2:	1b09      	subs	r1, r1, r4
100020e4:	0509      	lsls	r1, r1, #20
100020e6:	4319      	orrs	r1, r3
100020e8:	4311      	orrs	r1, r2
100020ea:	bd10      	pop	{r4, pc}
100020ec:	20002768 	.word	0x20002768
100020f0:	0000041f 	.word	0x0000041f

100020f4 <__wrap___aeabi_d2iz>:
100020f4:	b510      	push	{r4, lr}
100020f6:	004c      	lsls	r4, r1, #1
100020f8:	0d62      	lsrs	r2, r4, #21
100020fa:	2380      	movs	r3, #128	@ 0x80
100020fc:	18d2      	adds	r2, r2, r3
100020fe:	00db      	lsls	r3, r3, #3
10002100:	1ad2      	subs	r2, r2, r3
10002102:	055b      	lsls	r3, r3, #21
10002104:	2a7e      	cmp	r2, #126	@ 0x7e
10002106:	dd10      	ble.n	1000212a <__wrap___aeabi_d2iz+0x36>
10002108:	3a9e      	subs	r2, #158	@ 0x9e
1000210a:	da13      	bge.n	10002134 <__wrap___aeabi_d2iz+0x40>
1000210c:	17cc      	asrs	r4, r1, #31
1000210e:	0309      	lsls	r1, r1, #12
10002110:	0849      	lsrs	r1, r1, #1
10002112:	4319      	orrs	r1, r3
10002114:	4252      	negs	r2, r2
10002116:	40d1      	lsrs	r1, r2
10002118:	0064      	lsls	r4, r4, #1
1000211a:	3401      	adds	r4, #1
1000211c:	3215      	adds	r2, #21
1000211e:	2a20      	cmp	r2, #32
10002120:	da05      	bge.n	1000212e <__wrap___aeabi_d2iz+0x3a>
10002122:	40d0      	lsrs	r0, r2
10002124:	4308      	orrs	r0, r1
10002126:	4360      	muls	r0, r4
10002128:	bd10      	pop	{r4, pc}
1000212a:	2000      	movs	r0, #0
1000212c:	bd10      	pop	{r4, pc}
1000212e:	4608      	mov	r0, r1
10002130:	4360      	muls	r0, r4
10002132:	bd10      	pop	{r4, pc}
10002134:	0fc8      	lsrs	r0, r1, #31
10002136:	18c0      	adds	r0, r0, r3
10002138:	3801      	subs	r0, #1
1000213a:	bd10      	pop	{r4, pc}

1000213c <__wrap___aeabi_d2uiz>:
1000213c:	b418      	push	{r3, r4}
1000213e:	4b04      	ldr	r3, [pc, #16]	@ (10002150 <__wrap___aeabi_d2uiz+0x14>)
10002140:	6a5b      	ldr	r3, [r3, #36]	@ 0x24
10002142:	46fc      	mov	ip, pc
10002144:	9301      	str	r3, [sp, #4]
10002146:	bd08      	pop	{r3, pc}
10002148:	269ddf24 	.word	0x269ddf24
1000214c:	00001000 	.word	0x00001000
10002150:	200018a8 	.word	0x200018a8

10002154 <__aeabi_double_init>:
10002154:	2313      	movs	r3, #19
10002156:	b570      	push	{r4, r5, r6, lr}
10002158:	781d      	ldrb	r5, [r3, #0]
1000215a:	2d01      	cmp	r5, #1
1000215c:	d019      	beq.n	10002192 <__aeabi_double_init+0x3e>
1000215e:	dd14      	ble.n	1000218a <__aeabi_double_init+0x36>
10002160:	481f      	ldr	r0, [pc, #124]	@ (100021e0 <__aeabi_double_init+0x8c>)
10002162:	f7ff fb31 	bl	100017c8 <rom_data_lookup>
10002166:	0006      	movs	r6, r0
10002168:	481e      	ldr	r0, [pc, #120]	@ (100021e4 <__aeabi_double_init+0x90>)
1000216a:	f7ff fb2d 	bl	100017c8 <rom_data_lookup>
1000216e:	4c1e      	ldr	r4, [pc, #120]	@ (100021e8 <__aeabi_double_init+0x94>)
10002170:	2280      	movs	r2, #128	@ 0x80
10002172:	0031      	movs	r1, r6
10002174:	0020      	movs	r0, r4
10002176:	f000 fb5f 	bl	10002838 <__wrap___aeabi_memcpy>
1000217a:	2d02      	cmp	r5, #2
1000217c:	d02d      	beq.n	100021da <__aeabi_double_init+0x86>
1000217e:	481b      	ldr	r0, [pc, #108]	@ (100021ec <__aeabi_double_init+0x98>)
10002180:	f7ff fb1a 	bl	100017b8 <rom_func_lookup>
10002184:	4b1a      	ldr	r3, [pc, #104]	@ (100021f0 <__aeabi_double_init+0x9c>)
10002186:	6018      	str	r0, [r3, #0]
10002188:	bd70      	pop	{r4, r5, r6, pc}
1000218a:	4b1a      	ldr	r3, [pc, #104]	@ (100021f4 <__aeabi_double_init+0xa0>)
1000218c:	4c16      	ldr	r4, [pc, #88]	@ (100021e8 <__aeabi_double_init+0x94>)
1000218e:	64a3      	str	r3, [r4, #72]	@ 0x48
10002190:	e7f5      	b.n	1000217e <__aeabi_double_init+0x2a>
10002192:	4b18      	ldr	r3, [pc, #96]	@ (100021f4 <__aeabi_double_init+0xa0>)
10002194:	4c14      	ldr	r4, [pc, #80]	@ (100021e8 <__aeabi_double_init+0x94>)
10002196:	6023      	str	r3, [r4, #0]
10002198:	6063      	str	r3, [r4, #4]
1000219a:	60a3      	str	r3, [r4, #8]
1000219c:	60e3      	str	r3, [r4, #12]
1000219e:	6123      	str	r3, [r4, #16]
100021a0:	6163      	str	r3, [r4, #20]
100021a2:	61a3      	str	r3, [r4, #24]
100021a4:	61e3      	str	r3, [r4, #28]
100021a6:	6223      	str	r3, [r4, #32]
100021a8:	6263      	str	r3, [r4, #36]	@ 0x24
100021aa:	62a3      	str	r3, [r4, #40]	@ 0x28
100021ac:	62e3      	str	r3, [r4, #44]	@ 0x2c
100021ae:	6323      	str	r3, [r4, #48]	@ 0x30
100021b0:	6363      	str	r3, [r4, #52]	@ 0x34
100021b2:	63a3      	str	r3, [r4, #56]	@ 0x38
100021b4:	63e3      	str	r3, [r4, #60]	@ 0x3c
100021b6:	6423      	str	r3, [r4, #64]	@ 0x40
100021b8:	6463      	str	r3, [r4, #68]	@ 0x44
100021ba:	64a3      	str	r3, [r4, #72]	@ 0x48
100021bc:	64e3      	str	r3, [r4, #76]	@ 0x4c
100021be:	6523      	str	r3, [r4, #80]	@ 0x50
100021c0:	6563      	str	r3, [r4, #84]	@ 0x54
100021c2:	65a3      	str	r3, [r4, #88]	@ 0x58
100021c4:	65e3      	str	r3, [r4, #92]	@ 0x5c
100021c6:	6623      	str	r3, [r4, #96]	@ 0x60
100021c8:	6663      	str	r3, [r4, #100]	@ 0x64
100021ca:	66a3      	str	r3, [r4, #104]	@ 0x68
100021cc:	66e3      	str	r3, [r4, #108]	@ 0x6c
100021ce:	6723      	str	r3, [r4, #112]	@ 0x70
100021d0:	6763      	str	r3, [r4, #116]	@ 0x74
100021d2:	67a3      	str	r3, [r4, #120]	@ 0x78
100021d4:	67e3      	str	r3, [r4, #124]	@ 0x7c
100021d6:	64a3      	str	r3, [r4, #72]	@ 0x48
100021d8:	e7d1      	b.n	1000217e <__aeabi_double_init+0x2a>
100021da:	4b06      	ldr	r3, [pc, #24]	@ (100021f4 <__aeabi_double_init+0xa0>)
100021dc:	64a3      	str	r3, [r4, #72]	@ 0x48
100021de:	e7ce      	b.n	1000217e <__aeabi_double_init+0x2a>
100021e0:	00004453 	.word	0x00004453
100021e4:	00004653 	.word	0x00004653
100021e8:	200018a8 	.word	0x200018a8
100021ec:	0000334c 	.word	0x0000334c
100021f0:	20002768 	.word	0x20002768
100021f4:	100021f9 	.word	0x100021f9

100021f8 <double_table_shim_on_use_helper>:
100021f8:	b507      	push	{r0, r1, r2, lr}
100021fa:	4660      	mov	r0, ip
100021fc:	8801      	ldrh	r1, [r0, #0]
100021fe:	0a0a      	lsrs	r2, r1, #8
10002200:	3002      	adds	r0, #2
10002202:	2adf      	cmp	r2, #223	@ 0xdf
10002204:	d1fa      	bne.n	100021fc <double_table_shim_on_use_helper+0x4>
10002206:	b2c9      	uxtb	r1, r1
10002208:	0882      	lsrs	r2, r0, #2
1000220a:	d304      	bcc.n	10002216 <double_table_shim_on_use_helper+0x1e>
1000220c:	8802      	ldrh	r2, [r0, #0]
1000220e:	8840      	ldrh	r0, [r0, #2]
10002210:	0400      	lsls	r0, r0, #16
10002212:	4310      	orrs	r0, r2
10002214:	e000      	b.n	10002218 <double_table_shim_on_use_helper+0x20>
10002216:	6800      	ldr	r0, [r0, #0]
10002218:	4a01      	ldr	r2, [pc, #4]	@ (10002220 <double_table_shim_on_use_helper+0x28>)
1000221a:	5050      	str	r0, [r2, r1]
1000221c:	9003      	str	r0, [sp, #12]
1000221e:	bd07      	pop	{r0, r1, r2, pc}
10002220:	200018a8 	.word	0x200018a8

10002224 <drsub_shim>:
10002224:	b40f      	push	{r0, r1, r2, r3}
10002226:	bc03      	pop	{r0, r1}
10002228:	bc0c      	pop	{r2, r3}

1000222a <dsub_shim>:
1000222a:	b5f0      	push	{r4, r5, r6, r7, lr}
1000222c:	2401      	movs	r4, #1
1000222e:	07e4      	lsls	r4, r4, #31
10002230:	4063      	eors	r3, r4
10002232:	e000      	b.n	10002236 <da_entry>

10002234 <dadd_shim>:
10002234:	b5f0      	push	{r4, r5, r6, r7, lr}

10002236 <da_entry>:
10002236:	0d0c      	lsrs	r4, r1, #20
10002238:	0fcf      	lsrs	r7, r1, #31
1000223a:	1e66      	subs	r6, r4, #1
1000223c:	0536      	lsls	r6, r6, #20
1000223e:	1b89      	subs	r1, r1, r6
10002240:	0564      	lsls	r4, r4, #21
10002242:	d303      	bcc.n	1000224c <l8_1>
10002244:	43c9      	mvns	r1, r1
10002246:	4240      	negs	r0, r0
10002248:	d300      	bcc.n	1000224c <l8_1>
1000224a:	3101      	adds	r1, #1

1000224c <l8_1>:
1000224c:	0d64      	lsrs	r4, r4, #21
1000224e:	d003      	beq.n	10002258 <l8_2>
10002250:	1c66      	adds	r6, r4, #1
10002252:	0af6      	lsrs	r6, r6, #11
10002254:	d007      	beq.n	10002266 <l8_3>
10002256:	1be4      	subs	r4, r4, r7

10002258 <l8_2>:
10002258:	2000      	movs	r0, #0
1000225a:	007f      	lsls	r7, r7, #1
1000225c:	1c79      	adds	r1, r7, #1
1000225e:	0789      	lsls	r1, r1, #30
10002260:	1289      	asrs	r1, r1, #10
10002262:	3c80      	subs	r4, #128	@ 0x80
10002264:	0324      	lsls	r4, r4, #12

10002266 <l8_3>:
10002266:	0d1d      	lsrs	r5, r3, #20
10002268:	0fdf      	lsrs	r7, r3, #31
1000226a:	1e6e      	subs	r6, r5, #1
1000226c:	0536      	lsls	r6, r6, #20
1000226e:	1b9b      	subs	r3, r3, r6
10002270:	056d      	lsls	r5, r5, #21
10002272:	d303      	bcc.n	1000227c <l9_1>
10002274:	43db      	mvns	r3, r3
10002276:	4252      	negs	r2, r2
10002278:	d300      	bcc.n	1000227c <l9_1>
1000227a:	3301      	adds	r3, #1

1000227c <l9_1>:
1000227c:	0d6d      	lsrs	r5, r5, #21
1000227e:	d003      	beq.n	10002288 <l9_2>
10002280:	1c6e      	adds	r6, r5, #1
10002282:	0af6      	lsrs	r6, r6, #11
10002284:	d007      	beq.n	10002296 <l9_3>
10002286:	1bed      	subs	r5, r5, r7

10002288 <l9_2>:
10002288:	2200      	movs	r2, #0
1000228a:	007f      	lsls	r7, r7, #1
1000228c:	1c7b      	adds	r3, r7, #1
1000228e:	079b      	lsls	r3, r3, #30
10002290:	129b      	asrs	r3, r3, #10
10002292:	3d80      	subs	r5, #128	@ 0x80
10002294:	032d      	lsls	r5, r5, #12

10002296 <l9_3>:
10002296:	1b2f      	subs	r7, r5, r4
10002298:	1b66      	subs	r6, r4, r5
1000229a:	d458      	bmi.n	1000234e <da_ygtx>
1000229c:	46a4      	mov	ip, r4
1000229e:	2e20      	cmp	r6, #32
100022a0:	da46      	bge.n	10002330 <da_xrgty>
100022a2:	3720      	adds	r7, #32
100022a4:	0014      	movs	r4, r2
100022a6:	40bc      	lsls	r4, r7

100022a8 <da_xgty0>:
100022a8:	001d      	movs	r5, r3
100022aa:	40bd      	lsls	r5, r7
100022ac:	40f2      	lsrs	r2, r6
100022ae:	4133      	asrs	r3, r6
100022b0:	432a      	orrs	r2, r5

100022b2 <da_add>:
100022b2:	1880      	adds	r0, r0, r2
100022b4:	4159      	adcs	r1, r3

100022b6 <da_pack>:
100022b6:	0fcb      	lsrs	r3, r1, #31
100022b8:	d005      	beq.n	100022c6 <da_pack+0x10>
100022ba:	43c9      	mvns	r1, r1
100022bc:	43c0      	mvns	r0, r0
100022be:	2200      	movs	r2, #0
100022c0:	4264      	negs	r4, r4
100022c2:	4150      	adcs	r0, r2
100022c4:	4151      	adcs	r1, r2
100022c6:	4662      	mov	r2, ip
100022c8:	0d4d      	lsrs	r5, r1, #21
100022ca:	d128      	bne.n	1000231e <da_0>
100022cc:	0d0d      	lsrs	r5, r1, #20
100022ce:	d107      	bne.n	100022e0 <da_1>
100022d0:	2800      	cmp	r0, #0
100022d2:	d01f      	beq.n	10002314 <da_5>

100022d4 <da_2>:
100022d4:	1924      	adds	r4, r4, r4
100022d6:	4140      	adcs	r0, r0
100022d8:	4149      	adcs	r1, r1
100022da:	3a01      	subs	r2, #1
100022dc:	0d0d      	lsrs	r5, r1, #20
100022de:	d0f9      	beq.n	100022d4 <da_2>

100022e0 <da_1>:
100022e0:	0064      	lsls	r4, r4, #1
100022e2:	d306      	bcc.n	100022f2 <da_3>

100022e4 <da_4>:
100022e4:	3001      	adds	r0, #1
100022e6:	d300      	bcc.n	100022ea <da_4+0x6>
100022e8:	3101      	adds	r1, #1
100022ea:	2c00      	cmp	r4, #0
100022ec:	d101      	bne.n	100022f2 <da_3>
100022ee:	0840      	lsrs	r0, r0, #1
100022f0:	0040      	lsls	r0, r0, #1

100022f2 <da_3>:
100022f2:	3a01      	subs	r2, #1
100022f4:	d40b      	bmi.n	1000230e <da_6>
100022f6:	1c94      	adds	r4, r2, #2
100022f8:	0ae4      	lsrs	r4, r4, #11
100022fa:	d104      	bne.n	10002306 <da_7>
100022fc:	0512      	lsls	r2, r2, #20
100022fe:	4411      	add	r1, r2
10002300:	07db      	lsls	r3, r3, #31
10002302:	4419      	add	r1, r3
10002304:	bdf0      	pop	{r4, r5, r6, r7, pc}

10002306 <da_7>:
10002306:	07d9      	lsls	r1, r3, #31
10002308:	4b20      	ldr	r3, [pc, #128]	@ (1000238c <da_xmgty+0x4>)
1000230a:	4319      	orrs	r1, r3
1000230c:	e000      	b.n	10002310 <da_6+0x2>

1000230e <da_6>:
1000230e:	07d9      	lsls	r1, r3, #31
10002310:	2000      	movs	r0, #0
10002312:	bdf0      	pop	{r4, r5, r6, r7, pc}

10002314 <da_5>:
10002314:	2900      	cmp	r1, #0
10002316:	d1dd      	bne.n	100022d4 <da_2>
10002318:	2c00      	cmp	r4, #0
1000231a:	d1db      	bne.n	100022d4 <da_2>
1000231c:	bdf0      	pop	{r4, r5, r6, r7, pc}

1000231e <da_0>:
1000231e:	3201      	adds	r2, #1
10002320:	07c6      	lsls	r6, r0, #31
10002322:	0840      	lsrs	r0, r0, #1
10002324:	07cd      	lsls	r5, r1, #31
10002326:	4328      	orrs	r0, r5
10002328:	0849      	lsrs	r1, r1, #1
1000232a:	2e00      	cmp	r6, #0
1000232c:	d0e1      	beq.n	100022f2 <da_3>
1000232e:	e7d9      	b.n	100022e4 <da_4>

10002330 <da_xrgty>:
10002330:	2e3c      	cmp	r6, #60	@ 0x3c
10002332:	da29      	bge.n	10002388 <da_xmgty>
10002334:	3e20      	subs	r6, #32
10002336:	3740      	adds	r7, #64	@ 0x40
10002338:	0014      	movs	r4, r2
1000233a:	40bc      	lsls	r4, r7
1000233c:	d000      	beq.n	10002340 <da_xrgty+0x10>
1000233e:	2401      	movs	r4, #1
10002340:	40f2      	lsrs	r2, r6
10002342:	4314      	orrs	r4, r2
10002344:	001a      	movs	r2, r3
10002346:	40bb      	lsls	r3, r7
10002348:	431c      	orrs	r4, r3
1000234a:	17d3      	asrs	r3, r2, #31
1000234c:	e7ac      	b.n	100022a8 <da_xgty0>

1000234e <da_ygtx>:
1000234e:	46ac      	mov	ip, r5
10002350:	2f20      	cmp	r7, #32
10002352:	da08      	bge.n	10002366 <da_yrgtx>
10002354:	3620      	adds	r6, #32
10002356:	0004      	movs	r4, r0
10002358:	40b4      	lsls	r4, r6

1000235a <da_ygtx0>:
1000235a:	000d      	movs	r5, r1
1000235c:	40b5      	lsls	r5, r6
1000235e:	40f8      	lsrs	r0, r7
10002360:	4139      	asrs	r1, r7
10002362:	4328      	orrs	r0, r5
10002364:	e7a5      	b.n	100022b2 <da_add>

10002366 <da_yrgtx>:
10002366:	2f3c      	cmp	r7, #60	@ 0x3c
10002368:	da0c      	bge.n	10002384 <da_ymgtx>
1000236a:	3f20      	subs	r7, #32
1000236c:	3640      	adds	r6, #64	@ 0x40
1000236e:	0004      	movs	r4, r0
10002370:	40b4      	lsls	r4, r6
10002372:	d000      	beq.n	10002376 <da_yrgtx+0x10>
10002374:	2401      	movs	r4, #1
10002376:	40f8      	lsrs	r0, r7
10002378:	4304      	orrs	r4, r0
1000237a:	0008      	movs	r0, r1
1000237c:	40b1      	lsls	r1, r6
1000237e:	430c      	orrs	r4, r1
10002380:	17c1      	asrs	r1, r0, #31
10002382:	e7ea      	b.n	1000235a <da_ygtx0>

10002384 <da_ymgtx>:
10002384:	0010      	movs	r0, r2
10002386:	0019      	movs	r1, r3

10002388 <da_xmgty>:
10002388:	2400      	movs	r4, #0
1000238a:	e794      	b.n	100022b6 <da_pack>
1000238c:	7ff00000 	.word	0x7ff00000

10002390 <dmul_shim>:
10002390:	b5f0      	push	{r4, r5, r6, r7, lr}
10002392:	0d0c      	lsrs	r4, r1, #20
10002394:	1e66      	subs	r6, r4, #1
10002396:	0536      	lsls	r6, r6, #20
10002398:	1b89      	subs	r1, r1, r6
1000239a:	0ae6      	lsrs	r6, r4, #11
1000239c:	0564      	lsls	r4, r4, #21
1000239e:	0d64      	lsrs	r4, r4, #21
100023a0:	d002      	beq.n	100023a8 <l12_1>
100023a2:	1c65      	adds	r5, r4, #1
100023a4:	0aed      	lsrs	r5, r5, #11
100023a6:	d004      	beq.n	100023b2 <l12_2>

100023a8 <l12_1>:
100023a8:	2000      	movs	r0, #0
100023aa:	2101      	movs	r1, #1
100023ac:	0509      	lsls	r1, r1, #20
100023ae:	3c80      	subs	r4, #128	@ 0x80
100023b0:	0324      	lsls	r4, r4, #12

100023b2 <l12_2>:
100023b2:	46a4      	mov	ip, r4
100023b4:	0d1c      	lsrs	r4, r3, #20
100023b6:	1e67      	subs	r7, r4, #1
100023b8:	053f      	lsls	r7, r7, #20
100023ba:	1bdb      	subs	r3, r3, r7
100023bc:	0ae7      	lsrs	r7, r4, #11
100023be:	0564      	lsls	r4, r4, #21
100023c0:	0d64      	lsrs	r4, r4, #21
100023c2:	d002      	beq.n	100023ca <l13_1>
100023c4:	1c65      	adds	r5, r4, #1
100023c6:	0aed      	lsrs	r5, r5, #11
100023c8:	d004      	beq.n	100023d4 <l13_2>

100023ca <l13_1>:
100023ca:	2200      	movs	r2, #0
100023cc:	2301      	movs	r3, #1
100023ce:	051b      	lsls	r3, r3, #20
100023d0:	3c80      	subs	r4, #128	@ 0x80
100023d2:	0324      	lsls	r4, r4, #12

100023d4 <l13_2>:
100023d4:	4077      	eors	r7, r6
100023d6:	4464      	add	r4, ip
100023d8:	b497      	push	{r0, r1, r2, r4, r7}
100023da:	b284      	uxth	r4, r0
100023dc:	b296      	uxth	r6, r2
100023de:	4374      	muls	r4, r6
100023e0:	0c07      	lsrs	r7, r0, #16
100023e2:	437e      	muls	r6, r7
100023e4:	0c15      	lsrs	r5, r2, #16
100023e6:	436f      	muls	r7, r5
100023e8:	b280      	uxth	r0, r0
100023ea:	4368      	muls	r0, r5
100023ec:	1836      	adds	r6, r6, r0
100023ee:	d302      	bcc.n	100023f6 <l14_1>
100023f0:	2001      	movs	r0, #1
100023f2:	0400      	lsls	r0, r0, #16
100023f4:	183f      	adds	r7, r7, r0

100023f6 <l14_1>:
100023f6:	0430      	lsls	r0, r6, #16
100023f8:	0c35      	lsrs	r5, r6, #16
100023fa:	1900      	adds	r0, r0, r4
100023fc:	417d      	adcs	r5, r7
100023fe:	4684      	mov	ip, r0
10002400:	b288      	uxth	r0, r1
10002402:	b29a      	uxth	r2, r3
10002404:	4350      	muls	r0, r2
10002406:	0c0c      	lsrs	r4, r1, #16
10002408:	4362      	muls	r2, r4
1000240a:	0c1f      	lsrs	r7, r3, #16
1000240c:	437c      	muls	r4, r7
1000240e:	b28e      	uxth	r6, r1
10002410:	437e      	muls	r6, r7
10002412:	1992      	adds	r2, r2, r6
10002414:	d302      	bcc.n	1000241c <l15_1>
10002416:	2601      	movs	r6, #1
10002418:	0436      	lsls	r6, r6, #16
1000241a:	19a4      	adds	r4, r4, r6

1000241c <l15_1>:
1000241c:	0416      	lsls	r6, r2, #16
1000241e:	0c17      	lsrs	r7, r2, #16
10002420:	1836      	adds	r6, r6, r0
10002422:	4167      	adcs	r7, r4
10002424:	bc01      	pop	{r0}
10002426:	b281      	uxth	r1, r0
10002428:	b29a      	uxth	r2, r3
1000242a:	4351      	muls	r1, r2
1000242c:	0c04      	lsrs	r4, r0, #16
1000242e:	4362      	muls	r2, r4
10002430:	0c1b      	lsrs	r3, r3, #16
10002432:	435c      	muls	r4, r3
10002434:	b280      	uxth	r0, r0
10002436:	4358      	muls	r0, r3
10002438:	1812      	adds	r2, r2, r0
1000243a:	d302      	bcc.n	10002442 <l16_1>
1000243c:	2001      	movs	r0, #1
1000243e:	0400      	lsls	r0, r0, #16
10002440:	1824      	adds	r4, r4, r0

10002442 <l16_1>:
10002442:	0410      	lsls	r0, r2, #16
10002444:	0c13      	lsrs	r3, r2, #16
10002446:	1840      	adds	r0, r0, r1
10002448:	4163      	adcs	r3, r4
1000244a:	182d      	adds	r5, r5, r0
1000244c:	415e      	adcs	r6, r3
1000244e:	2000      	movs	r0, #0
10002450:	4147      	adcs	r7, r0
10002452:	bc06      	pop	{r1, r2}
10002454:	b288      	uxth	r0, r1
10002456:	b293      	uxth	r3, r2
10002458:	4358      	muls	r0, r3
1000245a:	0c0c      	lsrs	r4, r1, #16
1000245c:	4363      	muls	r3, r4
1000245e:	0c12      	lsrs	r2, r2, #16
10002460:	4354      	muls	r4, r2
10002462:	b289      	uxth	r1, r1
10002464:	4351      	muls	r1, r2
10002466:	185b      	adds	r3, r3, r1
10002468:	d302      	bcc.n	10002470 <l17_1>
1000246a:	2101      	movs	r1, #1
1000246c:	0409      	lsls	r1, r1, #16
1000246e:	1864      	adds	r4, r4, r1

10002470 <l17_1>:
10002470:	0419      	lsls	r1, r3, #16
10002472:	0c1a      	lsrs	r2, r3, #16
10002474:	1809      	adds	r1, r1, r0
10002476:	4162      	adcs	r2, r4
10002478:	186d      	adds	r5, r5, r1
1000247a:	4156      	adcs	r6, r2
1000247c:	2000      	movs	r0, #0
1000247e:	4147      	adcs	r7, r0
10002480:	bc18      	pop	{r3, r4}
10002482:	02f9      	lsls	r1, r7, #11
10002484:	0d72      	lsrs	r2, r6, #21
10002486:	4311      	orrs	r1, r2
10002488:	02f0      	lsls	r0, r6, #11
1000248a:	0d6a      	lsrs	r2, r5, #21
1000248c:	4310      	orrs	r0, r2
1000248e:	02ed      	lsls	r5, r5, #11
10002490:	0d0a      	lsrs	r2, r1, #20
10002492:	d103      	bne.n	1000249c <l17_1+0x2c>
10002494:	196d      	adds	r5, r5, r5
10002496:	4140      	adcs	r0, r0
10002498:	4149      	adcs	r1, r1
1000249a:	3b01      	subs	r3, #1
1000249c:	4e12      	ldr	r6, [pc, #72]	@ (100024e8 <dm_1+0xa>)
1000249e:	1b9b      	subs	r3, r3, r6
100024a0:	0076      	lsls	r6, r6, #1
100024a2:	42b3      	cmp	r3, r6
100024a4:	d20e      	bcs.n	100024c4 <dm_0>
100024a6:	006d      	lsls	r5, r5, #1
100024a8:	d307      	bcc.n	100024ba <l17_1+0x4a>
100024aa:	3001      	adds	r0, #1
100024ac:	2600      	movs	r6, #0
100024ae:	4171      	adcs	r1, r6
100024b0:	4666      	mov	r6, ip
100024b2:	4335      	orrs	r5, r6
100024b4:	d101      	bne.n	100024ba <l17_1+0x4a>
100024b6:	0840      	lsrs	r0, r0, #1
100024b8:	0040      	lsls	r0, r0, #1
100024ba:	051b      	lsls	r3, r3, #20
100024bc:	18c9      	adds	r1, r1, r3

100024be <dm_2>:
100024be:	07e4      	lsls	r4, r4, #31
100024c0:	4421      	add	r1, r4
100024c2:	bdf0      	pop	{r4, r5, r6, r7, pc}

100024c4 <dm_0>:
100024c4:	da0b      	bge.n	100024de <dm_1>
100024c6:	3301      	adds	r3, #1
100024c8:	d106      	bne.n	100024d8 <dm_0+0x14>
100024ca:	3001      	adds	r0, #1
100024cc:	d104      	bne.n	100024d8 <dm_0+0x14>
100024ce:	3101      	adds	r1, #1
100024d0:	0d4f      	lsrs	r7, r1, #21
100024d2:	d001      	beq.n	100024d8 <dm_0+0x14>
100024d4:	0849      	lsrs	r1, r1, #1
100024d6:	e7f2      	b.n	100024be <dm_2>
100024d8:	07e1      	lsls	r1, r4, #31
100024da:	2000      	movs	r0, #0
100024dc:	bdf0      	pop	{r4, r5, r6, r7, pc}

100024de <dm_1>:
100024de:	3601      	adds	r6, #1
100024e0:	0531      	lsls	r1, r6, #20
100024e2:	2000      	movs	r0, #0
100024e4:	e7eb      	b.n	100024be <dm_2>
100024e6:	0000      	.short	0x0000
100024e8:	000003ff 	.word	0x000003ff

100024ec <ddiv_shim>:
100024ec:	b5f0      	push	{r4, r5, r6, r7, lr}

100024ee <ddiv0>:
100024ee:	0d1c      	lsrs	r4, r3, #20
100024f0:	1e67      	subs	r7, r4, #1
100024f2:	053f      	lsls	r7, r7, #20
100024f4:	1bdb      	subs	r3, r3, r7
100024f6:	0ae7      	lsrs	r7, r4, #11
100024f8:	0564      	lsls	r4, r4, #21
100024fa:	0d64      	lsrs	r4, r4, #21
100024fc:	d002      	beq.n	10002504 <l20_1>
100024fe:	1c66      	adds	r6, r4, #1
10002500:	0af6      	lsrs	r6, r6, #11
10002502:	d004      	beq.n	1000250e <l20_2>

10002504 <l20_1>:
10002504:	2200      	movs	r2, #0
10002506:	2301      	movs	r3, #1
10002508:	051b      	lsls	r3, r3, #20
1000250a:	3c80      	subs	r4, #128	@ 0x80
1000250c:	0324      	lsls	r4, r4, #12

1000250e <l20_2>:
1000250e:	25d0      	movs	r5, #208	@ 0xd0
10002510:	062d      	lsls	r5, r5, #24
10002512:	2600      	movs	r6, #0
10002514:	43f6      	mvns	r6, r6
10002516:	662e      	str	r6, [r5, #96]	@ 0x60
10002518:	091e      	lsrs	r6, r3, #4
1000251a:	666e      	str	r6, [r5, #100]	@ 0x64
1000251c:	0fce      	lsrs	r6, r1, #31
1000251e:	19f6      	adds	r6, r6, r7
10002520:	46b4      	mov	ip, r6
10002522:	0049      	lsls	r1, r1, #1
10002524:	0d4f      	lsrs	r7, r1, #21
10002526:	d002      	beq.n	1000252e <l20_2+0x20>
10002528:	1c7e      	adds	r6, r7, #1
1000252a:	0af6      	lsrs	r6, r6, #11
1000252c:	d003      	beq.n	10002536 <l20_2+0x28>
1000252e:	2000      	movs	r0, #0
10002530:	2100      	movs	r1, #0
10002532:	3f40      	subs	r7, #64	@ 0x40
10002534:	033f      	lsls	r7, r7, #12
10002536:	1b3e      	subs	r6, r7, r4
10002538:	00b6      	lsls	r6, r6, #2
1000253a:	44b4      	add	ip, r6
1000253c:	3f01      	subs	r7, #1
1000253e:	057f      	lsls	r7, r7, #21
10002540:	1bc9      	subs	r1, r1, r7
10002542:	0849      	lsrs	r1, r1, #1
10002544:	6f2e      	ldr	r6, [r5, #112]	@ 0x70
10002546:	3601      	adds	r6, #1
10002548:	0876      	lsrs	r6, r6, #1
1000254a:	029c      	lsls	r4, r3, #10
1000254c:	0d95      	lsrs	r5, r2, #22
1000254e:	4325      	orrs	r5, r4
10002550:	4375      	muls	r5, r6
10002552:	13ed      	asrs	r5, r5, #15
10002554:	4375      	muls	r5, r6
10002556:	13ad      	asrs	r5, r5, #14
10002558:	3501      	adds	r5, #1
1000255a:	106d      	asrs	r5, r5, #1
1000255c:	03f6      	lsls	r6, r6, #15
1000255e:	1b76      	subs	r6, r6, r5
10002560:	b40c      	push	{r2, r3}
10002562:	02cc      	lsls	r4, r1, #11
10002564:	0d45      	lsrs	r5, r0, #21
10002566:	432c      	orrs	r4, r5
10002568:	b2a2      	uxth	r2, r4
1000256a:	b2b3      	uxth	r3, r6
1000256c:	435a      	muls	r2, r3
1000256e:	0c27      	lsrs	r7, r4, #16
10002570:	437b      	muls	r3, r7
10002572:	0c35      	lsrs	r5, r6, #16
10002574:	436f      	muls	r7, r5
10002576:	b2a4      	uxth	r4, r4
10002578:	436c      	muls	r4, r5
1000257a:	191b      	adds	r3, r3, r4
1000257c:	d302      	bcc.n	10002584 <l21_1>
1000257e:	2401      	movs	r4, #1
10002580:	0424      	lsls	r4, r4, #16
10002582:	193f      	adds	r7, r7, r4

10002584 <l21_1>:
10002584:	041c      	lsls	r4, r3, #16
10002586:	0c1d      	lsrs	r5, r3, #16
10002588:	18a4      	adds	r4, r4, r2
1000258a:	417d      	adcs	r5, r7
1000258c:	1924      	adds	r4, r4, r4
1000258e:	416d      	adcs	r5, r5
10002590:	9a00      	ldr	r2, [sp, #0]
10002592:	b291      	uxth	r1, r2
10002594:	b2ac      	uxth	r4, r5
10002596:	4361      	muls	r1, r4
10002598:	0c17      	lsrs	r7, r2, #16
1000259a:	437c      	muls	r4, r7
1000259c:	0c2b      	lsrs	r3, r5, #16
1000259e:	435f      	muls	r7, r3
100025a0:	b292      	uxth	r2, r2
100025a2:	435a      	muls	r2, r3
100025a4:	18a4      	adds	r4, r4, r2
100025a6:	d302      	bcc.n	100025ae <l22_1>
100025a8:	2201      	movs	r2, #1
100025aa:	0412      	lsls	r2, r2, #16
100025ac:	18bf      	adds	r7, r7, r2

100025ae <l22_1>:
100025ae:	0422      	lsls	r2, r4, #16
100025b0:	0c23      	lsrs	r3, r4, #16
100025b2:	1852      	adds	r2, r2, r1
100025b4:	417b      	adcs	r3, r7
100025b6:	9c01      	ldr	r4, [sp, #4]
100025b8:	436c      	muls	r4, r5
100025ba:	191b      	adds	r3, r3, r4
100025bc:	0e52      	lsrs	r2, r2, #25
100025be:	01d9      	lsls	r1, r3, #7
100025c0:	430a      	orrs	r2, r1
100025c2:	0144      	lsls	r4, r0, #5
100025c4:	1aa0      	subs	r0, r4, r2
100025c6:	b281      	uxth	r1, r0
100025c8:	b2b2      	uxth	r2, r6
100025ca:	4351      	muls	r1, r2
100025cc:	1403      	asrs	r3, r0, #16
100025ce:	435a      	muls	r2, r3
100025d0:	0c36      	lsrs	r6, r6, #16
100025d2:	4373      	muls	r3, r6
100025d4:	b287      	uxth	r7, r0
100025d6:	4377      	muls	r7, r6
100025d8:	17d6      	asrs	r6, r2, #31
100025da:	19d2      	adds	r2, r2, r7
100025dc:	2700      	movs	r7, #0
100025de:	417e      	adcs	r6, r7
100025e0:	0436      	lsls	r6, r6, #16
100025e2:	199b      	adds	r3, r3, r6
100025e4:	0417      	lsls	r7, r2, #16
100025e6:	0c16      	lsrs	r6, r2, #16
100025e8:	187f      	adds	r7, r7, r1
100025ea:	415e      	adcs	r6, r3
100025ec:	1673      	asrs	r3, r6, #25
100025ee:	18ed      	adds	r5, r5, r3
100025f0:	01f3      	lsls	r3, r6, #7
100025f2:	2600      	movs	r6, #0
100025f4:	3380      	adds	r3, #128	@ 0x80
100025f6:	4175      	adcs	r5, r6
100025f8:	0fa9      	lsrs	r1, r5, #30
100025fa:	d106      	bne.n	1000260a <dd_0>
100025fc:	0064      	lsls	r4, r4, #1
100025fe:	0a69      	lsrs	r1, r5, #9
10002600:	05e8      	lsls	r0, r5, #23
10002602:	0a5b      	lsrs	r3, r3, #9
10002604:	4318      	orrs	r0, r3
10002606:	d209      	bcs.n	1000261c <dd_1>
10002608:	e02f      	b.n	1000266a <dd_2>

1000260a <dd_0>:
1000260a:	2204      	movs	r2, #4
1000260c:	4494      	add	ip, r2
1000260e:	3380      	adds	r3, #128	@ 0x80
10002610:	4175      	adcs	r5, r6
10002612:	0aa9      	lsrs	r1, r5, #10
10002614:	05a8      	lsls	r0, r5, #22
10002616:	0a9b      	lsrs	r3, r3, #10
10002618:	4318      	orrs	r0, r3
1000261a:	d326      	bcc.n	1000266a <dd_2>

1000261c <dd_1>:
1000261c:	4140      	adcs	r0, r0
1000261e:	4149      	adcs	r1, r1
10002620:	0424      	lsls	r4, r4, #16
10002622:	9a00      	ldr	r2, [sp, #0]
10002624:	9b01      	ldr	r3, [sp, #4]
10002626:	000d      	movs	r5, r1
10002628:	4355      	muls	r5, r2
1000262a:	1b64      	subs	r4, r4, r5
1000262c:	4343      	muls	r3, r0
1000262e:	1ae4      	subs	r4, r4, r3
10002630:	b295      	uxth	r5, r2
10002632:	b286      	uxth	r6, r0
10002634:	4375      	muls	r5, r6
10002636:	0c17      	lsrs	r7, r2, #16
10002638:	437e      	muls	r6, r7
1000263a:	0c03      	lsrs	r3, r0, #16
1000263c:	435f      	muls	r7, r3
1000263e:	b292      	uxth	r2, r2
10002640:	435a      	muls	r2, r3
10002642:	18b6      	adds	r6, r6, r2
10002644:	d302      	bcc.n	1000264c <l24_1>
10002646:	2201      	movs	r2, #1
10002648:	0412      	lsls	r2, r2, #16
1000264a:	18bf      	adds	r7, r7, r2

1000264c <l24_1>:
1000264c:	0432      	lsls	r2, r6, #16
1000264e:	0c33      	lsrs	r3, r6, #16
10002650:	1952      	adds	r2, r2, r5
10002652:	417b      	adcs	r3, r7
10002654:	4252      	negs	r2, r2
10002656:	419c      	sbcs	r4, r3
10002658:	2c00      	cmp	r4, #0
1000265a:	d402      	bmi.n	10002662 <l24_1+0x16>
1000265c:	2200      	movs	r2, #0
1000265e:	3001      	adds	r0, #1
10002660:	4151      	adcs	r1, r2
10002662:	0840      	lsrs	r0, r0, #1
10002664:	07ca      	lsls	r2, r1, #31
10002666:	4310      	orrs	r0, r2
10002668:	0849      	lsrs	r1, r1, #1

1000266a <dd_2>:
1000266a:	b002      	add	sp, #8
1000266c:	4662      	mov	r2, ip
1000266e:	07d7      	lsls	r7, r2, #31
10002670:	1092      	asrs	r2, r2, #2
10002672:	4b08      	ldr	r3, [pc, #32]	@ (10002694 <dd_4+0x6>)
10002674:	18d2      	adds	r2, r2, r3
10002676:	4b08      	ldr	r3, [pc, #32]	@ (10002698 <dd_4+0xa>)
10002678:	429a      	cmp	r2, r3
1000267a:	d203      	bcs.n	10002684 <dd_3>
1000267c:	0512      	lsls	r2, r2, #20
1000267e:	1889      	adds	r1, r1, r2

10002680 <dd_5>:
10002680:	19c9      	adds	r1, r1, r7
10002682:	bdf0      	pop	{r4, r5, r6, r7, pc}

10002684 <dd_3>:
10002684:	2000      	movs	r0, #0
10002686:	2a00      	cmp	r2, #0
10002688:	dc01      	bgt.n	1000268e <dd_4>
1000268a:	0039      	movs	r1, r7
1000268c:	bdf0      	pop	{r4, r5, r6, r7, pc}

1000268e <dd_4>:
1000268e:	3301      	adds	r3, #1
10002690:	0519      	lsls	r1, r3, #20
10002692:	e7f5      	b.n	10002680 <dd_5>
10002694:	000003fd 	.word	0x000003fd
10002698:	000007fe 	.word	0x000007fe

1000269c <double2uint_shim>:
1000269c:	2200      	movs	r2, #0

1000269e <double2ufix_shim>:
1000269e:	b500      	push	{lr}
100026a0:	3220      	adds	r2, #32
100026a2:	f000 f804 	bl	100026ae <double2ufix64_shim>
100026a6:	0008      	movs	r0, r1
100026a8:	bd00      	pop	{pc}
	...

100026ac <double2uint64_shim>:
100026ac:	2200      	movs	r2, #0

100026ae <double2ufix64_shim>:
100026ae:	150b      	asrs	r3, r1, #20
100026b0:	d40a      	bmi.n	100026c8 <ret_dzero>

100026b2 <d2fix>:
100026b2:	b510      	push	{r4, lr}
100026b4:	4694      	mov	ip, r2
100026b6:	f000 f831 	bl	1000271c <dunpacks>
100026ba:	1414      	asrs	r4, r2, #16
100026bc:	3401      	adds	r4, #1
100026be:	da00      	bge.n	100026c2 <d2fix+0x10>
100026c0:	2100      	movs	r1, #0
100026c2:	17cb      	asrs	r3, r1, #31
100026c4:	4c14      	ldr	r4, [pc, #80]	@ (10002718 <d2fix_a+0x4a>)
100026c6:	4720      	bx	r4

100026c8 <ret_dzero>:
100026c8:	2000      	movs	r0, #0
100026ca:	2100      	movs	r1, #0
100026cc:	4770      	bx	lr

100026ce <d2fix_a>:
100026ce:	4462      	add	r2, ip
100026d0:	3a34      	subs	r2, #52	@ 0x34
100026d2:	d40c      	bmi.n	100026ee <d2fix_a+0x20>
100026d4:	2a0c      	cmp	r2, #12
100026d6:	da07      	bge.n	100026e8 <d2fix_a+0x1a>
100026d8:	0004      	movs	r4, r0
100026da:	4091      	lsls	r1, r2
100026dc:	4090      	lsls	r0, r2
100026de:	4252      	negs	r2, r2
100026e0:	3220      	adds	r2, #32
100026e2:	40d4      	lsrs	r4, r2
100026e4:	4321      	orrs	r1, r4
100026e6:	bd10      	pop	{r4, pc}
100026e8:	43d8      	mvns	r0, r3
100026ea:	43d9      	mvns	r1, r3
100026ec:	bd10      	pop	{r4, pc}
100026ee:	3220      	adds	r2, #32
100026f0:	d407      	bmi.n	10002702 <d2fix_a+0x34>
100026f2:	460c      	mov	r4, r1
100026f4:	4094      	lsls	r4, r2
100026f6:	4252      	negs	r2, r2
100026f8:	3220      	adds	r2, #32
100026fa:	4111      	asrs	r1, r2
100026fc:	40d0      	lsrs	r0, r2
100026fe:	4320      	orrs	r0, r4
10002700:	bd10      	pop	{r4, pc}
10002702:	0008      	movs	r0, r1
10002704:	17c9      	asrs	r1, r1, #31
10002706:	3220      	adds	r2, #32
10002708:	d403      	bmi.n	10002712 <d2fix_a+0x44>
1000270a:	4252      	negs	r2, r2
1000270c:	3220      	adds	r2, #32
1000270e:	4110      	asrs	r0, r2
10002710:	bd10      	pop	{r4, pc}
10002712:	0018      	movs	r0, r3
10002714:	0019      	movs	r1, r3
10002716:	bd10      	pop	{r4, pc}
10002718:	100026cf 	.word	0x100026cf

1000271c <dunpacks>:
1000271c:	0d0a      	lsrs	r2, r1, #20
1000271e:	0fcc      	lsrs	r4, r1, #31
10002720:	1e53      	subs	r3, r2, #1
10002722:	051b      	lsls	r3, r3, #20
10002724:	1ac9      	subs	r1, r1, r3
10002726:	0552      	lsls	r2, r2, #21
10002728:	d303      	bcc.n	10002732 <l60_1>
1000272a:	43c9      	mvns	r1, r1
1000272c:	4240      	negs	r0, r0
1000272e:	d300      	bcc.n	10002732 <l60_1>
10002730:	3101      	adds	r1, #1

10002732 <l60_1>:
10002732:	0d52      	lsrs	r2, r2, #21
10002734:	d003      	beq.n	1000273e <l60_2>
10002736:	1c53      	adds	r3, r2, #1
10002738:	0adb      	lsrs	r3, r3, #11
1000273a:	d007      	beq.n	1000274c <l60_3>
1000273c:	1b12      	subs	r2, r2, r4

1000273e <l60_2>:
1000273e:	2000      	movs	r0, #0
10002740:	0064      	lsls	r4, r4, #1
10002742:	1c61      	adds	r1, r4, #1
10002744:	0789      	lsls	r1, r1, #30
10002746:	1289      	asrs	r1, r1, #10
10002748:	3a80      	subs	r2, #128	@ 0x80
1000274a:	0312      	lsls	r2, r2, #12

1000274c <l60_3>:
1000274c:	4b01      	ldr	r3, [pc, #4]	@ (10002754 <l60_3+0x8>)
1000274e:	1ad2      	subs	r2, r2, r3
10002750:	4770      	bx	lr
10002752:	0000      	.short	0x0000
10002754:	000003ff 	.word	0x000003ff

10002758 <__wrap___aeabi_lmul>:
10002758:	4351      	muls	r1, r2
1000275a:	4343      	muls	r3, r0
1000275c:	18c9      	adds	r1, r1, r3
1000275e:	468c      	mov	ip, r1
10002760:	0c11      	lsrs	r1, r2, #16
10002762:	b283      	uxth	r3, r0
10002764:	434b      	muls	r3, r1
10002766:	b410      	push	{r4}
10002768:	0c04      	lsrs	r4, r0, #16
1000276a:	4361      	muls	r1, r4
1000276c:	b292      	uxth	r2, r2
1000276e:	b280      	uxth	r0, r0
10002770:	4350      	muls	r0, r2
10002772:	4362      	muls	r2, r4
10002774:	041c      	lsls	r4, r3, #16
10002776:	0c1b      	lsrs	r3, r3, #16
10002778:	1900      	adds	r0, r0, r4
1000277a:	bc10      	pop	{r4}
1000277c:	4159      	adcs	r1, r3
1000277e:	0413      	lsls	r3, r2, #16
10002780:	0c12      	lsrs	r2, r2, #16
10002782:	18c0      	adds	r0, r0, r3
10002784:	4151      	adcs	r1, r2
10002786:	4461      	add	r1, ip
10002788:	4770      	bx	lr
	...

1000278c <__aeabi_float_init>:
1000278c:	2313      	movs	r3, #19
1000278e:	b510      	push	{r4, lr}
10002790:	4812      	ldr	r0, [pc, #72]	@ (100027dc <__aeabi_float_init+0x50>)
10002792:	781c      	ldrb	r4, [r3, #0]
10002794:	f7ff f818 	bl	100017c8 <rom_data_lookup>
10002798:	0001      	movs	r1, r0
1000279a:	2c01      	cmp	r4, #1
1000279c:	d00a      	beq.n	100027b4 <__aeabi_float_init+0x28>
1000279e:	dd03      	ble.n	100027a8 <__aeabi_float_init+0x1c>
100027a0:	2280      	movs	r2, #128	@ 0x80
100027a2:	480f      	ldr	r0, [pc, #60]	@ (100027e0 <__aeabi_float_init+0x54>)
100027a4:	f000 f848 	bl	10002838 <__wrap___aeabi_memcpy>
100027a8:	480e      	ldr	r0, [pc, #56]	@ (100027e4 <__aeabi_float_init+0x58>)
100027aa:	f7ff f805 	bl	100017b8 <rom_func_lookup>
100027ae:	4b0e      	ldr	r3, [pc, #56]	@ (100027e8 <__aeabi_float_init+0x5c>)
100027b0:	6018      	str	r0, [r3, #0]
100027b2:	bd10      	pop	{r4, pc}
100027b4:	4c0a      	ldr	r4, [pc, #40]	@ (100027e0 <__aeabi_float_init+0x54>)
100027b6:	2254      	movs	r2, #84	@ 0x54
100027b8:	0020      	movs	r0, r4
100027ba:	f000 f83d 	bl	10002838 <__wrap___aeabi_memcpy>
100027be:	4b0b      	ldr	r3, [pc, #44]	@ (100027ec <__aeabi_float_init+0x60>)
100027c0:	6563      	str	r3, [r4, #84]	@ 0x54
100027c2:	65a3      	str	r3, [r4, #88]	@ 0x58
100027c4:	65e3      	str	r3, [r4, #92]	@ 0x5c
100027c6:	6623      	str	r3, [r4, #96]	@ 0x60
100027c8:	6663      	str	r3, [r4, #100]	@ 0x64
100027ca:	66a3      	str	r3, [r4, #104]	@ 0x68
100027cc:	66e3      	str	r3, [r4, #108]	@ 0x6c
100027ce:	6723      	str	r3, [r4, #112]	@ 0x70
100027d0:	6763      	str	r3, [r4, #116]	@ 0x74
100027d2:	67a3      	str	r3, [r4, #120]	@ 0x78
100027d4:	67e3      	str	r3, [r4, #124]	@ 0x7c
100027d6:	6223      	str	r3, [r4, #32]
100027d8:	61e3      	str	r3, [r4, #28]
100027da:	e7e5      	b.n	100027a8 <__aeabi_float_init+0x1c>
100027dc:	00004653 	.word	0x00004653
100027e0:	200019a8 	.word	0x200019a8
100027e4:	0000334c 	.word	0x0000334c
100027e8:	20002768 	.word	0x20002768
100027ec:	100027f1 	.word	0x100027f1

100027f0 <float_table_shim_on_use_helper>:
100027f0:	b507      	push	{r0, r1, r2, lr}
100027f2:	4660      	mov	r0, ip
100027f4:	8801      	ldrh	r1, [r0, #0]
100027f6:	0a0a      	lsrs	r2, r1, #8
100027f8:	3002      	adds	r0, #2
100027fa:	2adf      	cmp	r2, #223	@ 0xdf
100027fc:	d1fa      	bne.n	100027f4 <float_table_shim_on_use_helper+0x4>
100027fe:	b2c9      	uxtb	r1, r1
10002800:	0882      	lsrs	r2, r0, #2
10002802:	d304      	bcc.n	1000280e <float_table_shim_on_use_helper+0x1e>
10002804:	8802      	ldrh	r2, [r0, #0]
10002806:	8840      	ldrh	r0, [r0, #2]
10002808:	0400      	lsls	r0, r0, #16
1000280a:	4310      	orrs	r0, r2
1000280c:	e000      	b.n	10002810 <float_table_shim_on_use_helper+0x20>
1000280e:	6800      	ldr	r0, [r0, #0]
10002810:	4a01      	ldr	r2, [pc, #4]	@ (10002818 <float_table_shim_on_use_helper+0x28>)
10002812:	5050      	str	r0, [r2, r1]
10002814:	9003      	str	r0, [sp, #12]
10002816:	bd07      	pop	{r0, r1, r2, pc}
10002818:	200019a8 	.word	0x200019a8

1000281c <__aeabi_mem_init>:
1000281c:	4801      	ldr	r0, [pc, #4]	@ (10002824 <__aeabi_mem_init+0x8>)
1000281e:	2104      	movs	r1, #4
10002820:	4b01      	ldr	r3, [pc, #4]	@ (10002828 <__aeabi_mem_init+0xc>)
10002822:	4718      	bx	r3
10002824:	20001150 	.word	0x20001150
10002828:	100017d9 	.word	0x100017d9

1000282c <__wrap_memset>:
1000282c:	4b01      	ldr	r3, [pc, #4]	@ (10002834 <__wrap_memset+0x8>)
1000282e:	681b      	ldr	r3, [r3, #0]
10002830:	4718      	bx	r3
10002832:	0000      	.short	0x0000
10002834:	20001150 	.word	0x20001150

10002838 <__wrap___aeabi_memcpy>:
10002838:	4b01      	ldr	r3, [pc, #4]	@ (10002840 <__wrap___aeabi_memcpy+0x8>)
1000283a:	685b      	ldr	r3, [r3, #4]
1000283c:	4718      	bx	r3
1000283e:	0000      	.short	0x0000
10002840:	20001150 	.word	0x20001150

10002844 <_out_null>:
10002844:	4770      	bx	lr
10002846:	46c0      	nop			@ (mov r8, r8)

10002848 <_out_rev>:
10002848:	b5f8      	push	{r3, r4, r5, r6, r7, lr}
1000284a:	4657      	mov	r7, sl
1000284c:	46de      	mov	lr, fp
1000284e:	464e      	mov	r6, r9
10002850:	4645      	mov	r5, r8
10002852:	b5e0      	push	{r5, r6, r7, lr}
10002854:	4699      	mov	r9, r3
10002856:	9b0a      	ldr	r3, [sp, #40]	@ 0x28
10002858:	0007      	movs	r7, r0
1000285a:	469a      	mov	sl, r3
1000285c:	9b0d      	ldr	r3, [sp, #52]	@ 0x34
1000285e:	4688      	mov	r8, r1
10002860:	4693      	mov	fp, r2
10002862:	9c0b      	ldr	r4, [sp, #44]	@ 0x2c
10002864:	079b      	lsls	r3, r3, #30
10002866:	d13b      	bne.n	100028e0 <_out_rev+0x98>
10002868:	9b0c      	ldr	r3, [sp, #48]	@ 0x30
1000286a:	429c      	cmp	r4, r3
1000286c:	d23d      	bcs.n	100028ea <_out_rev+0xa2>
1000286e:	1b1e      	subs	r6, r3, r4
10002870:	940b      	str	r4, [sp, #44]	@ 0x2c
10002872:	0015      	movs	r5, r2
10002874:	000c      	movs	r4, r1
10002876:	445e      	add	r6, fp
10002878:	002a      	movs	r2, r5
1000287a:	464b      	mov	r3, r9
1000287c:	3501      	adds	r5, #1
1000287e:	0021      	movs	r1, r4
10002880:	2020      	movs	r0, #32
10002882:	47b8      	blx	r7
10002884:	42b5      	cmp	r5, r6
10002886:	d1f7      	bne.n	10002878 <_out_rev+0x30>
10002888:	46a0      	mov	r8, r4
1000288a:	9c0b      	ldr	r4, [sp, #44]	@ 0x2c
1000288c:	2c00      	cmp	r4, #0
1000288e:	d020      	beq.n	100028d2 <_out_rev+0x8a>
10002890:	4645      	mov	r5, r8
10002892:	1936      	adds	r6, r6, r4
10002894:	4653      	mov	r3, sl
10002896:	1b32      	subs	r2, r6, r4
10002898:	3c01      	subs	r4, #1
1000289a:	5d18      	ldrb	r0, [r3, r4]
1000289c:	0029      	movs	r1, r5
1000289e:	464b      	mov	r3, r9
100028a0:	47b8      	blx	r7
100028a2:	2c00      	cmp	r4, #0
100028a4:	d1f6      	bne.n	10002894 <_out_rev+0x4c>
100028a6:	002b      	movs	r3, r5
100028a8:	0035      	movs	r5, r6
100028aa:	4698      	mov	r8, r3
100028ac:	9b0d      	ldr	r3, [sp, #52]	@ 0x34
100028ae:	079b      	lsls	r3, r3, #30
100028b0:	d50f      	bpl.n	100028d2 <_out_rev+0x8a>
100028b2:	465b      	mov	r3, fp
100028b4:	1aec      	subs	r4, r5, r3
100028b6:	9b0c      	ldr	r3, [sp, #48]	@ 0x30
100028b8:	42a3      	cmp	r3, r4
100028ba:	d90a      	bls.n	100028d2 <_out_rev+0x8a>
100028bc:	4646      	mov	r6, r8
100028be:	4698      	mov	r8, r3
100028c0:	002a      	movs	r2, r5
100028c2:	464b      	mov	r3, r9
100028c4:	0031      	movs	r1, r6
100028c6:	2020      	movs	r0, #32
100028c8:	3401      	adds	r4, #1
100028ca:	47b8      	blx	r7
100028cc:	3501      	adds	r5, #1
100028ce:	4544      	cmp	r4, r8
100028d0:	d3f6      	bcc.n	100028c0 <_out_rev+0x78>
100028d2:	0028      	movs	r0, r5
100028d4:	bcf0      	pop	{r4, r5, r6, r7}
100028d6:	46bb      	mov	fp, r7
100028d8:	46b2      	mov	sl, r6
100028da:	46a9      	mov	r9, r5
100028dc:	46a0      	mov	r8, r4
100028de:	bdf8      	pop	{r3, r4, r5, r6, r7, pc}
100028e0:	0016      	movs	r6, r2
100028e2:	0015      	movs	r5, r2
100028e4:	2c00      	cmp	r4, #0
100028e6:	d1d3      	bne.n	10002890 <_out_rev+0x48>
100028e8:	e7e0      	b.n	100028ac <_out_rev+0x64>
100028ea:	0016      	movs	r6, r2
100028ec:	0015      	movs	r5, r2
100028ee:	2c00      	cmp	r4, #0
100028f0:	d1ce      	bne.n	10002890 <_out_rev+0x48>
100028f2:	e7ee      	b.n	100028d2 <_out_rev+0x8a>

100028f4 <_ntoa_format>:
100028f4:	b5f0      	push	{r4, r5, r6, r7, lr}
100028f6:	4645      	mov	r5, r8
100028f8:	46de      	mov	lr, fp
100028fa:	4657      	mov	r7, sl
100028fc:	464e      	mov	r6, r9
100028fe:	b5e0      	push	{r5, r6, r7, lr}
10002900:	b085      	sub	sp, #20
10002902:	469c      	mov	ip, r3
10002904:	ab10      	add	r3, sp, #64	@ 0x40
10002906:	781b      	ldrb	r3, [r3, #0]
10002908:	9f14      	ldr	r7, [sp, #80]	@ 0x50
1000290a:	4693      	mov	fp, r2
1000290c:	4698      	mov	r8, r3
1000290e:	9c0f      	ldr	r4, [sp, #60]	@ 0x3c
10002910:	9e12      	ldr	r6, [sp, #72]	@ 0x48
10002912:	9d13      	ldr	r5, [sp, #76]	@ 0x4c
10002914:	07bb      	lsls	r3, r7, #30
10002916:	d44c      	bmi.n	100029b2 <_ntoa_format+0xbe>
10002918:	2d00      	cmp	r5, #0
1000291a:	d142      	bne.n	100029a2 <_ntoa_format+0xae>
1000291c:	42b4      	cmp	r4, r6
1000291e:	d248      	bcs.n	100029b2 <_ntoa_format+0xbe>
10002920:	2301      	movs	r3, #1
10002922:	403b      	ands	r3, r7
10002924:	4699      	mov	r9, r3
10002926:	9b0e      	ldr	r3, [sp, #56]	@ 0x38
10002928:	3b01      	subs	r3, #1
1000292a:	469a      	mov	sl, r3
1000292c:	2330      	movs	r3, #48	@ 0x30
1000292e:	e004      	b.n	1000293a <_ntoa_format+0x46>
10002930:	4652      	mov	r2, sl
10002932:	3401      	adds	r4, #1
10002934:	5513      	strb	r3, [r2, r4]
10002936:	42a6      	cmp	r6, r4
10002938:	d901      	bls.n	1000293e <_ntoa_format+0x4a>
1000293a:	2c20      	cmp	r4, #32
1000293c:	d1f8      	bne.n	10002930 <_ntoa_format+0x3c>
1000293e:	464b      	mov	r3, r9
10002940:	2b00      	cmp	r3, #0
10002942:	d100      	bne.n	10002946 <_ntoa_format+0x52>
10002944:	e083      	b.n	10002a4e <_ntoa_format+0x15a>
10002946:	9b0e      	ldr	r3, [sp, #56]	@ 0x38
10002948:	3b01      	subs	r3, #1
1000294a:	4699      	mov	r9, r3
1000294c:	2330      	movs	r3, #48	@ 0x30
1000294e:	42a5      	cmp	r5, r4
10002950:	d805      	bhi.n	1000295e <_ntoa_format+0x6a>
10002952:	e02e      	b.n	100029b2 <_ntoa_format+0xbe>
10002954:	464a      	mov	r2, r9
10002956:	3401      	adds	r4, #1
10002958:	5513      	strb	r3, [r2, r4]
1000295a:	42ac      	cmp	r4, r5
1000295c:	d029      	beq.n	100029b2 <_ntoa_format+0xbe>
1000295e:	2c20      	cmp	r4, #32
10002960:	d1f8      	bne.n	10002954 <_ntoa_format+0x60>
10002962:	06fb      	lsls	r3, r7, #27
10002964:	d50c      	bpl.n	10002980 <_ntoa_format+0x8c>
10002966:	057b      	lsls	r3, r7, #21
10002968:	d454      	bmi.n	10002a14 <_ntoa_format+0x120>
1000296a:	42a6      	cmp	r6, r4
1000296c:	d063      	beq.n	10002a36 <_ntoa_format+0x142>
1000296e:	42a5      	cmp	r5, r4
10002970:	d061      	beq.n	10002a36 <_ntoa_format+0x142>
10002972:	9b11      	ldr	r3, [sp, #68]	@ 0x44
10002974:	2b10      	cmp	r3, #16
10002976:	d050      	beq.n	10002a1a <_ntoa_format+0x126>
10002978:	2b02      	cmp	r3, #2
1000297a:	d057      	beq.n	10002a2c <_ntoa_format+0x138>
1000297c:	2c20      	cmp	r4, #32
1000297e:	d132      	bne.n	100029e6 <_ntoa_format+0xf2>
10002980:	2320      	movs	r3, #32
10002982:	9301      	str	r3, [sp, #4]
10002984:	9b0e      	ldr	r3, [sp, #56]	@ 0x38
10002986:	465a      	mov	r2, fp
10002988:	9300      	str	r3, [sp, #0]
1000298a:	9703      	str	r7, [sp, #12]
1000298c:	4663      	mov	r3, ip
1000298e:	9502      	str	r5, [sp, #8]
10002990:	f7ff ff5a 	bl	10002848 <_out_rev>
10002994:	b005      	add	sp, #20
10002996:	bcf0      	pop	{r4, r5, r6, r7}
10002998:	46bb      	mov	fp, r7
1000299a:	46b2      	mov	sl, r6
1000299c:	46a9      	mov	r9, r5
1000299e:	46a0      	mov	r8, r4
100029a0:	bdf0      	pop	{r4, r5, r6, r7, pc}
100029a2:	2301      	movs	r3, #1
100029a4:	403b      	ands	r3, r7
100029a6:	4699      	mov	r9, r3
100029a8:	2301      	movs	r3, #1
100029aa:	423b      	tst	r3, r7
100029ac:	d12a      	bne.n	10002a04 <_ntoa_format+0x110>
100029ae:	42b4      	cmp	r4, r6
100029b0:	d3b9      	bcc.n	10002926 <_ntoa_format+0x32>
100029b2:	06fb      	lsls	r3, r7, #27
100029b4:	d51c      	bpl.n	100029f0 <_ntoa_format+0xfc>
100029b6:	057b      	lsls	r3, r7, #21
100029b8:	d4db      	bmi.n	10002972 <_ntoa_format+0x7e>
100029ba:	2c00      	cmp	r4, #0
100029bc:	d1d5      	bne.n	1000296a <_ntoa_format+0x76>
100029be:	9b11      	ldr	r3, [sp, #68]	@ 0x44
100029c0:	2b10      	cmp	r3, #16
100029c2:	d05b      	beq.n	10002a7c <_ntoa_format+0x188>
100029c4:	9b11      	ldr	r3, [sp, #68]	@ 0x44
100029c6:	2b02      	cmp	r3, #2
100029c8:	d06b      	beq.n	10002aa2 <_ntoa_format+0x1ae>
100029ca:	2330      	movs	r3, #48	@ 0x30
100029cc:	2401      	movs	r4, #1
100029ce:	9a0e      	ldr	r2, [sp, #56]	@ 0x38
100029d0:	7013      	strb	r3, [r2, #0]
100029d2:	4643      	mov	r3, r8
100029d4:	2b00      	cmp	r3, #0
100029d6:	d110      	bne.n	100029fa <_ntoa_format+0x106>
100029d8:	077b      	lsls	r3, r7, #29
100029da:	d53e      	bpl.n	10002a5a <_ntoa_format+0x166>
100029dc:	262b      	movs	r6, #43	@ 0x2b
100029de:	9a0e      	ldr	r2, [sp, #56]	@ 0x38
100029e0:	1c63      	adds	r3, r4, #1
100029e2:	5516      	strb	r6, [r2, r4]
100029e4:	e7cd      	b.n	10002982 <_ntoa_format+0x8e>
100029e6:	0023      	movs	r3, r4
100029e8:	3401      	adds	r4, #1
100029ea:	2630      	movs	r6, #48	@ 0x30
100029ec:	9a0e      	ldr	r2, [sp, #56]	@ 0x38
100029ee:	54d6      	strb	r6, [r2, r3]
100029f0:	2c20      	cmp	r4, #32
100029f2:	d0c5      	beq.n	10002980 <_ntoa_format+0x8c>
100029f4:	4643      	mov	r3, r8
100029f6:	2b00      	cmp	r3, #0
100029f8:	d0ee      	beq.n	100029d8 <_ntoa_format+0xe4>
100029fa:	262d      	movs	r6, #45	@ 0x2d
100029fc:	9a0e      	ldr	r2, [sp, #56]	@ 0x38
100029fe:	1c63      	adds	r3, r4, #1
10002a00:	5516      	strb	r6, [r2, r4]
10002a02:	e7be      	b.n	10002982 <_ntoa_format+0x8e>
10002a04:	4643      	mov	r3, r8
10002a06:	2b00      	cmp	r3, #0
10002a08:	d02f      	beq.n	10002a6a <_ntoa_format+0x176>
10002a0a:	3d01      	subs	r5, #1
10002a0c:	42b4      	cmp	r4, r6
10002a0e:	d200      	bcs.n	10002a12 <_ntoa_format+0x11e>
10002a10:	e789      	b.n	10002926 <_ntoa_format+0x32>
10002a12:	e798      	b.n	10002946 <_ntoa_format+0x52>
10002a14:	9b11      	ldr	r3, [sp, #68]	@ 0x44
10002a16:	2b10      	cmp	r3, #16
10002a18:	d1b2      	bne.n	10002980 <_ntoa_format+0x8c>
10002a1a:	06bb      	lsls	r3, r7, #26
10002a1c:	d537      	bpl.n	10002a8e <_ntoa_format+0x19a>
10002a1e:	2c20      	cmp	r4, #32
10002a20:	d0ae      	beq.n	10002980 <_ntoa_format+0x8c>
10002a22:	2358      	movs	r3, #88	@ 0x58
10002a24:	9a0e      	ldr	r2, [sp, #56]	@ 0x38
10002a26:	5513      	strb	r3, [r2, r4]
10002a28:	3401      	adds	r4, #1
10002a2a:	e7a7      	b.n	1000297c <_ntoa_format+0x88>
10002a2c:	2c20      	cmp	r4, #32
10002a2e:	d0a7      	beq.n	10002980 <_ntoa_format+0x8c>
10002a30:	0023      	movs	r3, r4
10002a32:	3401      	adds	r4, #1
10002a34:	e007      	b.n	10002a46 <_ntoa_format+0x152>
10002a36:	1e63      	subs	r3, r4, #1
10002a38:	2c01      	cmp	r4, #1
10002a3a:	d0c0      	beq.n	100029be <_ntoa_format+0xca>
10002a3c:	9a11      	ldr	r2, [sp, #68]	@ 0x44
10002a3e:	2a10      	cmp	r2, #16
10002a40:	d031      	beq.n	10002aa6 <_ntoa_format+0x1b2>
10002a42:	2a02      	cmp	r2, #2
10002a44:	d1d1      	bne.n	100029ea <_ntoa_format+0xf6>
10002a46:	2662      	movs	r6, #98	@ 0x62
10002a48:	9a0e      	ldr	r2, [sp, #56]	@ 0x38
10002a4a:	54d6      	strb	r6, [r2, r3]
10002a4c:	e796      	b.n	1000297c <_ntoa_format+0x88>
10002a4e:	06fb      	lsls	r3, r7, #27
10002a50:	d5ce      	bpl.n	100029f0 <_ntoa_format+0xfc>
10002a52:	057b      	lsls	r3, r7, #21
10002a54:	d400      	bmi.n	10002a58 <_ntoa_format+0x164>
10002a56:	e788      	b.n	1000296a <_ntoa_format+0x76>
10002a58:	e78b      	b.n	10002972 <_ntoa_format+0x7e>
10002a5a:	0023      	movs	r3, r4
10002a5c:	073e      	lsls	r6, r7, #28
10002a5e:	d590      	bpl.n	10002982 <_ntoa_format+0x8e>
10002a60:	2620      	movs	r6, #32
10002a62:	9a0e      	ldr	r2, [sp, #56]	@ 0x38
10002a64:	3301      	adds	r3, #1
10002a66:	5516      	strb	r6, [r2, r4]
10002a68:	e78b      	b.n	10002982 <_ntoa_format+0x8e>
10002a6a:	230c      	movs	r3, #12
10002a6c:	403b      	ands	r3, r7
10002a6e:	1e5a      	subs	r2, r3, #1
10002a70:	4193      	sbcs	r3, r2
10002a72:	1aed      	subs	r5, r5, r3
10002a74:	42b4      	cmp	r4, r6
10002a76:	d200      	bcs.n	10002a7a <_ntoa_format+0x186>
10002a78:	e755      	b.n	10002926 <_ntoa_format+0x32>
10002a7a:	e764      	b.n	10002946 <_ntoa_format+0x52>
10002a7c:	06bb      	lsls	r3, r7, #26
10002a7e:	d40e      	bmi.n	10002a9e <_ntoa_format+0x1aa>
10002a80:	2378      	movs	r3, #120	@ 0x78
10002a82:	9a0e      	ldr	r2, [sp, #56]	@ 0x38
10002a84:	2402      	movs	r4, #2
10002a86:	7013      	strb	r3, [r2, #0]
10002a88:	2330      	movs	r3, #48	@ 0x30
10002a8a:	7053      	strb	r3, [r2, #1]
10002a8c:	e7a1      	b.n	100029d2 <_ntoa_format+0xde>
10002a8e:	2c20      	cmp	r4, #32
10002a90:	d100      	bne.n	10002a94 <_ntoa_format+0x1a0>
10002a92:	e775      	b.n	10002980 <_ntoa_format+0x8c>
10002a94:	2378      	movs	r3, #120	@ 0x78
10002a96:	9a0e      	ldr	r2, [sp, #56]	@ 0x38
10002a98:	5513      	strb	r3, [r2, r4]
10002a9a:	3401      	adds	r4, #1
10002a9c:	e76e      	b.n	1000297c <_ntoa_format+0x88>
10002a9e:	2358      	movs	r3, #88	@ 0x58
10002aa0:	e7ef      	b.n	10002a82 <_ntoa_format+0x18e>
10002aa2:	3360      	adds	r3, #96	@ 0x60
10002aa4:	e7ed      	b.n	10002a82 <_ntoa_format+0x18e>
10002aa6:	9a0e      	ldr	r2, [sp, #56]	@ 0x38
10002aa8:	1ea6      	subs	r6, r4, #2
10002aaa:	4691      	mov	r9, r2
10002aac:	444e      	add	r6, r9
10002aae:	06ba      	lsls	r2, r7, #26
10002ab0:	d502      	bpl.n	10002ab8 <_ntoa_format+0x1c4>
10002ab2:	2258      	movs	r2, #88	@ 0x58
10002ab4:	7032      	strb	r2, [r6, #0]
10002ab6:	e798      	b.n	100029ea <_ntoa_format+0xf6>
10002ab8:	2278      	movs	r2, #120	@ 0x78
10002aba:	7032      	strb	r2, [r6, #0]
10002abc:	e795      	b.n	100029ea <_ntoa_format+0xf6>
10002abe:	46c0      	nop			@ (mov r8, r8)

10002ac0 <_out_char>:
10002ac0:	b510      	push	{r4, lr}
10002ac2:	2800      	cmp	r0, #0
10002ac4:	d100      	bne.n	10002ac8 <_out_char+0x8>
10002ac6:	bd10      	pop	{r4, pc}
10002ac8:	f001 fd50 	bl	1000456c <__wrap_putchar>
10002acc:	e7fb      	b.n	10002ac6 <_out_char+0x6>
10002ace:	46c0      	nop			@ (mov r8, r8)

10002ad0 <_out_fct>:
10002ad0:	000b      	movs	r3, r1
10002ad2:	b510      	push	{r4, lr}
10002ad4:	2800      	cmp	r0, #0
10002ad6:	d002      	beq.n	10002ade <_out_fct+0xe>
10002ad8:	6849      	ldr	r1, [r1, #4]
10002ada:	681b      	ldr	r3, [r3, #0]
10002adc:	4798      	blx	r3
10002ade:	bd10      	pop	{r4, pc}

10002ae0 <_ftoa>:
10002ae0:	b5f0      	push	{r4, r5, r6, r7, lr}
10002ae2:	4657      	mov	r7, sl
10002ae4:	46de      	mov	lr, fp
10002ae6:	464e      	mov	r6, r9
10002ae8:	4645      	mov	r5, r8
10002aea:	b5e0      	push	{r5, r6, r7, lr}
10002aec:	b095      	sub	sp, #84	@ 0x54
10002aee:	4683      	mov	fp, r0
10002af0:	000f      	movs	r7, r1
10002af2:	4692      	mov	sl, r2
10002af4:	4698      	mov	r8, r3
10002af6:	9a1e      	ldr	r2, [sp, #120]	@ 0x78
10002af8:	9b1f      	ldr	r3, [sp, #124]	@ 0x7c
10002afa:	0010      	movs	r0, r2
10002afc:	0019      	movs	r1, r3
10002afe:	9e20      	ldr	r6, [sp, #128]	@ 0x80
10002b00:	f7ff facf 	bl	100020a2 <__wrap___aeabi_dcmpun>
10002b04:	2800      	cmp	r0, #0
10002b06:	d000      	beq.n	10002b0a <_ftoa+0x2a>
10002b08:	e1ea      	b.n	10002ee0 <_ftoa+0x400>
10002b0a:	981e      	ldr	r0, [sp, #120]	@ 0x78
10002b0c:	991f      	ldr	r1, [sp, #124]	@ 0x7c
10002b0e:	2201      	movs	r2, #1
10002b10:	4bc5      	ldr	r3, [pc, #788]	@ (10002e28 <_ftoa+0x348>)
10002b12:	4252      	negs	r2, r2
10002b14:	f7ff faaa 	bl	1000206c <__wrap___aeabi_dcmplt>
10002b18:	2800      	cmp	r0, #0
10002b1a:	d000      	beq.n	10002b1e <_ftoa+0x3e>
10002b1c:	e114      	b.n	10002d48 <_ftoa+0x268>
10002b1e:	981e      	ldr	r0, [sp, #120]	@ 0x78
10002b20:	991f      	ldr	r1, [sp, #124]	@ 0x7c
10002b22:	2201      	movs	r2, #1
10002b24:	4bc1      	ldr	r3, [pc, #772]	@ (10002e2c <_ftoa+0x34c>)
10002b26:	4252      	negs	r2, r2
10002b28:	f7ff fab6 	bl	10002098 <__wrap___aeabi_dcmpgt>
10002b2c:	2800      	cmp	r0, #0
10002b2e:	d000      	beq.n	10002b32 <_ftoa+0x52>
10002b30:	e0e9      	b.n	10002d06 <_ftoa+0x226>
10002b32:	981e      	ldr	r0, [sp, #120]	@ 0x78
10002b34:	991f      	ldr	r1, [sp, #124]	@ 0x7c
10002b36:	2200      	movs	r2, #0
10002b38:	4bbd      	ldr	r3, [pc, #756]	@ (10002e30 <_ftoa+0x350>)
10002b3a:	f7ff faad 	bl	10002098 <__wrap___aeabi_dcmpgt>
10002b3e:	2800      	cmp	r0, #0
10002b40:	d000      	beq.n	10002b44 <_ftoa+0x64>
10002b42:	e0c8      	b.n	10002cd6 <_ftoa+0x1f6>
10002b44:	981e      	ldr	r0, [sp, #120]	@ 0x78
10002b46:	991f      	ldr	r1, [sp, #124]	@ 0x7c
10002b48:	2200      	movs	r2, #0
10002b4a:	4bba      	ldr	r3, [pc, #744]	@ (10002e34 <_ftoa+0x354>)
10002b4c:	f7ff fa8e 	bl	1000206c <__wrap___aeabi_dcmplt>
10002b50:	2800      	cmp	r0, #0
10002b52:	d000      	beq.n	10002b56 <_ftoa+0x76>
10002b54:	e0bf      	b.n	10002cd6 <_ftoa+0x1f6>
10002b56:	981e      	ldr	r0, [sp, #120]	@ 0x78
10002b58:	991f      	ldr	r1, [sp, #124]	@ 0x7c
10002b5a:	2200      	movs	r2, #0
10002b5c:	2300      	movs	r3, #0
10002b5e:	f7ff fa85 	bl	1000206c <__wrap___aeabi_dcmplt>
10002b62:	2800      	cmp	r0, #0
10002b64:	d000      	beq.n	10002b68 <_ftoa+0x88>
10002b66:	e0e4      	b.n	10002d32 <_ftoa+0x252>
10002b68:	2300      	movs	r3, #0
10002b6a:	930b      	str	r3, [sp, #44]	@ 0x2c
10002b6c:	9b22      	ldr	r3, [sp, #136]	@ 0x88
10002b6e:	055b      	lsls	r3, r3, #21
10002b70:	d400      	bmi.n	10002b74 <_ftoa+0x94>
10002b72:	2606      	movs	r6, #6
10002b74:	2400      	movs	r4, #0
10002b76:	2330      	movs	r3, #48	@ 0x30
10002b78:	e007      	b.n	10002b8a <_ftoa+0xaa>
10002b7a:	2117      	movs	r1, #23
10002b7c:	aa06      	add	r2, sp, #24
10002b7e:	3401      	adds	r4, #1
10002b80:	1852      	adds	r2, r2, r1
10002b82:	5513      	strb	r3, [r2, r4]
10002b84:	3e01      	subs	r6, #1
10002b86:	2c20      	cmp	r4, #32
10002b88:	d001      	beq.n	10002b8e <_ftoa+0xae>
10002b8a:	2e09      	cmp	r6, #9
10002b8c:	d8f5      	bhi.n	10002b7a <_ftoa+0x9a>
10002b8e:	981e      	ldr	r0, [sp, #120]	@ 0x78
10002b90:	991f      	ldr	r1, [sp, #124]	@ 0x7c
10002b92:	f7ff faaf 	bl	100020f4 <__wrap___aeabi_d2iz>
10002b96:	4ba8      	ldr	r3, [pc, #672]	@ (10002e38 <_ftoa+0x358>)
10002b98:	00f2      	lsls	r2, r6, #3
10002b9a:	189b      	adds	r3, r3, r2
10002b9c:	681a      	ldr	r2, [r3, #0]
10002b9e:	685b      	ldr	r3, [r3, #4]
10002ba0:	0005      	movs	r5, r0
10002ba2:	9208      	str	r2, [sp, #32]
10002ba4:	9309      	str	r3, [sp, #36]	@ 0x24
10002ba6:	f7ff fa8d 	bl	100020c4 <__wrap___aeabi_i2d>
10002baa:	0002      	movs	r2, r0
10002bac:	000b      	movs	r3, r1
10002bae:	981e      	ldr	r0, [sp, #120]	@ 0x78
10002bb0:	991f      	ldr	r1, [sp, #124]	@ 0x7c
10002bb2:	f7ff f9e8 	bl	10001f86 <__wrap___aeabi_dsub>
10002bb6:	9a08      	ldr	r2, [sp, #32]
10002bb8:	9b09      	ldr	r3, [sp, #36]	@ 0x24
10002bba:	f7ff fa14 	bl	10001fe6 <__wrap___aeabi_dmul>
10002bbe:	9006      	str	r0, [sp, #24]
10002bc0:	9107      	str	r1, [sp, #28]
10002bc2:	f7ff fabb 	bl	1000213c <__wrap___aeabi_d2uiz>
10002bc6:	4681      	mov	r9, r0
10002bc8:	f7ff fa78 	bl	100020bc <__wrap___aeabi_ui2d>
10002bcc:	0002      	movs	r2, r0
10002bce:	000b      	movs	r3, r1
10002bd0:	9806      	ldr	r0, [sp, #24]
10002bd2:	9907      	ldr	r1, [sp, #28]
10002bd4:	f7ff f9d7 	bl	10001f86 <__wrap___aeabi_dsub>
10002bd8:	2200      	movs	r2, #0
10002bda:	4b98      	ldr	r3, [pc, #608]	@ (10002e3c <_ftoa+0x35c>)
10002bdc:	9006      	str	r0, [sp, #24]
10002bde:	9107      	str	r1, [sp, #28]
10002be0:	f7ff fa5a 	bl	10002098 <__wrap___aeabi_dcmpgt>
10002be4:	2800      	cmp	r0, #0
10002be6:	d100      	bne.n	10002bea <_ftoa+0x10a>
10002be8:	e10d      	b.n	10002e06 <_ftoa+0x326>
10002bea:	2301      	movs	r3, #1
10002bec:	469c      	mov	ip, r3
10002bee:	44e1      	add	r9, ip
10002bf0:	4648      	mov	r0, r9
10002bf2:	f7ff fa63 	bl	100020bc <__wrap___aeabi_ui2d>
10002bf6:	0002      	movs	r2, r0
10002bf8:	000b      	movs	r3, r1
10002bfa:	9808      	ldr	r0, [sp, #32]
10002bfc:	9909      	ldr	r1, [sp, #36]	@ 0x24
10002bfe:	f7ff fa3b 	bl	10002078 <__wrap___aeabi_dcmple>
10002c02:	2800      	cmp	r0, #0
10002c04:	d002      	beq.n	10002c0c <_ftoa+0x12c>
10002c06:	2300      	movs	r3, #0
10002c08:	4699      	mov	r9, r3
10002c0a:	3501      	adds	r5, #1
10002c0c:	2e00      	cmp	r6, #0
10002c0e:	d100      	bne.n	10002c12 <_ftoa+0x132>
10002c10:	e0d9      	b.n	10002dc6 <_ftoa+0x2e6>
10002c12:	9506      	str	r5, [sp, #24]
10002c14:	464d      	mov	r5, r9
10002c16:	46b9      	mov	r9, r7
10002c18:	e014      	b.n	10002c44 <_ftoa+0x164>
10002c1a:	aa06      	add	r2, sp, #24
10002c1c:	4694      	mov	ip, r2
10002c1e:	2317      	movs	r3, #23
10002c20:	210a      	movs	r1, #10
10002c22:	4463      	add	r3, ip
10002c24:	0028      	movs	r0, r5
10002c26:	3401      	adds	r4, #1
10002c28:	191f      	adds	r7, r3, r4
10002c2a:	f7fe ff71 	bl	10001b10 <__wrap___aeabi_uidiv>
10002c2e:	3130      	adds	r1, #48	@ 0x30
10002c30:	7039      	strb	r1, [r7, #0]
10002c32:	0028      	movs	r0, r5
10002c34:	210a      	movs	r1, #10
10002c36:	3e01      	subs	r6, #1
10002c38:	f7fe ff6a 	bl	10001b10 <__wrap___aeabi_uidiv>
10002c3c:	2d09      	cmp	r5, #9
10002c3e:	d800      	bhi.n	10002c42 <_ftoa+0x162>
10002c40:	e117      	b.n	10002e72 <_ftoa+0x392>
10002c42:	0005      	movs	r5, r0
10002c44:	2c20      	cmp	r4, #32
10002c46:	d1e8      	bne.n	10002c1a <_ftoa+0x13a>
10002c48:	464f      	mov	r7, r9
10002c4a:	9d06      	ldr	r5, [sp, #24]
10002c4c:	2420      	movs	r4, #32
10002c4e:	ae0c      	add	r6, sp, #48	@ 0x30
10002c50:	aa06      	add	r2, sp, #24
10002c52:	2317      	movs	r3, #23
10002c54:	4694      	mov	ip, r2
10002c56:	4463      	add	r3, ip
10002c58:	4699      	mov	r9, r3
10002c5a:	465b      	mov	r3, fp
10002c5c:	46b3      	mov	fp, r6
10002c5e:	9306      	str	r3, [sp, #24]
10002c60:	e00f      	b.n	10002c82 <_ftoa+0x1a2>
10002c62:	464b      	mov	r3, r9
10002c64:	0028      	movs	r0, r5
10002c66:	210a      	movs	r1, #10
10002c68:	3401      	adds	r4, #1
10002c6a:	18e6      	adds	r6, r4, r3
10002c6c:	f7fe ff28 	bl	10001ac0 <__wrap___aeabi_idiv>
10002c70:	3130      	adds	r1, #48	@ 0x30
10002c72:	0028      	movs	r0, r5
10002c74:	7031      	strb	r1, [r6, #0]
10002c76:	210a      	movs	r1, #10
10002c78:	f7fe ff22 	bl	10001ac0 <__wrap___aeabi_idiv>
10002c7c:	1e05      	subs	r5, r0, #0
10002c7e:	d100      	bne.n	10002c82 <_ftoa+0x1a2>
10002c80:	e0e4      	b.n	10002e4c <_ftoa+0x36c>
10002c82:	2c20      	cmp	r4, #32
10002c84:	d1ed      	bne.n	10002c62 <_ftoa+0x182>
10002c86:	9b06      	ldr	r3, [sp, #24]
10002c88:	465e      	mov	r6, fp
10002c8a:	469b      	mov	fp, r3
10002c8c:	2303      	movs	r3, #3
10002c8e:	9a22      	ldr	r2, [sp, #136]	@ 0x88
10002c90:	4013      	ands	r3, r2
10002c92:	2b01      	cmp	r3, #1
10002c94:	d118      	bne.n	10002cc8 <_ftoa+0x1e8>
10002c96:	9b21      	ldr	r3, [sp, #132]	@ 0x84
10002c98:	2b00      	cmp	r3, #0
10002c9a:	d015      	beq.n	10002cc8 <_ftoa+0x1e8>
10002c9c:	9b0b      	ldr	r3, [sp, #44]	@ 0x2c
10002c9e:	2b00      	cmp	r3, #0
10002ca0:	d100      	bne.n	10002ca4 <_ftoa+0x1c4>
10002ca2:	e0fd      	b.n	10002ea0 <_ftoa+0x3c0>
10002ca4:	9b21      	ldr	r3, [sp, #132]	@ 0x84
10002ca6:	3b01      	subs	r3, #1
10002ca8:	9321      	str	r3, [sp, #132]	@ 0x84
10002caa:	2b20      	cmp	r3, #32
10002cac:	d90c      	bls.n	10002cc8 <_ftoa+0x1e8>
10002cae:	2330      	movs	r3, #48	@ 0x30
10002cb0:	9a21      	ldr	r2, [sp, #132]	@ 0x84
10002cb2:	e007      	b.n	10002cc4 <_ftoa+0x1e4>
10002cb4:	2017      	movs	r0, #23
10002cb6:	a906      	add	r1, sp, #24
10002cb8:	3401      	adds	r4, #1
10002cba:	1809      	adds	r1, r1, r0
10002cbc:	550b      	strb	r3, [r1, r4]
10002cbe:	4294      	cmp	r4, r2
10002cc0:	d300      	bcc.n	10002cc4 <_ftoa+0x1e4>
10002cc2:	e0cc      	b.n	10002e5e <_ftoa+0x37e>
10002cc4:	2c20      	cmp	r4, #32
10002cc6:	d1f5      	bne.n	10002cb4 <_ftoa+0x1d4>
10002cc8:	9b22      	ldr	r3, [sp, #136]	@ 0x88
10002cca:	9401      	str	r4, [sp, #4]
10002ccc:	9303      	str	r3, [sp, #12]
10002cce:	9b21      	ldr	r3, [sp, #132]	@ 0x84
10002cd0:	9600      	str	r6, [sp, #0]
10002cd2:	9302      	str	r3, [sp, #8]
10002cd4:	e022      	b.n	10002d1c <_ftoa+0x23c>
10002cd6:	9b22      	ldr	r3, [sp, #136]	@ 0x88
10002cd8:	4652      	mov	r2, sl
10002cda:	9304      	str	r3, [sp, #16]
10002cdc:	9b21      	ldr	r3, [sp, #132]	@ 0x84
10002cde:	0039      	movs	r1, r7
10002ce0:	9303      	str	r3, [sp, #12]
10002ce2:	4658      	mov	r0, fp
10002ce4:	9b1e      	ldr	r3, [sp, #120]	@ 0x78
10002ce6:	9c1f      	ldr	r4, [sp, #124]	@ 0x7c
10002ce8:	9602      	str	r6, [sp, #8]
10002cea:	9300      	str	r3, [sp, #0]
10002cec:	9401      	str	r4, [sp, #4]
10002cee:	4643      	mov	r3, r8
10002cf0:	f000 f94a 	bl	10002f88 <_etoa>
10002cf4:	0004      	movs	r4, r0
10002cf6:	0020      	movs	r0, r4
10002cf8:	b015      	add	sp, #84	@ 0x54
10002cfa:	bcf0      	pop	{r4, r5, r6, r7}
10002cfc:	46bb      	mov	fp, r7
10002cfe:	46b2      	mov	sl, r6
10002d00:	46a9      	mov	r9, r5
10002d02:	46a0      	mov	r8, r4
10002d04:	bdf0      	pop	{r4, r5, r6, r7, pc}
10002d06:	9b22      	ldr	r3, [sp, #136]	@ 0x88
10002d08:	075b      	lsls	r3, r3, #29
10002d0a:	d40f      	bmi.n	10002d2c <_ftoa+0x24c>
10002d0c:	2203      	movs	r2, #3
10002d0e:	4b4c      	ldr	r3, [pc, #304]	@ (10002e40 <_ftoa+0x360>)
10002d10:	9922      	ldr	r1, [sp, #136]	@ 0x88
10002d12:	9201      	str	r2, [sp, #4]
10002d14:	9103      	str	r1, [sp, #12]
10002d16:	9921      	ldr	r1, [sp, #132]	@ 0x84
10002d18:	9300      	str	r3, [sp, #0]
10002d1a:	9102      	str	r1, [sp, #8]
10002d1c:	4643      	mov	r3, r8
10002d1e:	4652      	mov	r2, sl
10002d20:	0039      	movs	r1, r7
10002d22:	4658      	mov	r0, fp
10002d24:	f7ff fd90 	bl	10002848 <_out_rev>
10002d28:	0004      	movs	r4, r0
10002d2a:	e7e4      	b.n	10002cf6 <_ftoa+0x216>
10002d2c:	2204      	movs	r2, #4
10002d2e:	4b45      	ldr	r3, [pc, #276]	@ (10002e44 <_ftoa+0x364>)
10002d30:	e7ee      	b.n	10002d10 <_ftoa+0x230>
10002d32:	9a1e      	ldr	r2, [sp, #120]	@ 0x78
10002d34:	9b1f      	ldr	r3, [sp, #124]	@ 0x7c
10002d36:	2000      	movs	r0, #0
10002d38:	2100      	movs	r1, #0
10002d3a:	f7ff f924 	bl	10001f86 <__wrap___aeabi_dsub>
10002d3e:	2301      	movs	r3, #1
10002d40:	901e      	str	r0, [sp, #120]	@ 0x78
10002d42:	911f      	str	r1, [sp, #124]	@ 0x7c
10002d44:	930b      	str	r3, [sp, #44]	@ 0x2c
10002d46:	e711      	b.n	10002b6c <_ftoa+0x8c>
10002d48:	9b22      	ldr	r3, [sp, #136]	@ 0x88
10002d4a:	4654      	mov	r4, sl
10002d4c:	079b      	lsls	r3, r3, #30
10002d4e:	d111      	bne.n	10002d74 <_ftoa+0x294>
10002d50:	9b21      	ldr	r3, [sp, #132]	@ 0x84
10002d52:	2b04      	cmp	r3, #4
10002d54:	d90e      	bls.n	10002d74 <_ftoa+0x294>
10002d56:	9b21      	ldr	r3, [sp, #132]	@ 0x84
10002d58:	4655      	mov	r5, sl
10002d5a:	469c      	mov	ip, r3
10002d5c:	465e      	mov	r6, fp
10002d5e:	3c04      	subs	r4, #4
10002d60:	4464      	add	r4, ip
10002d62:	002a      	movs	r2, r5
10002d64:	4643      	mov	r3, r8
10002d66:	3501      	adds	r5, #1
10002d68:	0039      	movs	r1, r7
10002d6a:	2020      	movs	r0, #32
10002d6c:	47b0      	blx	r6
10002d6e:	42a5      	cmp	r5, r4
10002d70:	d1f7      	bne.n	10002d62 <_ftoa+0x282>
10002d72:	46b3      	mov	fp, r6
10002d74:	4d34      	ldr	r5, [pc, #208]	@ (10002e48 <_ftoa+0x368>)
10002d76:	0026      	movs	r6, r4
10002d78:	1f2b      	subs	r3, r5, #4
10002d7a:	4699      	mov	r9, r3
10002d7c:	465b      	mov	r3, fp
10002d7e:	46a3      	mov	fp, r4
10002d80:	001c      	movs	r4, r3
10002d82:	0032      	movs	r2, r6
10002d84:	78e8      	ldrb	r0, [r5, #3]
10002d86:	4643      	mov	r3, r8
10002d88:	0039      	movs	r1, r7
10002d8a:	3d01      	subs	r5, #1
10002d8c:	47a0      	blx	r4
10002d8e:	3601      	adds	r6, #1
10002d90:	454d      	cmp	r5, r9
10002d92:	d1f6      	bne.n	10002d82 <_ftoa+0x2a2>
10002d94:	0023      	movs	r3, r4
10002d96:	465c      	mov	r4, fp
10002d98:	469b      	mov	fp, r3
10002d9a:	9b22      	ldr	r3, [sp, #136]	@ 0x88
10002d9c:	3404      	adds	r4, #4
10002d9e:	079b      	lsls	r3, r3, #30
10002da0:	d5a9      	bpl.n	10002cf6 <_ftoa+0x216>
10002da2:	4653      	mov	r3, sl
10002da4:	9a21      	ldr	r2, [sp, #132]	@ 0x84
10002da6:	1ae3      	subs	r3, r4, r3
10002da8:	429a      	cmp	r2, r3
10002daa:	d9a4      	bls.n	10002cf6 <_ftoa+0x216>
10002dac:	465e      	mov	r6, fp
10002dae:	0015      	movs	r5, r2
10002db0:	0022      	movs	r2, r4
10002db2:	4643      	mov	r3, r8
10002db4:	0039      	movs	r1, r7
10002db6:	2020      	movs	r0, #32
10002db8:	47b0      	blx	r6
10002dba:	4653      	mov	r3, sl
10002dbc:	3401      	adds	r4, #1
10002dbe:	1ae3      	subs	r3, r4, r3
10002dc0:	429d      	cmp	r5, r3
10002dc2:	d8f5      	bhi.n	10002db0 <_ftoa+0x2d0>
10002dc4:	e797      	b.n	10002cf6 <_ftoa+0x216>
10002dc6:	0028      	movs	r0, r5
10002dc8:	f7ff f97c 	bl	100020c4 <__wrap___aeabi_i2d>
10002dcc:	0002      	movs	r2, r0
10002dce:	000b      	movs	r3, r1
10002dd0:	981e      	ldr	r0, [sp, #120]	@ 0x78
10002dd2:	991f      	ldr	r1, [sp, #124]	@ 0x7c
10002dd4:	f7ff f8d7 	bl	10001f86 <__wrap___aeabi_dsub>
10002dd8:	2200      	movs	r2, #0
10002dda:	4b18      	ldr	r3, [pc, #96]	@ (10002e3c <_ftoa+0x35c>)
10002ddc:	9006      	str	r0, [sp, #24]
10002dde:	9107      	str	r1, [sp, #28]
10002de0:	f7ff f944 	bl	1000206c <__wrap___aeabi_dcmplt>
10002de4:	ae0c      	add	r6, sp, #48	@ 0x30
10002de6:	2800      	cmp	r0, #0
10002de8:	d000      	beq.n	10002dec <_ftoa+0x30c>
10002dea:	e731      	b.n	10002c50 <_ftoa+0x170>
10002dec:	9806      	ldr	r0, [sp, #24]
10002dee:	9907      	ldr	r1, [sp, #28]
10002df0:	2200      	movs	r2, #0
10002df2:	4b12      	ldr	r3, [pc, #72]	@ (10002e3c <_ftoa+0x35c>)
10002df4:	f7ff f950 	bl	10002098 <__wrap___aeabi_dcmpgt>
10002df8:	2800      	cmp	r0, #0
10002dfa:	d000      	beq.n	10002dfe <_ftoa+0x31e>
10002dfc:	e728      	b.n	10002c50 <_ftoa+0x170>
10002dfe:	2301      	movs	r3, #1
10002e00:	3501      	adds	r5, #1
10002e02:	439d      	bics	r5, r3
10002e04:	e724      	b.n	10002c50 <_ftoa+0x170>
10002e06:	2200      	movs	r2, #0
10002e08:	9806      	ldr	r0, [sp, #24]
10002e0a:	9907      	ldr	r1, [sp, #28]
10002e0c:	4b0b      	ldr	r3, [pc, #44]	@ (10002e3c <_ftoa+0x35c>)
10002e0e:	f7ff f92d 	bl	1000206c <__wrap___aeabi_dcmplt>
10002e12:	2800      	cmp	r0, #0
10002e14:	d000      	beq.n	10002e18 <_ftoa+0x338>
10002e16:	e6f9      	b.n	10002c0c <_ftoa+0x12c>
10002e18:	464b      	mov	r3, r9
10002e1a:	2b00      	cmp	r3, #0
10002e1c:	d15c      	bne.n	10002ed8 <_ftoa+0x3f8>
10002e1e:	2301      	movs	r3, #1
10002e20:	469c      	mov	ip, r3
10002e22:	44e1      	add	r9, ip
10002e24:	e6f2      	b.n	10002c0c <_ftoa+0x12c>
10002e26:	46c0      	nop			@ (mov r8, r8)
10002e28:	ffefffff 	.word	0xffefffff
10002e2c:	7fefffff 	.word	0x7fefffff
10002e30:	41cdcd65 	.word	0x41cdcd65
10002e34:	c1cdcd65 	.word	0xc1cdcd65
10002e38:	10008c48 	.word	0x10008c48
10002e3c:	3fe00000 	.word	0x3fe00000
10002e40:	10008910 	.word	0x10008910
10002e44:	10008908 	.word	0x10008908
10002e48:	10008918 	.word	0x10008918
10002e4c:	9b06      	ldr	r3, [sp, #24]
10002e4e:	465e      	mov	r6, fp
10002e50:	469b      	mov	fp, r3
10002e52:	2303      	movs	r3, #3
10002e54:	9a22      	ldr	r2, [sp, #136]	@ 0x88
10002e56:	4013      	ands	r3, r2
10002e58:	2b01      	cmp	r3, #1
10002e5a:	d100      	bne.n	10002e5e <_ftoa+0x37e>
10002e5c:	e081      	b.n	10002f62 <_ftoa+0x482>
10002e5e:	2c20      	cmp	r4, #32
10002e60:	d100      	bne.n	10002e64 <_ftoa+0x384>
10002e62:	e731      	b.n	10002cc8 <_ftoa+0x1e8>
10002e64:	9b0b      	ldr	r3, [sp, #44]	@ 0x2c
10002e66:	2b00      	cmp	r3, #0
10002e68:	d027      	beq.n	10002eba <_ftoa+0x3da>
10002e6a:	232d      	movs	r3, #45	@ 0x2d
10002e6c:	5533      	strb	r3, [r6, r4]
10002e6e:	3401      	adds	r4, #1
10002e70:	e72a      	b.n	10002cc8 <_ftoa+0x1e8>
10002e72:	464f      	mov	r7, r9
10002e74:	9d06      	ldr	r5, [sp, #24]
10002e76:	2c20      	cmp	r4, #32
10002e78:	d100      	bne.n	10002e7c <_ftoa+0x39c>
10002e7a:	e6e7      	b.n	10002c4c <_ftoa+0x16c>
10002e7c:	2230      	movs	r2, #48	@ 0x30
10002e7e:	1933      	adds	r3, r6, r4
10002e80:	e007      	b.n	10002e92 <_ftoa+0x3b2>
10002e82:	2017      	movs	r0, #23
10002e84:	a906      	add	r1, sp, #24
10002e86:	3401      	adds	r4, #1
10002e88:	1809      	adds	r1, r1, r0
10002e8a:	550a      	strb	r2, [r1, r4]
10002e8c:	2c20      	cmp	r4, #32
10002e8e:	d100      	bne.n	10002e92 <_ftoa+0x3b2>
10002e90:	e6dc      	b.n	10002c4c <_ftoa+0x16c>
10002e92:	42a3      	cmp	r3, r4
10002e94:	d1f5      	bne.n	10002e82 <_ftoa+0x3a2>
10002e96:	222e      	movs	r2, #46	@ 0x2e
10002e98:	ae0c      	add	r6, sp, #48	@ 0x30
10002e9a:	3401      	adds	r4, #1
10002e9c:	54f2      	strb	r2, [r6, r3]
10002e9e:	e6d7      	b.n	10002c50 <_ftoa+0x170>
10002ea0:	230c      	movs	r3, #12
10002ea2:	9a22      	ldr	r2, [sp, #136]	@ 0x88
10002ea4:	4213      	tst	r3, r2
10002ea6:	d057      	beq.n	10002f58 <_ftoa+0x478>
10002ea8:	9b21      	ldr	r3, [sp, #132]	@ 0x84
10002eaa:	3b01      	subs	r3, #1
10002eac:	9321      	str	r3, [sp, #132]	@ 0x84
10002eae:	42a3      	cmp	r3, r4
10002eb0:	d900      	bls.n	10002eb4 <_ftoa+0x3d4>
10002eb2:	e6fc      	b.n	10002cae <_ftoa+0x1ce>
10002eb4:	2c20      	cmp	r4, #32
10002eb6:	d100      	bne.n	10002eba <_ftoa+0x3da>
10002eb8:	e706      	b.n	10002cc8 <_ftoa+0x1e8>
10002eba:	9b22      	ldr	r3, [sp, #136]	@ 0x88
10002ebc:	075b      	lsls	r3, r3, #29
10002ebe:	d503      	bpl.n	10002ec8 <_ftoa+0x3e8>
10002ec0:	232b      	movs	r3, #43	@ 0x2b
10002ec2:	5533      	strb	r3, [r6, r4]
10002ec4:	3401      	adds	r4, #1
10002ec6:	e6ff      	b.n	10002cc8 <_ftoa+0x1e8>
10002ec8:	9b22      	ldr	r3, [sp, #136]	@ 0x88
10002eca:	071b      	lsls	r3, r3, #28
10002ecc:	d400      	bmi.n	10002ed0 <_ftoa+0x3f0>
10002ece:	e6fb      	b.n	10002cc8 <_ftoa+0x1e8>
10002ed0:	2320      	movs	r3, #32
10002ed2:	5533      	strb	r3, [r6, r4]
10002ed4:	3401      	adds	r4, #1
10002ed6:	e6f7      	b.n	10002cc8 <_ftoa+0x1e8>
10002ed8:	07db      	lsls	r3, r3, #31
10002eda:	d400      	bmi.n	10002ede <_ftoa+0x3fe>
10002edc:	e696      	b.n	10002c0c <_ftoa+0x12c>
10002ede:	e79e      	b.n	10002e1e <_ftoa+0x33e>
10002ee0:	9b22      	ldr	r3, [sp, #136]	@ 0x88
10002ee2:	4655      	mov	r5, sl
10002ee4:	079b      	lsls	r3, r3, #30
10002ee6:	d111      	bne.n	10002f0c <_ftoa+0x42c>
10002ee8:	9b21      	ldr	r3, [sp, #132]	@ 0x84
10002eea:	2b03      	cmp	r3, #3
10002eec:	d90e      	bls.n	10002f0c <_ftoa+0x42c>
10002eee:	9b21      	ldr	r3, [sp, #132]	@ 0x84
10002ef0:	4654      	mov	r4, sl
10002ef2:	469c      	mov	ip, r3
10002ef4:	465e      	mov	r6, fp
10002ef6:	3d03      	subs	r5, #3
10002ef8:	4465      	add	r5, ip
10002efa:	0022      	movs	r2, r4
10002efc:	4643      	mov	r3, r8
10002efe:	3401      	adds	r4, #1
10002f00:	0039      	movs	r1, r7
10002f02:	2020      	movs	r0, #32
10002f04:	47b0      	blx	r6
10002f06:	42ac      	cmp	r4, r5
10002f08:	d1f7      	bne.n	10002efa <_ftoa+0x41a>
10002f0a:	46b3      	mov	fp, r6
10002f0c:	46b9      	mov	r9, r7
10002f0e:	465f      	mov	r7, fp
10002f10:	4e1c      	ldr	r6, [pc, #112]	@ (10002f84 <_ftoa+0x4a4>)
10002f12:	1cec      	adds	r4, r5, #3
10002f14:	002a      	movs	r2, r5
10002f16:	78b0      	ldrb	r0, [r6, #2]
10002f18:	4643      	mov	r3, r8
10002f1a:	4649      	mov	r1, r9
10002f1c:	3501      	adds	r5, #1
10002f1e:	47b8      	blx	r7
10002f20:	3e01      	subs	r6, #1
10002f22:	42ac      	cmp	r4, r5
10002f24:	d1f6      	bne.n	10002f14 <_ftoa+0x434>
10002f26:	9b22      	ldr	r3, [sp, #136]	@ 0x88
10002f28:	46bb      	mov	fp, r7
10002f2a:	464f      	mov	r7, r9
10002f2c:	079b      	lsls	r3, r3, #30
10002f2e:	d400      	bmi.n	10002f32 <_ftoa+0x452>
10002f30:	e6e1      	b.n	10002cf6 <_ftoa+0x216>
10002f32:	4653      	mov	r3, sl
10002f34:	9a21      	ldr	r2, [sp, #132]	@ 0x84
10002f36:	1ae3      	subs	r3, r4, r3
10002f38:	429a      	cmp	r2, r3
10002f3a:	d800      	bhi.n	10002f3e <_ftoa+0x45e>
10002f3c:	e6db      	b.n	10002cf6 <_ftoa+0x216>
10002f3e:	465e      	mov	r6, fp
10002f40:	0015      	movs	r5, r2
10002f42:	0022      	movs	r2, r4
10002f44:	4643      	mov	r3, r8
10002f46:	0039      	movs	r1, r7
10002f48:	2020      	movs	r0, #32
10002f4a:	47b0      	blx	r6
10002f4c:	4653      	mov	r3, sl
10002f4e:	3401      	adds	r4, #1
10002f50:	1ae3      	subs	r3, r4, r3
10002f52:	42ab      	cmp	r3, r5
10002f54:	d3f5      	bcc.n	10002f42 <_ftoa+0x462>
10002f56:	e6ce      	b.n	10002cf6 <_ftoa+0x216>
10002f58:	9b21      	ldr	r3, [sp, #132]	@ 0x84
10002f5a:	42a3      	cmp	r3, r4
10002f5c:	d900      	bls.n	10002f60 <_ftoa+0x480>
10002f5e:	e6a6      	b.n	10002cae <_ftoa+0x1ce>
10002f60:	e6b2      	b.n	10002cc8 <_ftoa+0x1e8>
10002f62:	9b21      	ldr	r3, [sp, #132]	@ 0x84
10002f64:	2b00      	cmp	r3, #0
10002f66:	d100      	bne.n	10002f6a <_ftoa+0x48a>
10002f68:	e779      	b.n	10002e5e <_ftoa+0x37e>
10002f6a:	9b0b      	ldr	r3, [sp, #44]	@ 0x2c
10002f6c:	2b00      	cmp	r3, #0
10002f6e:	d097      	beq.n	10002ea0 <_ftoa+0x3c0>
10002f70:	9b21      	ldr	r3, [sp, #132]	@ 0x84
10002f72:	3b01      	subs	r3, #1
10002f74:	9321      	str	r3, [sp, #132]	@ 0x84
10002f76:	429c      	cmp	r4, r3
10002f78:	d200      	bcs.n	10002f7c <_ftoa+0x49c>
10002f7a:	e698      	b.n	10002cae <_ftoa+0x1ce>
10002f7c:	2c20      	cmp	r4, #32
10002f7e:	d000      	beq.n	10002f82 <_ftoa+0x4a2>
10002f80:	e773      	b.n	10002e6a <_ftoa+0x38a>
10002f82:	e6a1      	b.n	10002cc8 <_ftoa+0x1e8>
10002f84:	10008914 	.word	0x10008914

10002f88 <_etoa>:
10002f88:	b5f0      	push	{r4, r5, r6, r7, lr}
10002f8a:	46de      	mov	lr, fp
10002f8c:	4657      	mov	r7, sl
10002f8e:	464e      	mov	r6, r9
10002f90:	4645      	mov	r5, r8
10002f92:	b5e0      	push	{r5, r6, r7, lr}
10002f94:	b099      	sub	sp, #100	@ 0x64
10002f96:	4681      	mov	r9, r0
10002f98:	468b      	mov	fp, r1
10002f9a:	4692      	mov	sl, r2
10002f9c:	4698      	mov	r8, r3
10002f9e:	9a22      	ldr	r2, [sp, #136]	@ 0x88
10002fa0:	9b23      	ldr	r3, [sp, #140]	@ 0x8c
10002fa2:	0010      	movs	r0, r2
10002fa4:	0019      	movs	r1, r3
10002fa6:	f7ff f87c 	bl	100020a2 <__wrap___aeabi_dcmpun>
10002faa:	2800      	cmp	r0, #0
10002fac:	d000      	beq.n	10002fb0 <_etoa+0x28>
10002fae:	e0ca      	b.n	10003146 <_etoa+0x1be>
10002fb0:	9822      	ldr	r0, [sp, #136]	@ 0x88
10002fb2:	9923      	ldr	r1, [sp, #140]	@ 0x8c
10002fb4:	2201      	movs	r2, #1
10002fb6:	4b82      	ldr	r3, [pc, #520]	@ (100031c0 <_etoa+0x238>)
10002fb8:	4252      	negs	r2, r2
10002fba:	f7ff f86d 	bl	10002098 <__wrap___aeabi_dcmpgt>
10002fbe:	2800      	cmp	r0, #0
10002fc0:	d000      	beq.n	10002fc4 <_etoa+0x3c>
10002fc2:	e0c0      	b.n	10003146 <_etoa+0x1be>
10002fc4:	9822      	ldr	r0, [sp, #136]	@ 0x88
10002fc6:	9923      	ldr	r1, [sp, #140]	@ 0x8c
10002fc8:	2201      	movs	r2, #1
10002fca:	4b7e      	ldr	r3, [pc, #504]	@ (100031c4 <_etoa+0x23c>)
10002fcc:	4252      	negs	r2, r2
10002fce:	f7ff f84d 	bl	1000206c <__wrap___aeabi_dcmplt>
10002fd2:	2800      	cmp	r0, #0
10002fd4:	d000      	beq.n	10002fd8 <_etoa+0x50>
10002fd6:	e0b6      	b.n	10003146 <_etoa+0x1be>
10002fd8:	9822      	ldr	r0, [sp, #136]	@ 0x88
10002fda:	9923      	ldr	r1, [sp, #140]	@ 0x8c
10002fdc:	2200      	movs	r2, #0
10002fde:	2300      	movs	r3, #0
10002fe0:	f7ff f844 	bl	1000206c <__wrap___aeabi_dcmplt>
10002fe4:	2800      	cmp	r0, #0
10002fe6:	d000      	beq.n	10002fea <_etoa+0x62>
10002fe8:	e1c9      	b.n	1000337e <_etoa+0x3f6>
10002fea:	9b22      	ldr	r3, [sp, #136]	@ 0x88
10002fec:	9c23      	ldr	r4, [sp, #140]	@ 0x8c
10002fee:	9308      	str	r3, [sp, #32]
10002ff0:	9409      	str	r4, [sp, #36]	@ 0x24
10002ff2:	9808      	ldr	r0, [sp, #32]
10002ff4:	9909      	ldr	r1, [sp, #36]	@ 0x24
10002ff6:	2380      	movs	r3, #128	@ 0x80
10002ff8:	9a26      	ldr	r2, [sp, #152]	@ 0x98
10002ffa:	00db      	lsls	r3, r3, #3
10002ffc:	401a      	ands	r2, r3
10002ffe:	920d      	str	r2, [sp, #52]	@ 0x34
10003000:	2280      	movs	r2, #128	@ 0x80
10003002:	9c26      	ldr	r4, [sp, #152]	@ 0x98
10003004:	0112      	lsls	r2, r2, #4
10003006:	4014      	ands	r4, r2
10003008:	0022      	movs	r2, r4
1000300a:	940b      	str	r4, [sp, #44]	@ 0x2c
1000300c:	9c26      	ldr	r4, [sp, #152]	@ 0x98
1000300e:	0007      	movs	r7, r0
10003010:	000e      	movs	r6, r1
10003012:	421c      	tst	r4, r3
10003014:	d000      	beq.n	10003018 <_etoa+0x90>
10003016:	e0ad      	b.n	10003174 <_etoa+0x1ec>
10003018:	000b      	movs	r3, r1
1000301a:	4303      	orrs	r3, r0
1000301c:	d000      	beq.n	10003020 <_etoa+0x98>
1000301e:	e0d5      	b.n	100031cc <_etoa+0x244>
10003020:	2a00      	cmp	r2, #0
10003022:	d000      	beq.n	10003026 <_etoa+0x9e>
10003024:	e20a      	b.n	1000343c <_etoa+0x4b4>
10003026:	0022      	movs	r2, r4
10003028:	3306      	adds	r3, #6
1000302a:	9324      	str	r3, [sp, #144]	@ 0x90
1000302c:	2302      	movs	r3, #2
1000302e:	4013      	ands	r3, r2
10003030:	930c      	str	r3, [sp, #48]	@ 0x30
10003032:	2302      	movs	r3, #2
10003034:	4213      	tst	r3, r2
10003036:	d000      	beq.n	1000303a <_etoa+0xb2>
10003038:	e202      	b.n	10003440 <_etoa+0x4b8>
1000303a:	9b25      	ldr	r3, [sp, #148]	@ 0x94
1000303c:	2b04      	cmp	r3, #4
1000303e:	d200      	bcs.n	10003042 <_etoa+0xba>
10003040:	e20f      	b.n	10003462 <_etoa+0x4da>
10003042:	3b04      	subs	r3, #4
10003044:	930b      	str	r3, [sp, #44]	@ 0x2c
10003046:	2300      	movs	r3, #0
10003048:	2504      	movs	r5, #4
1000304a:	930a      	str	r3, [sp, #40]	@ 0x28
1000304c:	2200      	movs	r2, #0
1000304e:	9822      	ldr	r0, [sp, #136]	@ 0x88
10003050:	9923      	ldr	r1, [sp, #140]	@ 0x8c
10003052:	2300      	movs	r3, #0
10003054:	f7ff f80a 	bl	1000206c <__wrap___aeabi_dcmplt>
10003058:	2800      	cmp	r0, #0
1000305a:	d000      	beq.n	1000305e <_etoa+0xd6>
1000305c:	e203      	b.n	10003466 <_etoa+0x4de>
1000305e:	4b5a      	ldr	r3, [pc, #360]	@ (100031c8 <_etoa+0x240>)
10003060:	9a26      	ldr	r2, [sp, #152]	@ 0x98
10003062:	4013      	ands	r3, r2
10003064:	9304      	str	r3, [sp, #16]
10003066:	9b0b      	ldr	r3, [sp, #44]	@ 0x2c
10003068:	9303      	str	r3, [sp, #12]
1000306a:	9b24      	ldr	r3, [sp, #144]	@ 0x90
1000306c:	9302      	str	r3, [sp, #8]
1000306e:	9b08      	ldr	r3, [sp, #32]
10003070:	9c09      	ldr	r4, [sp, #36]	@ 0x24
10003072:	9300      	str	r3, [sp, #0]
10003074:	9401      	str	r4, [sp, #4]
10003076:	4659      	mov	r1, fp
10003078:	4643      	mov	r3, r8
1000307a:	4652      	mov	r2, sl
1000307c:	4648      	mov	r0, r9
1000307e:	f7ff fd2f 	bl	10002ae0 <_ftoa>
10003082:	0002      	movs	r2, r0
10003084:	2020      	movs	r0, #32
10003086:	9b26      	ldr	r3, [sp, #152]	@ 0x98
10003088:	271f      	movs	r7, #31
1000308a:	4003      	ands	r3, r0
1000308c:	4259      	negs	r1, r3
1000308e:	414b      	adcs	r3, r1
10003090:	425b      	negs	r3, r3
10003092:	4018      	ands	r0, r3
10003094:	1c53      	adds	r3, r2, #1
10003096:	9308      	str	r3, [sp, #32]
10003098:	4659      	mov	r1, fp
1000309a:	4643      	mov	r3, r8
1000309c:	3045      	adds	r0, #69	@ 0x45
1000309e:	47c8      	blx	r9
100030a0:	9a0a      	ldr	r2, [sp, #40]	@ 0x28
100030a2:	17d3      	asrs	r3, r2, #31
100030a4:	18d4      	adds	r4, r2, r3
100030a6:	405c      	eors	r4, r3
100030a8:	0fd3      	lsrs	r3, r2, #31
100030aa:	930a      	str	r3, [sp, #40]	@ 0x28
100030ac:	1e6b      	subs	r3, r5, #1
100030ae:	930b      	str	r3, [sp, #44]	@ 0x2c
100030b0:	ab08      	add	r3, sp, #32
100030b2:	469c      	mov	ip, r3
100030b4:	2500      	movs	r5, #0
100030b6:	4467      	add	r7, ip
100030b8:	e001      	b.n	100030be <_etoa+0x136>
100030ba:	2d20      	cmp	r5, #32
100030bc:	d00f      	beq.n	100030de <_etoa+0x156>
100030be:	0020      	movs	r0, r4
100030c0:	210a      	movs	r1, #10
100030c2:	f7fe fd25 	bl	10001b10 <__wrap___aeabi_uidiv>
100030c6:	3501      	adds	r5, #1
100030c8:	197e      	adds	r6, r7, r5
100030ca:	3130      	adds	r1, #48	@ 0x30
100030cc:	7031      	strb	r1, [r6, #0]
100030ce:	0020      	movs	r0, r4
100030d0:	210a      	movs	r1, #10
100030d2:	f7fe fd1d 	bl	10001b10 <__wrap___aeabi_uidiv>
100030d6:	0026      	movs	r6, r4
100030d8:	0004      	movs	r4, r0
100030da:	2e09      	cmp	r6, #9
100030dc:	d8ed      	bhi.n	100030ba <_etoa+0x132>
100030de:	2305      	movs	r3, #5
100030e0:	9306      	str	r3, [sp, #24]
100030e2:	9b0b      	ldr	r3, [sp, #44]	@ 0x2c
100030e4:	4659      	mov	r1, fp
100030e6:	9305      	str	r3, [sp, #20]
100030e8:	2300      	movs	r3, #0
100030ea:	9304      	str	r3, [sp, #16]
100030ec:	330a      	adds	r3, #10
100030ee:	9303      	str	r3, [sp, #12]
100030f0:	9b0a      	ldr	r3, [sp, #40]	@ 0x28
100030f2:	4648      	mov	r0, r9
100030f4:	9302      	str	r3, [sp, #8]
100030f6:	ab10      	add	r3, sp, #64	@ 0x40
100030f8:	9300      	str	r3, [sp, #0]
100030fa:	9a08      	ldr	r2, [sp, #32]
100030fc:	4643      	mov	r3, r8
100030fe:	9501      	str	r5, [sp, #4]
10003100:	f7ff fbf8 	bl	100028f4 <_ntoa_format>
10003104:	9b0c      	ldr	r3, [sp, #48]	@ 0x30
10003106:	2b00      	cmp	r3, #0
10003108:	d02d      	beq.n	10003166 <_etoa+0x1de>
1000310a:	4653      	mov	r3, sl
1000310c:	1ac4      	subs	r4, r0, r3
1000310e:	9b25      	ldr	r3, [sp, #148]	@ 0x94
10003110:	42a3      	cmp	r3, r4
10003112:	d928      	bls.n	10003166 <_etoa+0x1de>
10003114:	464d      	mov	r5, r9
10003116:	465f      	mov	r7, fp
10003118:	4681      	mov	r9, r0
1000311a:	001e      	movs	r6, r3
1000311c:	4653      	mov	r3, sl
1000311e:	0039      	movs	r1, r7
10003120:	191a      	adds	r2, r3, r4
10003122:	2020      	movs	r0, #32
10003124:	4643      	mov	r3, r8
10003126:	3401      	adds	r4, #1
10003128:	47a8      	blx	r5
1000312a:	42a6      	cmp	r6, r4
1000312c:	d8f6      	bhi.n	1000311c <_etoa+0x194>
1000312e:	4653      	mov	r3, sl
10003130:	4648      	mov	r0, r9
10003132:	9925      	ldr	r1, [sp, #148]	@ 0x94
10003134:	1ac2      	subs	r2, r0, r3
10003136:	3201      	adds	r2, #1
10003138:	2300      	movs	r3, #0
1000313a:	4291      	cmp	r1, r2
1000313c:	d300      	bcc.n	10003140 <_etoa+0x1b8>
1000313e:	e186      	b.n	1000344e <_etoa+0x4c6>
10003140:	3001      	adds	r0, #1
10003142:	1818      	adds	r0, r3, r0
10003144:	e00f      	b.n	10003166 <_etoa+0x1de>
10003146:	9b26      	ldr	r3, [sp, #152]	@ 0x98
10003148:	9304      	str	r3, [sp, #16]
1000314a:	9b25      	ldr	r3, [sp, #148]	@ 0x94
1000314c:	9303      	str	r3, [sp, #12]
1000314e:	9b24      	ldr	r3, [sp, #144]	@ 0x90
10003150:	9302      	str	r3, [sp, #8]
10003152:	9b22      	ldr	r3, [sp, #136]	@ 0x88
10003154:	9c23      	ldr	r4, [sp, #140]	@ 0x8c
10003156:	9300      	str	r3, [sp, #0]
10003158:	9401      	str	r4, [sp, #4]
1000315a:	4643      	mov	r3, r8
1000315c:	4652      	mov	r2, sl
1000315e:	4659      	mov	r1, fp
10003160:	4648      	mov	r0, r9
10003162:	f7ff fcbd 	bl	10002ae0 <_ftoa>
10003166:	b019      	add	sp, #100	@ 0x64
10003168:	bcf0      	pop	{r4, r5, r6, r7}
1000316a:	46bb      	mov	fp, r7
1000316c:	46b2      	mov	sl, r6
1000316e:	46a9      	mov	r9, r5
10003170:	46a0      	mov	r8, r4
10003172:	bdf0      	pop	{r4, r5, r6, r7, pc}
10003174:	4301      	orrs	r1, r0
10003176:	d12b      	bne.n	100031d0 <_etoa+0x248>
10003178:	9b0b      	ldr	r3, [sp, #44]	@ 0x2c
1000317a:	0022      	movs	r2, r4
1000317c:	2b00      	cmp	r3, #0
1000317e:	d100      	bne.n	10003182 <_etoa+0x1fa>
10003180:	e754      	b.n	1000302c <_etoa+0xa4>
10003182:	2300      	movs	r3, #0
10003184:	930a      	str	r3, [sp, #40]	@ 0x28
10003186:	9b24      	ldr	r3, [sp, #144]	@ 0x90
10003188:	9a0a      	ldr	r2, [sp, #40]	@ 0x28
1000318a:	2400      	movs	r4, #0
1000318c:	4293      	cmp	r3, r2
1000318e:	dd00      	ble.n	10003192 <_etoa+0x20a>
10003190:	e185      	b.n	1000349e <_etoa+0x516>
10003192:	9822      	ldr	r0, [sp, #136]	@ 0x88
10003194:	9923      	ldr	r1, [sp, #140]	@ 0x8c
10003196:	2200      	movs	r2, #0
10003198:	2300      	movs	r3, #0
1000319a:	f7fe ff67 	bl	1000206c <__wrap___aeabi_dcmplt>
1000319e:	2800      	cmp	r0, #0
100031a0:	d000      	beq.n	100031a4 <_etoa+0x21c>
100031a2:	e135      	b.n	10003410 <_etoa+0x488>
100031a4:	9b26      	ldr	r3, [sp, #152]	@ 0x98
100031a6:	4a08      	ldr	r2, [pc, #32]	@ (100031c8 <_etoa+0x240>)
100031a8:	9402      	str	r4, [sp, #8]
100031aa:	401a      	ands	r2, r3
100031ac:	2380      	movs	r3, #128	@ 0x80
100031ae:	00db      	lsls	r3, r3, #3
100031b0:	4313      	orrs	r3, r2
100031b2:	9304      	str	r3, [sp, #16]
100031b4:	9b25      	ldr	r3, [sp, #148]	@ 0x94
100031b6:	9303      	str	r3, [sp, #12]
100031b8:	9b08      	ldr	r3, [sp, #32]
100031ba:	9c09      	ldr	r4, [sp, #36]	@ 0x24
100031bc:	e7cb      	b.n	10003156 <_etoa+0x1ce>
100031be:	46c0      	nop			@ (mov r8, r8)
100031c0:	7fefffff 	.word	0x7fefffff
100031c4:	ffefffff 	.word	0xffefffff
100031c8:	fffff7ff 	.word	0xfffff7ff
100031cc:	2306      	movs	r3, #6
100031ce:	9324      	str	r3, [sp, #144]	@ 0x90
100031d0:	4bb4      	ldr	r3, [pc, #720]	@ (100034a4 <_etoa+0x51c>)
100031d2:	0070      	lsls	r0, r6, #1
100031d4:	469c      	mov	ip, r3
100031d6:	0d40      	lsrs	r0, r0, #21
100031d8:	4460      	add	r0, ip
100031da:	f7fe ff73 	bl	100020c4 <__wrap___aeabi_i2d>
100031de:	4ab2      	ldr	r2, [pc, #712]	@ (100034a8 <_etoa+0x520>)
100031e0:	4bb2      	ldr	r3, [pc, #712]	@ (100034ac <_etoa+0x524>)
100031e2:	f7fe ff00 	bl	10001fe6 <__wrap___aeabi_dmul>
100031e6:	4ab2      	ldr	r2, [pc, #712]	@ (100034b0 <_etoa+0x528>)
100031e8:	4bb2      	ldr	r3, [pc, #712]	@ (100034b4 <_etoa+0x52c>)
100031ea:	f7fe fed5 	bl	10001f98 <__wrap___aeabi_dadd>
100031ee:	0336      	lsls	r6, r6, #12
100031f0:	4bb1      	ldr	r3, [pc, #708]	@ (100034b8 <_etoa+0x530>)
100031f2:	0b36      	lsrs	r6, r6, #12
100031f4:	4333      	orrs	r3, r6
100031f6:	0004      	movs	r4, r0
100031f8:	000d      	movs	r5, r1
100031fa:	0038      	movs	r0, r7
100031fc:	0019      	movs	r1, r3
100031fe:	2200      	movs	r2, #0
10003200:	4bae      	ldr	r3, [pc, #696]	@ (100034bc <_etoa+0x534>)
10003202:	f7fe fec0 	bl	10001f86 <__wrap___aeabi_dsub>
10003206:	4aae      	ldr	r2, [pc, #696]	@ (100034c0 <_etoa+0x538>)
10003208:	4bae      	ldr	r3, [pc, #696]	@ (100034c4 <_etoa+0x53c>)
1000320a:	f7fe feec 	bl	10001fe6 <__wrap___aeabi_dmul>
1000320e:	0002      	movs	r2, r0
10003210:	000b      	movs	r3, r1
10003212:	0020      	movs	r0, r4
10003214:	0029      	movs	r1, r5
10003216:	f7fe febf 	bl	10001f98 <__wrap___aeabi_dadd>
1000321a:	f7fe ff6b 	bl	100020f4 <__wrap___aeabi_d2iz>
1000321e:	900a      	str	r0, [sp, #40]	@ 0x28
10003220:	f7fe ff50 	bl	100020c4 <__wrap___aeabi_i2d>
10003224:	4aa8      	ldr	r2, [pc, #672]	@ (100034c8 <_etoa+0x540>)
10003226:	4ba9      	ldr	r3, [pc, #676]	@ (100034cc <_etoa+0x544>)
10003228:	0004      	movs	r4, r0
1000322a:	000d      	movs	r5, r1
1000322c:	f7fe fedb 	bl	10001fe6 <__wrap___aeabi_dmul>
10003230:	2200      	movs	r2, #0
10003232:	4ba7      	ldr	r3, [pc, #668]	@ (100034d0 <_etoa+0x548>)
10003234:	f7fe feb0 	bl	10001f98 <__wrap___aeabi_dadd>
10003238:	f7fe ff5c 	bl	100020f4 <__wrap___aeabi_d2iz>
1000323c:	4aa5      	ldr	r2, [pc, #660]	@ (100034d4 <_etoa+0x54c>)
1000323e:	0006      	movs	r6, r0
10003240:	4ba5      	ldr	r3, [pc, #660]	@ (100034d8 <_etoa+0x550>)
10003242:	0020      	movs	r0, r4
10003244:	0029      	movs	r1, r5
10003246:	f7fe fece 	bl	10001fe6 <__wrap___aeabi_dmul>
1000324a:	0004      	movs	r4, r0
1000324c:	0030      	movs	r0, r6
1000324e:	000d      	movs	r5, r1
10003250:	960c      	str	r6, [sp, #48]	@ 0x30
10003252:	f7fe ff37 	bl	100020c4 <__wrap___aeabi_i2d>
10003256:	4aa1      	ldr	r2, [pc, #644]	@ (100034dc <_etoa+0x554>)
10003258:	4ba1      	ldr	r3, [pc, #644]	@ (100034e0 <_etoa+0x558>)
1000325a:	f7fe fec4 	bl	10001fe6 <__wrap___aeabi_dmul>
1000325e:	0002      	movs	r2, r0
10003260:	000b      	movs	r3, r1
10003262:	0020      	movs	r0, r4
10003264:	0029      	movs	r1, r5
10003266:	f7fe fe8e 	bl	10001f86 <__wrap___aeabi_dsub>
1000326a:	0002      	movs	r2, r0
1000326c:	000b      	movs	r3, r1
1000326e:	0006      	movs	r6, r0
10003270:	000f      	movs	r7, r1
10003272:	f7fe feb8 	bl	10001fe6 <__wrap___aeabi_dmul>
10003276:	0032      	movs	r2, r6
10003278:	0004      	movs	r4, r0
1000327a:	000d      	movs	r5, r1
1000327c:	003b      	movs	r3, r7
1000327e:	0030      	movs	r0, r6
10003280:	0039      	movs	r1, r7
10003282:	f7fe fe89 	bl	10001f98 <__wrap___aeabi_dadd>
10003286:	2200      	movs	r2, #0
10003288:	900e      	str	r0, [sp, #56]	@ 0x38
1000328a:	910f      	str	r1, [sp, #60]	@ 0x3c
1000328c:	4b95      	ldr	r3, [pc, #596]	@ (100034e4 <_etoa+0x55c>)
1000328e:	0020      	movs	r0, r4
10003290:	0029      	movs	r1, r5
10003292:	f7fe fe8a 	bl	10001faa <__wrap___aeabi_ddiv>
10003296:	2200      	movs	r2, #0
10003298:	4b93      	ldr	r3, [pc, #588]	@ (100034e8 <_etoa+0x560>)
1000329a:	f7fe fe7d 	bl	10001f98 <__wrap___aeabi_dadd>
1000329e:	0002      	movs	r2, r0
100032a0:	000b      	movs	r3, r1
100032a2:	0020      	movs	r0, r4
100032a4:	0029      	movs	r1, r5
100032a6:	f7fe fe80 	bl	10001faa <__wrap___aeabi_ddiv>
100032aa:	2200      	movs	r2, #0
100032ac:	4b8f      	ldr	r3, [pc, #572]	@ (100034ec <_etoa+0x564>)
100032ae:	f7fe fe73 	bl	10001f98 <__wrap___aeabi_dadd>
100032b2:	0002      	movs	r2, r0
100032b4:	000b      	movs	r3, r1
100032b6:	0020      	movs	r0, r4
100032b8:	0029      	movs	r1, r5
100032ba:	f7fe fe76 	bl	10001faa <__wrap___aeabi_ddiv>
100032be:	000d      	movs	r5, r1
100032c0:	2180      	movs	r1, #128	@ 0x80
100032c2:	0004      	movs	r4, r0
100032c4:	0032      	movs	r2, r6
100032c6:	003b      	movs	r3, r7
100032c8:	2000      	movs	r0, #0
100032ca:	05c9      	lsls	r1, r1, #23
100032cc:	f7fe fe5b 	bl	10001f86 <__wrap___aeabi_dsub>
100032d0:	0002      	movs	r2, r0
100032d2:	000b      	movs	r3, r1
100032d4:	0020      	movs	r0, r4
100032d6:	0029      	movs	r1, r5
100032d8:	f7fe fe5e 	bl	10001f98 <__wrap___aeabi_dadd>
100032dc:	0002      	movs	r2, r0
100032de:	000b      	movs	r3, r1
100032e0:	980e      	ldr	r0, [sp, #56]	@ 0x38
100032e2:	990f      	ldr	r1, [sp, #60]	@ 0x3c
100032e4:	f7fe fe61 	bl	10001faa <__wrap___aeabi_ddiv>
100032e8:	2200      	movs	r2, #0
100032ea:	4b73      	ldr	r3, [pc, #460]	@ (100034b8 <_etoa+0x530>)
100032ec:	f7fe fe54 	bl	10001f98 <__wrap___aeabi_dadd>
100032f0:	4b7f      	ldr	r3, [pc, #508]	@ (100034f0 <_etoa+0x568>)
100032f2:	9c0c      	ldr	r4, [sp, #48]	@ 0x30
100032f4:	469c      	mov	ip, r3
100032f6:	4464      	add	r4, ip
100032f8:	2200      	movs	r2, #0
100032fa:	0523      	lsls	r3, r4, #20
100032fc:	f7fe fe73 	bl	10001fe6 <__wrap___aeabi_dmul>
10003300:	0006      	movs	r6, r0
10003302:	000f      	movs	r7, r1
10003304:	0002      	movs	r2, r0
10003306:	000b      	movs	r3, r1
10003308:	9808      	ldr	r0, [sp, #32]
1000330a:	9909      	ldr	r1, [sp, #36]	@ 0x24
1000330c:	f7fe feae 	bl	1000206c <__wrap___aeabi_dcmplt>
10003310:	2800      	cmp	r0, #0
10003312:	d00a      	beq.n	1000332a <_etoa+0x3a2>
10003314:	9b0a      	ldr	r3, [sp, #40]	@ 0x28
10003316:	0030      	movs	r0, r6
10003318:	3b01      	subs	r3, #1
1000331a:	0039      	movs	r1, r7
1000331c:	930a      	str	r3, [sp, #40]	@ 0x28
1000331e:	2200      	movs	r2, #0
10003320:	4b71      	ldr	r3, [pc, #452]	@ (100034e8 <_etoa+0x560>)
10003322:	f7fe fe42 	bl	10001faa <__wrap___aeabi_ddiv>
10003326:	0006      	movs	r6, r0
10003328:	000f      	movs	r7, r1
1000332a:	9a0a      	ldr	r2, [sp, #40]	@ 0x28
1000332c:	0033      	movs	r3, r6
1000332e:	3263      	adds	r2, #99	@ 0x63
10003330:	0039      	movs	r1, r7
10003332:	2ac6      	cmp	r2, #198	@ 0xc6
10003334:	d812      	bhi.n	1000335c <_etoa+0x3d4>
10003336:	2202      	movs	r2, #2
10003338:	9826      	ldr	r0, [sp, #152]	@ 0x98
1000333a:	2504      	movs	r5, #4
1000333c:	4010      	ands	r0, r2
1000333e:	9a0b      	ldr	r2, [sp, #44]	@ 0x2c
10003340:	900c      	str	r0, [sp, #48]	@ 0x30
10003342:	2a00      	cmp	r2, #0
10003344:	d125      	bne.n	10003392 <_etoa+0x40a>
10003346:	9b25      	ldr	r3, [sp, #148]	@ 0x94
10003348:	2b04      	cmp	r3, #4
1000334a:	d905      	bls.n	10003358 <_etoa+0x3d0>
1000334c:	2800      	cmp	r0, #0
1000334e:	d000      	beq.n	10003352 <_etoa+0x3ca>
10003350:	e0a1      	b.n	10003496 <_etoa+0x50e>
10003352:	9b25      	ldr	r3, [sp, #148]	@ 0x94
10003354:	3b04      	subs	r3, #4
10003356:	930b      	str	r3, [sp, #44]	@ 0x2c
10003358:	2504      	movs	r5, #4
1000335a:	e041      	b.n	100033e0 <_etoa+0x458>
1000335c:	2202      	movs	r2, #2
1000335e:	9826      	ldr	r0, [sp, #152]	@ 0x98
10003360:	4010      	ands	r0, r2
10003362:	9a0b      	ldr	r2, [sp, #44]	@ 0x2c
10003364:	900c      	str	r0, [sp, #48]	@ 0x30
10003366:	2a00      	cmp	r2, #0
10003368:	d112      	bne.n	10003390 <_etoa+0x408>
1000336a:	9b25      	ldr	r3, [sp, #148]	@ 0x94
1000336c:	2b05      	cmp	r3, #5
1000336e:	d976      	bls.n	1000345e <_etoa+0x4d6>
10003370:	2800      	cmp	r0, #0
10003372:	d172      	bne.n	1000345a <_etoa+0x4d2>
10003374:	9b25      	ldr	r3, [sp, #148]	@ 0x94
10003376:	2505      	movs	r5, #5
10003378:	3b05      	subs	r3, #5
1000337a:	930b      	str	r3, [sp, #44]	@ 0x2c
1000337c:	e034      	b.n	100033e8 <_etoa+0x460>
1000337e:	2280      	movs	r2, #128	@ 0x80
10003380:	0612      	lsls	r2, r2, #24
10003382:	4694      	mov	ip, r2
10003384:	9b22      	ldr	r3, [sp, #136]	@ 0x88
10003386:	9308      	str	r3, [sp, #32]
10003388:	9b23      	ldr	r3, [sp, #140]	@ 0x8c
1000338a:	4463      	add	r3, ip
1000338c:	9309      	str	r3, [sp, #36]	@ 0x24
1000338e:	e630      	b.n	10002ff2 <_etoa+0x6a>
10003390:	2505      	movs	r5, #5
10003392:	430b      	orrs	r3, r1
10003394:	d100      	bne.n	10003398 <_etoa+0x410>
10003396:	e6f6      	b.n	10003186 <_etoa+0x1fe>
10003398:	9808      	ldr	r0, [sp, #32]
1000339a:	9909      	ldr	r1, [sp, #36]	@ 0x24
1000339c:	4a55      	ldr	r2, [pc, #340]	@ (100034f4 <_etoa+0x56c>)
1000339e:	4b56      	ldr	r3, [pc, #344]	@ (100034f8 <_etoa+0x570>)
100033a0:	f7fe fe72 	bl	10002088 <__wrap___aeabi_dcmpge>
100033a4:	2800      	cmp	r0, #0
100033a6:	d008      	beq.n	100033ba <_etoa+0x432>
100033a8:	9808      	ldr	r0, [sp, #32]
100033aa:	9909      	ldr	r1, [sp, #36]	@ 0x24
100033ac:	2200      	movs	r2, #0
100033ae:	4b53      	ldr	r3, [pc, #332]	@ (100034fc <_etoa+0x574>)
100033b0:	f7fe fe5c 	bl	1000206c <__wrap___aeabi_dcmplt>
100033b4:	2800      	cmp	r0, #0
100033b6:	d000      	beq.n	100033ba <_etoa+0x432>
100033b8:	e6e5      	b.n	10003186 <_etoa+0x1fe>
100033ba:	9b24      	ldr	r3, [sp, #144]	@ 0x90
100033bc:	2b00      	cmp	r3, #0
100033be:	d01c      	beq.n	100033fa <_etoa+0x472>
100033c0:	9b0d      	ldr	r3, [sp, #52]	@ 0x34
100033c2:	2b00      	cmp	r3, #0
100033c4:	d019      	beq.n	100033fa <_etoa+0x472>
100033c6:	9b24      	ldr	r3, [sp, #144]	@ 0x90
100033c8:	3b01      	subs	r3, #1
100033ca:	9324      	str	r3, [sp, #144]	@ 0x90
100033cc:	9b25      	ldr	r3, [sp, #148]	@ 0x94
100033ce:	42ab      	cmp	r3, r5
100033d0:	d904      	bls.n	100033dc <_etoa+0x454>
100033d2:	9b0c      	ldr	r3, [sp, #48]	@ 0x30
100033d4:	2b00      	cmp	r3, #0
100033d6:	d05a      	beq.n	1000348e <_etoa+0x506>
100033d8:	2302      	movs	r3, #2
100033da:	930c      	str	r3, [sp, #48]	@ 0x30
100033dc:	2300      	movs	r3, #0
100033de:	930b      	str	r3, [sp, #44]	@ 0x2c
100033e0:	9b0a      	ldr	r3, [sp, #40]	@ 0x28
100033e2:	2b00      	cmp	r3, #0
100033e4:	d100      	bne.n	100033e8 <_etoa+0x460>
100033e6:	e631      	b.n	1000304c <_etoa+0xc4>
100033e8:	9808      	ldr	r0, [sp, #32]
100033ea:	9909      	ldr	r1, [sp, #36]	@ 0x24
100033ec:	0032      	movs	r2, r6
100033ee:	003b      	movs	r3, r7
100033f0:	f7fe fddb 	bl	10001faa <__wrap___aeabi_ddiv>
100033f4:	9008      	str	r0, [sp, #32]
100033f6:	9109      	str	r1, [sp, #36]	@ 0x24
100033f8:	e628      	b.n	1000304c <_etoa+0xc4>
100033fa:	9b25      	ldr	r3, [sp, #148]	@ 0x94
100033fc:	42ab      	cmp	r3, r5
100033fe:	d9ed      	bls.n	100033dc <_etoa+0x454>
10003400:	9b0c      	ldr	r3, [sp, #48]	@ 0x30
10003402:	2b00      	cmp	r3, #0
10003404:	d043      	beq.n	1000348e <_etoa+0x506>
10003406:	2300      	movs	r3, #0
10003408:	930b      	str	r3, [sp, #44]	@ 0x2c
1000340a:	3302      	adds	r3, #2
1000340c:	930c      	str	r3, [sp, #48]	@ 0x30
1000340e:	e7e7      	b.n	100033e0 <_etoa+0x458>
10003410:	2080      	movs	r0, #128	@ 0x80
10003412:	9b26      	ldr	r3, [sp, #152]	@ 0x98
10003414:	4a3a      	ldr	r2, [pc, #232]	@ (10003500 <_etoa+0x578>)
10003416:	0600      	lsls	r0, r0, #24
10003418:	401a      	ands	r2, r3
1000341a:	2380      	movs	r3, #128	@ 0x80
1000341c:	4684      	mov	ip, r0
1000341e:	9402      	str	r4, [sp, #8]
10003420:	9c08      	ldr	r4, [sp, #32]
10003422:	9d09      	ldr	r5, [sp, #36]	@ 0x24
10003424:	0029      	movs	r1, r5
10003426:	00db      	lsls	r3, r3, #3
10003428:	4313      	orrs	r3, r2
1000342a:	9304      	str	r3, [sp, #16]
1000342c:	9b25      	ldr	r3, [sp, #148]	@ 0x94
1000342e:	4461      	add	r1, ip
10003430:	0022      	movs	r2, r4
10003432:	9303      	str	r3, [sp, #12]
10003434:	000b      	movs	r3, r1
10003436:	9200      	str	r2, [sp, #0]
10003438:	9301      	str	r3, [sp, #4]
1000343a:	e68e      	b.n	1000315a <_etoa+0x1d2>
1000343c:	2405      	movs	r4, #5
1000343e:	e6a8      	b.n	10003192 <_etoa+0x20a>
10003440:	2300      	movs	r3, #0
10003442:	930b      	str	r3, [sp, #44]	@ 0x2c
10003444:	930a      	str	r3, [sp, #40]	@ 0x28
10003446:	3302      	adds	r3, #2
10003448:	2504      	movs	r5, #4
1000344a:	930c      	str	r3, [sp, #48]	@ 0x30
1000344c:	e5fe      	b.n	1000304c <_etoa+0xc4>
1000344e:	4653      	mov	r3, sl
10003450:	468c      	mov	ip, r1
10003452:	3b01      	subs	r3, #1
10003454:	4463      	add	r3, ip
10003456:	1a1b      	subs	r3, r3, r0
10003458:	e672      	b.n	10003140 <_etoa+0x1b8>
1000345a:	2302      	movs	r3, #2
1000345c:	930c      	str	r3, [sp, #48]	@ 0x30
1000345e:	2505      	movs	r5, #5
10003460:	e7c2      	b.n	100033e8 <_etoa+0x460>
10003462:	2304      	movs	r3, #4
10003464:	e5ed      	b.n	10003042 <_etoa+0xba>
10003466:	2080      	movs	r0, #128	@ 0x80
10003468:	9e08      	ldr	r6, [sp, #32]
1000346a:	9f09      	ldr	r7, [sp, #36]	@ 0x24
1000346c:	0600      	lsls	r0, r0, #24
1000346e:	0039      	movs	r1, r7
10003470:	4684      	mov	ip, r0
10003472:	9a26      	ldr	r2, [sp, #152]	@ 0x98
10003474:	4b22      	ldr	r3, [pc, #136]	@ (10003500 <_etoa+0x578>)
10003476:	4461      	add	r1, ip
10003478:	4013      	ands	r3, r2
1000347a:	9304      	str	r3, [sp, #16]
1000347c:	9b0b      	ldr	r3, [sp, #44]	@ 0x2c
1000347e:	0032      	movs	r2, r6
10003480:	9303      	str	r3, [sp, #12]
10003482:	9b24      	ldr	r3, [sp, #144]	@ 0x90
10003484:	9302      	str	r3, [sp, #8]
10003486:	000b      	movs	r3, r1
10003488:	9200      	str	r2, [sp, #0]
1000348a:	9301      	str	r3, [sp, #4]
1000348c:	e5f3      	b.n	10003076 <_etoa+0xee>
1000348e:	9b25      	ldr	r3, [sp, #148]	@ 0x94
10003490:	1b5b      	subs	r3, r3, r5
10003492:	930b      	str	r3, [sp, #44]	@ 0x2c
10003494:	e7a4      	b.n	100033e0 <_etoa+0x458>
10003496:	2302      	movs	r3, #2
10003498:	2504      	movs	r5, #4
1000349a:	930c      	str	r3, [sp, #48]	@ 0x30
1000349c:	e7a0      	b.n	100033e0 <_etoa+0x458>
1000349e:	1a9c      	subs	r4, r3, r2
100034a0:	3c01      	subs	r4, #1
100034a2:	e676      	b.n	10003192 <_etoa+0x20a>
100034a4:	fffffc01 	.word	0xfffffc01
100034a8:	509f79fb 	.word	0x509f79fb
100034ac:	3fd34413 	.word	0x3fd34413
100034b0:	8b60c8b3 	.word	0x8b60c8b3
100034b4:	3fc68a28 	.word	0x3fc68a28
100034b8:	3ff00000 	.word	0x3ff00000
100034bc:	3ff80000 	.word	0x3ff80000
100034c0:	636f4361 	.word	0x636f4361
100034c4:	3fd287a7 	.word	0x3fd287a7
100034c8:	0979a371 	.word	0x0979a371
100034cc:	400a934f 	.word	0x400a934f
100034d0:	3fe00000 	.word	0x3fe00000
100034d4:	bbb55516 	.word	0xbbb55516
100034d8:	40026bb1 	.word	0x40026bb1
100034dc:	fefa39ef 	.word	0xfefa39ef
100034e0:	3fe62e42 	.word	0x3fe62e42
100034e4:	402c0000 	.word	0x402c0000
100034e8:	40240000 	.word	0x40240000
100034ec:	40180000 	.word	0x40180000
100034f0:	000003ff 	.word	0x000003ff
100034f4:	eb1c432d 	.word	0xeb1c432d
100034f8:	3f1a36e2 	.word	0x3f1a36e2
100034fc:	412e8480 	.word	0x412e8480
10003500:	fffff7ff 	.word	0xfffff7ff

10003504 <_vsnprintf>:
10003504:	b5f0      	push	{r4, r5, r6, r7, lr}
10003506:	46de      	mov	lr, fp
10003508:	4657      	mov	r7, sl
1000350a:	464e      	mov	r6, r9
1000350c:	4645      	mov	r5, r8
1000350e:	b5e0      	push	{r5, r6, r7, lr}
10003510:	b0a5      	sub	sp, #148	@ 0x94
10003512:	001e      	movs	r6, r3
10003514:	9b2e      	ldr	r3, [sp, #184]	@ 0xb8
10003516:	4692      	mov	sl, r2
10003518:	930c      	str	r3, [sp, #48]	@ 0x30
1000351a:	4acd      	ldr	r2, [pc, #820]	@ (10003850 <_vsnprintf+0x34c>)
1000351c:	4bcd      	ldr	r3, [pc, #820]	@ (10003854 <_vsnprintf+0x350>)
1000351e:	4680      	mov	r8, r0
10003520:	468b      	mov	fp, r1
10003522:	601a      	str	r2, [r3, #0]
10003524:	2900      	cmp	r1, #0
10003526:	d100      	bne.n	1000352a <_vsnprintf+0x26>
10003528:	e1ea      	b.n	10003900 <_vsnprintf+0x3fc>
1000352a:	2300      	movs	r3, #0
1000352c:	7830      	ldrb	r0, [r6, #0]
1000352e:	4699      	mov	r9, r3
10003530:	2800      	cmp	r0, #0
10003532:	d100      	bne.n	10003536 <_vsnprintf+0x32>
10003534:	e1ec      	b.n	10003910 <_vsnprintf+0x40c>
10003536:	4bc8      	ldr	r3, [pc, #800]	@ (10003858 <_vsnprintf+0x354>)
10003538:	464c      	mov	r4, r9
1000353a:	930b      	str	r3, [sp, #44]	@ 0x2c
1000353c:	4bc7      	ldr	r3, [pc, #796]	@ (1000385c <_vsnprintf+0x358>)
1000353e:	4645      	mov	r5, r8
10003540:	4657      	mov	r7, sl
10003542:	930e      	str	r3, [sp, #56]	@ 0x38
10003544:	e00a      	b.n	1000355c <_vsnprintf+0x58>
10003546:	1c63      	adds	r3, r4, #1
10003548:	4698      	mov	r8, r3
1000354a:	0022      	movs	r2, r4
1000354c:	003b      	movs	r3, r7
1000354e:	4659      	mov	r1, fp
10003550:	47a8      	blx	r5
10003552:	4644      	mov	r4, r8
10003554:	7830      	ldrb	r0, [r6, #0]
10003556:	2800      	cmp	r0, #0
10003558:	d100      	bne.n	1000355c <_vsnprintf+0x58>
1000355a:	e087      	b.n	1000366c <_vsnprintf+0x168>
1000355c:	3601      	adds	r6, #1
1000355e:	2825      	cmp	r0, #37	@ 0x25
10003560:	d1f1      	bne.n	10003546 <_vsnprintf+0x42>
10003562:	2308      	movs	r3, #8
10003564:	469a      	mov	sl, r3
10003566:	3b04      	subs	r3, #4
10003568:	4699      	mov	r9, r3
1000356a:	3b02      	subs	r3, #2
1000356c:	4698      	mov	r8, r3
1000356e:	3b01      	subs	r3, #1
10003570:	2200      	movs	r2, #0
10003572:	469c      	mov	ip, r3
10003574:	940d      	str	r4, [sp, #52]	@ 0x34
10003576:	7830      	ldrb	r0, [r6, #0]
10003578:	1c71      	adds	r1, r6, #1
1000357a:	0003      	movs	r3, r0
1000357c:	3b20      	subs	r3, #32
1000357e:	b2db      	uxtb	r3, r3
10003580:	2b10      	cmp	r3, #16
10003582:	d803      	bhi.n	1000358c <_vsnprintf+0x88>
10003584:	9c0b      	ldr	r4, [sp, #44]	@ 0x2c
10003586:	009b      	lsls	r3, r3, #2
10003588:	58e3      	ldr	r3, [r4, r3]
1000358a:	469f      	mov	pc, r3
1000358c:	0003      	movs	r3, r0
1000358e:	3b30      	subs	r3, #48	@ 0x30
10003590:	4689      	mov	r9, r1
10003592:	9c0d      	ldr	r4, [sp, #52]	@ 0x34
10003594:	2b09      	cmp	r3, #9
10003596:	d93a      	bls.n	1000360e <_vsnprintf+0x10a>
10003598:	2300      	movs	r3, #0
1000359a:	4698      	mov	r8, r3
1000359c:	282a      	cmp	r0, #42	@ 0x2a
1000359e:	d100      	bne.n	100035a2 <_vsnprintf+0x9e>
100035a0:	e0c1      	b.n	10003726 <_vsnprintf+0x222>
100035a2:	2300      	movs	r3, #0
100035a4:	469a      	mov	sl, r3
100035a6:	282e      	cmp	r0, #46	@ 0x2e
100035a8:	d04b      	beq.n	10003642 <_vsnprintf+0x13e>
100035aa:	0003      	movs	r3, r0
100035ac:	3b68      	subs	r3, #104	@ 0x68
100035ae:	b2db      	uxtb	r3, r3
100035b0:	2b12      	cmp	r3, #18
100035b2:	d81e      	bhi.n	100035f2 <_vsnprintf+0xee>
100035b4:	990e      	ldr	r1, [sp, #56]	@ 0x38
100035b6:	009b      	lsls	r3, r3, #2
100035b8:	58cb      	ldr	r3, [r1, r3]
100035ba:	469f      	mov	pc, r3
100035bc:	4663      	mov	r3, ip
100035be:	000e      	movs	r6, r1
100035c0:	431a      	orrs	r2, r3
100035c2:	e7d8      	b.n	10003576 <_vsnprintf+0x72>
100035c4:	4643      	mov	r3, r8
100035c6:	000e      	movs	r6, r1
100035c8:	431a      	orrs	r2, r3
100035ca:	e7d4      	b.n	10003576 <_vsnprintf+0x72>
100035cc:	464b      	mov	r3, r9
100035ce:	000e      	movs	r6, r1
100035d0:	431a      	orrs	r2, r3
100035d2:	e7d0      	b.n	10003576 <_vsnprintf+0x72>
100035d4:	2310      	movs	r3, #16
100035d6:	000e      	movs	r6, r1
100035d8:	431a      	orrs	r2, r3
100035da:	e7cc      	b.n	10003576 <_vsnprintf+0x72>
100035dc:	4653      	mov	r3, sl
100035de:	000e      	movs	r6, r1
100035e0:	431a      	orrs	r2, r3
100035e2:	e7c8      	b.n	10003576 <_vsnprintf+0x72>
100035e4:	2380      	movs	r3, #128	@ 0x80
100035e6:	005b      	lsls	r3, r3, #1
100035e8:	431a      	orrs	r2, r3
100035ea:	3bff      	subs	r3, #255	@ 0xff
100035ec:	469c      	mov	ip, r3
100035ee:	7870      	ldrb	r0, [r6, #1]
100035f0:	44e1      	add	r9, ip
100035f2:	464e      	mov	r6, r9
100035f4:	2867      	cmp	r0, #103	@ 0x67
100035f6:	d84f      	bhi.n	10003698 <_vsnprintf+0x194>
100035f8:	2824      	cmp	r0, #36	@ 0x24
100035fa:	d9a4      	bls.n	10003546 <_vsnprintf+0x42>
100035fc:	0003      	movs	r3, r0
100035fe:	3b25      	subs	r3, #37	@ 0x25
10003600:	b2db      	uxtb	r3, r3
10003602:	2b42      	cmp	r3, #66	@ 0x42
10003604:	d89f      	bhi.n	10003546 <_vsnprintf+0x42>
10003606:	4996      	ldr	r1, [pc, #600]	@ (10003860 <_vsnprintf+0x35c>)
10003608:	009b      	lsls	r3, r3, #2
1000360a:	58cb      	ldr	r3, [r1, r3]
1000360c:	469f      	mov	pc, r3
1000360e:	2300      	movs	r3, #0
10003610:	4694      	mov	ip, r2
10003612:	001e      	movs	r6, r3
10003614:	e000      	b.n	10003618 <_vsnprintf+0x114>
10003616:	3101      	adds	r1, #1
10003618:	00b3      	lsls	r3, r6, #2
1000361a:	199b      	adds	r3, r3, r6
1000361c:	005b      	lsls	r3, r3, #1
1000361e:	181e      	adds	r6, r3, r0
10003620:	7808      	ldrb	r0, [r1, #0]
10003622:	3e30      	subs	r6, #48	@ 0x30
10003624:	0003      	movs	r3, r0
10003626:	3b30      	subs	r3, #48	@ 0x30
10003628:	2b09      	cmp	r3, #9
1000362a:	d9f4      	bls.n	10003616 <_vsnprintf+0x112>
1000362c:	2301      	movs	r3, #1
1000362e:	4662      	mov	r2, ip
10003630:	4689      	mov	r9, r1
10003632:	469c      	mov	ip, r3
10003634:	2300      	movs	r3, #0
10003636:	46b0      	mov	r8, r6
10003638:	469a      	mov	sl, r3
1000363a:	000e      	movs	r6, r1
1000363c:	44e1      	add	r9, ip
1000363e:	282e      	cmp	r0, #46	@ 0x2e
10003640:	d1b3      	bne.n	100035aa <_vsnprintf+0xa6>
10003642:	2130      	movs	r1, #48	@ 0x30
10003644:	2080      	movs	r0, #128	@ 0x80
10003646:	4249      	negs	r1, r1
10003648:	468c      	mov	ip, r1
1000364a:	00c0      	lsls	r0, r0, #3
1000364c:	4302      	orrs	r2, r0
1000364e:	7870      	ldrb	r0, [r6, #1]
10003650:	464b      	mov	r3, r9
10003652:	4484      	add	ip, r0
10003654:	4661      	mov	r1, ip
10003656:	2909      	cmp	r1, #9
10003658:	d800      	bhi.n	1000365c <_vsnprintf+0x158>
1000365a:	e16c      	b.n	10003936 <_vsnprintf+0x432>
1000365c:	282a      	cmp	r0, #42	@ 0x2a
1000365e:	d100      	bne.n	10003662 <_vsnprintf+0x15e>
10003660:	e17a      	b.n	10003958 <_vsnprintf+0x454>
10003662:	2301      	movs	r3, #1
10003664:	469c      	mov	ip, r3
10003666:	464e      	mov	r6, r9
10003668:	44e1      	add	r9, ip
1000366a:	e79e      	b.n	100035aa <_vsnprintf+0xa6>
1000366c:	46a1      	mov	r9, r4
1000366e:	46a8      	mov	r8, r5
10003670:	46ba      	mov	sl, r7
10003672:	45ca      	cmp	sl, r9
10003674:	d803      	bhi.n	1000367e <_vsnprintf+0x17a>
10003676:	2301      	movs	r3, #1
10003678:	425b      	negs	r3, r3
1000367a:	4453      	add	r3, sl
1000367c:	4699      	mov	r9, r3
1000367e:	4653      	mov	r3, sl
10003680:	464a      	mov	r2, r9
10003682:	4659      	mov	r1, fp
10003684:	2000      	movs	r0, #0
10003686:	47c0      	blx	r8
10003688:	0020      	movs	r0, r4
1000368a:	b025      	add	sp, #148	@ 0x94
1000368c:	bcf0      	pop	{r4, r5, r6, r7}
1000368e:	46bb      	mov	fp, r7
10003690:	46b2      	mov	sl, r6
10003692:	46a9      	mov	r9, r5
10003694:	46a0      	mov	r8, r4
10003696:	bdf0      	pop	{r4, r5, r6, r7, pc}
10003698:	0003      	movs	r3, r0
1000369a:	3b69      	subs	r3, #105	@ 0x69
1000369c:	b2db      	uxtb	r3, r3
1000369e:	930d      	str	r3, [sp, #52]	@ 0x34
100036a0:	2b0f      	cmp	r3, #15
100036a2:	d900      	bls.n	100036a6 <_vsnprintf+0x1a2>
100036a4:	e74f      	b.n	10003546 <_vsnprintf+0x42>
100036a6:	2101      	movs	r1, #1
100036a8:	4099      	lsls	r1, r3
100036aa:	468c      	mov	ip, r1
100036ac:	496d      	ldr	r1, [pc, #436]	@ (10003864 <_vsnprintf+0x360>)
100036ae:	4689      	mov	r9, r1
100036b0:	4661      	mov	r1, ip
100036b2:	464b      	mov	r3, r9
100036b4:	4019      	ands	r1, r3
100036b6:	910f      	str	r1, [sp, #60]	@ 0x3c
100036b8:	4663      	mov	r3, ip
100036ba:	4649      	mov	r1, r9
100036bc:	420b      	tst	r3, r1
100036be:	d000      	beq.n	100036c2 <_vsnprintf+0x1be>
100036c0:	e128      	b.n	10003914 <_vsnprintf+0x410>
100036c2:	9b0d      	ldr	r3, [sp, #52]	@ 0x34
100036c4:	2b0a      	cmp	r3, #10
100036c6:	d03a      	beq.n	1000373e <_vsnprintf+0x23a>
100036c8:	2b07      	cmp	r3, #7
100036ca:	d000      	beq.n	100036ce <_vsnprintf+0x1ca>
100036cc:	e73b      	b.n	10003546 <_vsnprintf+0x42>
100036ce:	9b0c      	ldr	r3, [sp, #48]	@ 0x30
100036d0:	0019      	movs	r1, r3
100036d2:	c908      	ldmia	r1!, {r3}
100036d4:	4688      	mov	r8, r1
100036d6:	2b00      	cmp	r3, #0
100036d8:	d100      	bne.n	100036dc <_vsnprintf+0x1d8>
100036da:	e14b      	b.n	10003974 <_vsnprintf+0x470>
100036dc:	2021      	movs	r0, #33	@ 0x21
100036de:	4302      	orrs	r2, r0
100036e0:	4691      	mov	r9, r2
100036e2:	a914      	add	r1, sp, #80	@ 0x50
100036e4:	468c      	mov	ip, r1
100036e6:	221f      	movs	r2, #31
100036e8:	210f      	movs	r1, #15
100036ea:	4462      	add	r2, ip
100036ec:	468c      	mov	ip, r1
100036ee:	4651      	mov	r1, sl
100036f0:	950d      	str	r5, [sp, #52]	@ 0x34
100036f2:	910c      	str	r1, [sp, #48]	@ 0x30
100036f4:	46a2      	mov	sl, r4
100036f6:	0015      	movs	r5, r2
100036f8:	990f      	ldr	r1, [sp, #60]	@ 0x3c
100036fa:	e002      	b.n	10003702 <_vsnprintf+0x1fe>
100036fc:	2920      	cmp	r1, #32
100036fe:	d00c      	beq.n	1000371a <_vsnprintf+0x216>
10003700:	0013      	movs	r3, r2
10003702:	4664      	mov	r4, ip
10003704:	401c      	ands	r4, r3
10003706:	0020      	movs	r0, r4
10003708:	3037      	adds	r0, #55	@ 0x37
1000370a:	2c09      	cmp	r4, #9
1000370c:	d800      	bhi.n	10003710 <_vsnprintf+0x20c>
1000370e:	3807      	subs	r0, #7
10003710:	3101      	adds	r1, #1
10003712:	5468      	strb	r0, [r5, r1]
10003714:	091a      	lsrs	r2, r3, #4
10003716:	2b0f      	cmp	r3, #15
10003718:	d8f0      	bhi.n	100036fc <_vsnprintf+0x1f8>
1000371a:	9b0c      	ldr	r3, [sp, #48]	@ 0x30
1000371c:	4654      	mov	r4, sl
1000371e:	9d0d      	ldr	r5, [sp, #52]	@ 0x34
10003720:	469a      	mov	sl, r3
10003722:	910f      	str	r1, [sp, #60]	@ 0x3c
10003724:	e133      	b.n	1000398e <_vsnprintf+0x48a>
10003726:	9b0c      	ldr	r3, [sp, #48]	@ 0x30
10003728:	cb02      	ldmia	r3!, {r1}
1000372a:	4688      	mov	r8, r1
1000372c:	2900      	cmp	r1, #0
1000372e:	db47      	blt.n	100037c0 <_vsnprintf+0x2bc>
10003730:	930c      	str	r3, [sp, #48]	@ 0x30
10003732:	2301      	movs	r3, #1
10003734:	469c      	mov	ip, r3
10003736:	7870      	ldrb	r0, [r6, #1]
10003738:	464e      	mov	r6, r9
1000373a:	44e1      	add	r9, ip
1000373c:	e731      	b.n	100035a2 <_vsnprintf+0x9e>
1000373e:	9b0c      	ldr	r3, [sp, #48]	@ 0x30
10003740:	cb02      	ldmia	r3!, {r1}
10003742:	9314      	str	r3, [sp, #80]	@ 0x50
10003744:	4653      	mov	r3, sl
10003746:	2b00      	cmp	r3, #0
10003748:	d100      	bne.n	1000374c <_vsnprintf+0x248>
1000374a:	e138      	b.n	100039be <_vsnprintf+0x4ba>
1000374c:	469c      	mov	ip, r3
1000374e:	7808      	ldrb	r0, [r1, #0]
10003750:	000b      	movs	r3, r1
10003752:	900c      	str	r0, [sp, #48]	@ 0x30
10003754:	448c      	add	ip, r1
10003756:	2800      	cmp	r0, #0
10003758:	d101      	bne.n	1000375e <_vsnprintf+0x25a>
1000375a:	f000 fc98 	bl	1000408e <_vsnprintf+0xb8a>
1000375e:	4689      	mov	r9, r1
10003760:	4661      	mov	r1, ip
10003762:	4694      	mov	ip, r2
10003764:	e003      	b.n	1000376e <_vsnprintf+0x26a>
10003766:	785a      	ldrb	r2, [r3, #1]
10003768:	3301      	adds	r3, #1
1000376a:	2a00      	cmp	r2, #0
1000376c:	d001      	beq.n	10003772 <_vsnprintf+0x26e>
1000376e:	428b      	cmp	r3, r1
10003770:	d1f9      	bne.n	10003766 <_vsnprintf+0x262>
10003772:	4649      	mov	r1, r9
10003774:	4662      	mov	r2, ip
10003776:	1a5b      	subs	r3, r3, r1
10003778:	900c      	str	r0, [sp, #48]	@ 0x30
1000377a:	930f      	str	r3, [sp, #60]	@ 0x3c
1000377c:	0553      	lsls	r3, r2, #21
1000377e:	d500      	bpl.n	10003782 <_vsnprintf+0x27e>
10003780:	e120      	b.n	100039c4 <_vsnprintf+0x4c0>
10003782:	2302      	movs	r3, #2
10003784:	0018      	movs	r0, r3
10003786:	4010      	ands	r0, r2
10003788:	900d      	str	r0, [sp, #52]	@ 0x34
1000378a:	4213      	tst	r3, r2
1000378c:	d100      	bne.n	10003790 <_vsnprintf+0x28c>
1000378e:	e3cb      	b.n	10003f28 <_vsnprintf+0xa24>
10003790:	930d      	str	r3, [sp, #52]	@ 0x34
10003792:	1b0b      	subs	r3, r1, r4
10003794:	46b1      	mov	r9, r6
10003796:	469a      	mov	sl, r3
10003798:	465e      	mov	r6, fp
1000379a:	980c      	ldr	r0, [sp, #48]	@ 0x30
1000379c:	0022      	movs	r2, r4
1000379e:	003b      	movs	r3, r7
100037a0:	0031      	movs	r1, r6
100037a2:	47a8      	blx	r5
100037a4:	4653      	mov	r3, sl
100037a6:	3401      	adds	r4, #1
100037a8:	5d18      	ldrb	r0, [r3, r4]
100037aa:	2800      	cmp	r0, #0
100037ac:	d1f6      	bne.n	1000379c <_vsnprintf+0x298>
100037ae:	46b3      	mov	fp, r6
100037b0:	464e      	mov	r6, r9
100037b2:	9b0d      	ldr	r3, [sp, #52]	@ 0x34
100037b4:	2b00      	cmp	r3, #0
100037b6:	d000      	beq.n	100037ba <_vsnprintf+0x2b6>
100037b8:	e1c7      	b.n	10003b4a <_vsnprintf+0x646>
100037ba:	9b14      	ldr	r3, [sp, #80]	@ 0x50
100037bc:	930c      	str	r3, [sp, #48]	@ 0x30
100037be:	e6c9      	b.n	10003554 <_vsnprintf+0x50>
100037c0:	930c      	str	r3, [sp, #48]	@ 0x30
100037c2:	2301      	movs	r3, #1
100037c4:	469c      	mov	ip, r3
100037c6:	3828      	subs	r0, #40	@ 0x28
100037c8:	4249      	negs	r1, r1
100037ca:	4302      	orrs	r2, r0
100037cc:	4688      	mov	r8, r1
100037ce:	7870      	ldrb	r0, [r6, #1]
100037d0:	464e      	mov	r6, r9
100037d2:	44e1      	add	r9, ip
100037d4:	e6e5      	b.n	100035a2 <_vsnprintf+0x9e>
100037d6:	7870      	ldrb	r0, [r6, #1]
100037d8:	286c      	cmp	r0, #108	@ 0x6c
100037da:	d100      	bne.n	100037de <_vsnprintf+0x2da>
100037dc:	e17f      	b.n	10003ade <_vsnprintf+0x5da>
100037de:	2380      	movs	r3, #128	@ 0x80
100037e0:	005b      	lsls	r3, r3, #1
100037e2:	431a      	orrs	r2, r3
100037e4:	3bff      	subs	r3, #255	@ 0xff
100037e6:	469c      	mov	ip, r3
100037e8:	44e1      	add	r9, ip
100037ea:	e702      	b.n	100035f2 <_vsnprintf+0xee>
100037ec:	2380      	movs	r3, #128	@ 0x80
100037ee:	009b      	lsls	r3, r3, #2
100037f0:	431a      	orrs	r2, r3
100037f2:	2301      	movs	r3, #1
100037f4:	469c      	mov	ip, r3
100037f6:	7870      	ldrb	r0, [r6, #1]
100037f8:	44e1      	add	r9, ip
100037fa:	e6fa      	b.n	100035f2 <_vsnprintf+0xee>
100037fc:	7870      	ldrb	r0, [r6, #1]
100037fe:	2868      	cmp	r0, #104	@ 0x68
10003800:	d100      	bne.n	10003804 <_vsnprintf+0x300>
10003802:	e173      	b.n	10003aec <_vsnprintf+0x5e8>
10003804:	2380      	movs	r3, #128	@ 0x80
10003806:	431a      	orrs	r2, r3
10003808:	3b7f      	subs	r3, #127	@ 0x7f
1000380a:	469c      	mov	ip, r3
1000380c:	44e1      	add	r9, ip
1000380e:	e6f0      	b.n	100035f2 <_vsnprintf+0xee>
10003810:	2867      	cmp	r0, #103	@ 0x67
10003812:	d100      	bne.n	10003816 <_vsnprintf+0x312>
10003814:	e103      	b.n	10003a1e <_vsnprintf+0x51a>
10003816:	2847      	cmp	r0, #71	@ 0x47
10003818:	d100      	bne.n	1000381c <_vsnprintf+0x318>
1000381a:	e15a      	b.n	10003ad2 <_vsnprintf+0x5ce>
1000381c:	2845      	cmp	r0, #69	@ 0x45
1000381e:	d100      	bne.n	10003822 <_vsnprintf+0x31e>
10003820:	e15a      	b.n	10003ad8 <_vsnprintf+0x5d4>
10003822:	9204      	str	r2, [sp, #16]
10003824:	2107      	movs	r1, #7
10003826:	4642      	mov	r2, r8
10003828:	9b0c      	ldr	r3, [sp, #48]	@ 0x30
1000382a:	9203      	str	r2, [sp, #12]
1000382c:	3307      	adds	r3, #7
1000382e:	4652      	mov	r2, sl
10003830:	438b      	bics	r3, r1
10003832:	0019      	movs	r1, r3
10003834:	9202      	str	r2, [sp, #8]
10003836:	c90c      	ldmia	r1!, {r2, r3}
10003838:	0028      	movs	r0, r5
1000383a:	9200      	str	r2, [sp, #0]
1000383c:	9301      	str	r3, [sp, #4]
1000383e:	910c      	str	r1, [sp, #48]	@ 0x30
10003840:	0022      	movs	r2, r4
10003842:	003b      	movs	r3, r7
10003844:	4659      	mov	r1, fp
10003846:	f7ff fb9f 	bl	10002f88 <_etoa>
1000384a:	0004      	movs	r4, r0
1000384c:	e682      	b.n	10003554 <_vsnprintf+0x50>
1000384e:	46c0      	nop			@ (mov r8, r8)
10003850:	10003505 	.word	0x10003505
10003854:	20002724 	.word	0x20002724
10003858:	10008aa8 	.word	0x10008aa8
1000385c:	10008aec 	.word	0x10008aec
10003860:	10008b38 	.word	0x10008b38
10003864:	00009041 	.word	0x00009041
10003868:	2846      	cmp	r0, #70	@ 0x46
1000386a:	d100      	bne.n	1000386e <_vsnprintf+0x36a>
1000386c:	e0db      	b.n	10003a26 <_vsnprintf+0x522>
1000386e:	9204      	str	r2, [sp, #16]
10003870:	2107      	movs	r1, #7
10003872:	4642      	mov	r2, r8
10003874:	9b0c      	ldr	r3, [sp, #48]	@ 0x30
10003876:	9203      	str	r2, [sp, #12]
10003878:	3307      	adds	r3, #7
1000387a:	4652      	mov	r2, sl
1000387c:	438b      	bics	r3, r1
1000387e:	0019      	movs	r1, r3
10003880:	9202      	str	r2, [sp, #8]
10003882:	c90c      	ldmia	r1!, {r2, r3}
10003884:	0028      	movs	r0, r5
10003886:	9200      	str	r2, [sp, #0]
10003888:	9301      	str	r3, [sp, #4]
1000388a:	910c      	str	r1, [sp, #48]	@ 0x30
1000388c:	0022      	movs	r2, r4
1000388e:	003b      	movs	r3, r7
10003890:	4659      	mov	r1, fp
10003892:	f7ff f925 	bl	10002ae0 <_ftoa>
10003896:	0004      	movs	r4, r0
10003898:	e65c      	b.n	10003554 <_vsnprintf+0x50>
1000389a:	1c63      	adds	r3, r4, #1
1000389c:	4698      	mov	r8, r3
1000389e:	0022      	movs	r2, r4
100038a0:	003b      	movs	r3, r7
100038a2:	4659      	mov	r1, fp
100038a4:	2025      	movs	r0, #37	@ 0x25
100038a6:	47a8      	blx	r5
100038a8:	4644      	mov	r4, r8
100038aa:	e653      	b.n	10003554 <_vsnprintf+0x50>
100038ac:	9b0c      	ldr	r3, [sp, #48]	@ 0x30
100038ae:	3304      	adds	r3, #4
100038b0:	930d      	str	r3, [sp, #52]	@ 0x34
100038b2:	1c63      	adds	r3, r4, #1
100038b4:	4699      	mov	r9, r3
100038b6:	0792      	lsls	r2, r2, #30
100038b8:	d400      	bmi.n	100038bc <_vsnprintf+0x3b8>
100038ba:	e122      	b.n	10003b02 <_vsnprintf+0x5fe>
100038bc:	9b0c      	ldr	r3, [sp, #48]	@ 0x30
100038be:	0022      	movs	r2, r4
100038c0:	7818      	ldrb	r0, [r3, #0]
100038c2:	4659      	mov	r1, fp
100038c4:	003b      	movs	r3, r7
100038c6:	47a8      	blx	r5
100038c8:	4643      	mov	r3, r8
100038ca:	4444      	add	r4, r8
100038cc:	2b01      	cmp	r3, #1
100038ce:	d800      	bhi.n	100038d2 <_vsnprintf+0x3ce>
100038d0:	e285      	b.n	10003dde <_vsnprintf+0x8da>
100038d2:	0033      	movs	r3, r6
100038d4:	46b8      	mov	r8, r7
100038d6:	002e      	movs	r6, r5
100038d8:	465f      	mov	r7, fp
100038da:	0025      	movs	r5, r4
100038dc:	464c      	mov	r4, r9
100038de:	4699      	mov	r9, r3
100038e0:	0022      	movs	r2, r4
100038e2:	4643      	mov	r3, r8
100038e4:	3401      	adds	r4, #1
100038e6:	0039      	movs	r1, r7
100038e8:	2020      	movs	r0, #32
100038ea:	47b0      	blx	r6
100038ec:	42ac      	cmp	r4, r5
100038ee:	d1f7      	bne.n	100038e0 <_vsnprintf+0x3dc>
100038f0:	002c      	movs	r4, r5
100038f2:	46bb      	mov	fp, r7
100038f4:	0035      	movs	r5, r6
100038f6:	4647      	mov	r7, r8
100038f8:	464e      	mov	r6, r9
100038fa:	9b0d      	ldr	r3, [sp, #52]	@ 0x34
100038fc:	930c      	str	r3, [sp, #48]	@ 0x30
100038fe:	e629      	b.n	10003554 <_vsnprintf+0x50>
10003900:	4bdb      	ldr	r3, [pc, #876]	@ (10003c70 <_vsnprintf+0x76c>)
10003902:	7830      	ldrb	r0, [r6, #0]
10003904:	4698      	mov	r8, r3
10003906:	2300      	movs	r3, #0
10003908:	4699      	mov	r9, r3
1000390a:	2800      	cmp	r0, #0
1000390c:	d000      	beq.n	10003910 <_vsnprintf+0x40c>
1000390e:	e612      	b.n	10003536 <_vsnprintf+0x32>
10003910:	2400      	movs	r4, #0
10003912:	e6ae      	b.n	10003672 <_vsnprintf+0x16e>
10003914:	286f      	cmp	r0, #111	@ 0x6f
10003916:	d100      	bne.n	1000391a <_vsnprintf+0x416>
10003918:	e088      	b.n	10003a2c <_vsnprintf+0x528>
1000391a:	d800      	bhi.n	1000391e <_vsnprintf+0x41a>
1000391c:	e30b      	b.n	10003f36 <_vsnprintf+0xa32>
1000391e:	2310      	movs	r3, #16
10003920:	2878      	cmp	r0, #120	@ 0x78
10003922:	d100      	bne.n	10003926 <_vsnprintf+0x422>
10003924:	e0cf      	b.n	10003ac6 <_vsnprintf+0x5c2>
10003926:	439a      	bics	r2, r3
10003928:	230a      	movs	r3, #10
1000392a:	469c      	mov	ip, r3
1000392c:	2300      	movs	r3, #0
1000392e:	930f      	str	r3, [sp, #60]	@ 0x3c
10003930:	330a      	adds	r3, #10
10003932:	930d      	str	r3, [sp, #52]	@ 0x34
10003934:	e080      	b.n	10003a38 <_vsnprintf+0x534>
10003936:	4656      	mov	r6, sl
10003938:	00b1      	lsls	r1, r6, #2
1000393a:	1989      	adds	r1, r1, r6
1000393c:	0049      	lsls	r1, r1, #1
1000393e:	3301      	adds	r3, #1
10003940:	180e      	adds	r6, r1, r0
10003942:	7818      	ldrb	r0, [r3, #0]
10003944:	3e30      	subs	r6, #48	@ 0x30
10003946:	0001      	movs	r1, r0
10003948:	3930      	subs	r1, #48	@ 0x30
1000394a:	2909      	cmp	r1, #9
1000394c:	d9f4      	bls.n	10003938 <_vsnprintf+0x434>
1000394e:	46b2      	mov	sl, r6
10003950:	001e      	movs	r6, r3
10003952:	3301      	adds	r3, #1
10003954:	4699      	mov	r9, r3
10003956:	e628      	b.n	100035aa <_vsnprintf+0xa6>
10003958:	9b0c      	ldr	r3, [sp, #48]	@ 0x30
1000395a:	3602      	adds	r6, #2
1000395c:	cb02      	ldmia	r3!, {r1}
1000395e:	468a      	mov	sl, r1
10003960:	43c9      	mvns	r1, r1
10003962:	4650      	mov	r0, sl
10003964:	17c9      	asrs	r1, r1, #31
10003966:	4008      	ands	r0, r1
10003968:	4682      	mov	sl, r0
1000396a:	930c      	str	r3, [sp, #48]	@ 0x30
1000396c:	7830      	ldrb	r0, [r6, #0]
1000396e:	1c73      	adds	r3, r6, #1
10003970:	4699      	mov	r9, r3
10003972:	e61a      	b.n	100035aa <_vsnprintf+0xa6>
10003974:	2310      	movs	r3, #16
10003976:	0010      	movs	r0, r2
10003978:	4398      	bics	r0, r3
1000397a:	3311      	adds	r3, #17
1000397c:	4318      	orrs	r0, r3
1000397e:	4681      	mov	r9, r0
10003980:	2080      	movs	r0, #128	@ 0x80
10003982:	0013      	movs	r3, r2
10003984:	00c0      	lsls	r0, r0, #3
10003986:	4003      	ands	r3, r0
10003988:	4202      	tst	r2, r0
1000398a:	d100      	bne.n	1000398e <_vsnprintf+0x48a>
1000398c:	e6a9      	b.n	100036e2 <_vsnprintf+0x1de>
1000398e:	464b      	mov	r3, r9
10003990:	9306      	str	r3, [sp, #24]
10003992:	2308      	movs	r3, #8
10003994:	9305      	str	r3, [sp, #20]
10003996:	4653      	mov	r3, sl
10003998:	9304      	str	r3, [sp, #16]
1000399a:	2310      	movs	r3, #16
1000399c:	9303      	str	r3, [sp, #12]
1000399e:	2300      	movs	r3, #0
100039a0:	9302      	str	r3, [sp, #8]
100039a2:	9b0f      	ldr	r3, [sp, #60]	@ 0x3c
100039a4:	0022      	movs	r2, r4
100039a6:	9301      	str	r3, [sp, #4]
100039a8:	ab1c      	add	r3, sp, #112	@ 0x70
100039aa:	9300      	str	r3, [sp, #0]
100039ac:	4659      	mov	r1, fp
100039ae:	003b      	movs	r3, r7
100039b0:	0028      	movs	r0, r5
100039b2:	f7fe ff9f 	bl	100028f4 <_ntoa_format>
100039b6:	4643      	mov	r3, r8
100039b8:	0004      	movs	r4, r0
100039ba:	930c      	str	r3, [sp, #48]	@ 0x30
100039bc:	e5ca      	b.n	10003554 <_vsnprintf+0x50>
100039be:	2301      	movs	r3, #1
100039c0:	425b      	negs	r3, r3
100039c2:	e6c3      	b.n	1000374c <_vsnprintf+0x248>
100039c4:	9b0f      	ldr	r3, [sp, #60]	@ 0x3c
100039c6:	4553      	cmp	r3, sl
100039c8:	d901      	bls.n	100039ce <_vsnprintf+0x4ca>
100039ca:	4653      	mov	r3, sl
100039cc:	930f      	str	r3, [sp, #60]	@ 0x3c
100039ce:	2302      	movs	r3, #2
100039d0:	0018      	movs	r0, r3
100039d2:	4010      	ands	r0, r2
100039d4:	900d      	str	r0, [sp, #52]	@ 0x34
100039d6:	4213      	tst	r3, r2
100039d8:	d100      	bne.n	100039dc <_vsnprintf+0x4d8>
100039da:	e1b7      	b.n	10003d4c <_vsnprintf+0x848>
100039dc:	930d      	str	r3, [sp, #52]	@ 0x34
100039de:	46d1      	mov	r9, sl
100039e0:	1b0b      	subs	r3, r1, r4
100039e2:	469a      	mov	sl, r3
100039e4:	0033      	movs	r3, r6
100039e6:	44a1      	add	r9, r4
100039e8:	002e      	movs	r6, r5
100039ea:	0022      	movs	r2, r4
100039ec:	464d      	mov	r5, r9
100039ee:	980c      	ldr	r0, [sp, #48]	@ 0x30
100039f0:	46b9      	mov	r9, r7
100039f2:	465f      	mov	r7, fp
100039f4:	469b      	mov	fp, r3
100039f6:	e008      	b.n	10003a0a <_vsnprintf+0x506>
100039f8:	464b      	mov	r3, r9
100039fa:	0039      	movs	r1, r7
100039fc:	1c54      	adds	r4, r2, #1
100039fe:	47b0      	blx	r6
10003a00:	4653      	mov	r3, sl
10003a02:	5d18      	ldrb	r0, [r3, r4]
10003a04:	2800      	cmp	r0, #0
10003a06:	d077      	beq.n	10003af8 <_vsnprintf+0x5f4>
10003a08:	0022      	movs	r2, r4
10003a0a:	4295      	cmp	r5, r2
10003a0c:	d1f4      	bne.n	100039f8 <_vsnprintf+0x4f4>
10003a0e:	465b      	mov	r3, fp
10003a10:	46bb      	mov	fp, r7
10003a12:	464f      	mov	r7, r9
10003a14:	46a9      	mov	r9, r5
10003a16:	0035      	movs	r5, r6
10003a18:	464c      	mov	r4, r9
10003a1a:	001e      	movs	r6, r3
10003a1c:	e6c9      	b.n	100037b2 <_vsnprintf+0x2ae>
10003a1e:	2380      	movs	r3, #128	@ 0x80
10003a20:	011b      	lsls	r3, r3, #4
10003a22:	431a      	orrs	r2, r3
10003a24:	e6fd      	b.n	10003822 <_vsnprintf+0x31e>
10003a26:	2320      	movs	r3, #32
10003a28:	431a      	orrs	r2, r3
10003a2a:	e720      	b.n	1000386e <_vsnprintf+0x36a>
10003a2c:	2308      	movs	r3, #8
10003a2e:	469c      	mov	ip, r3
10003a30:	2300      	movs	r3, #0
10003a32:	930f      	str	r3, [sp, #60]	@ 0x3c
10003a34:	3308      	adds	r3, #8
10003a36:	930d      	str	r3, [sp, #52]	@ 0x34
10003a38:	2380      	movs	r3, #128	@ 0x80
10003a3a:	0011      	movs	r1, r2
10003a3c:	00db      	lsls	r3, r3, #3
10003a3e:	4019      	ands	r1, r3
10003a40:	421a      	tst	r2, r3
10003a42:	d100      	bne.n	10003a46 <_vsnprintf+0x542>
10003a44:	e116      	b.n	10003c74 <_vsnprintf+0x770>
10003a46:	230d      	movs	r3, #13
10003a48:	439a      	bics	r2, r3
10003a4a:	0010      	movs	r0, r2
10003a4c:	2380      	movs	r3, #128	@ 0x80
10003a4e:	0002      	movs	r2, r0
10003a50:	009b      	lsls	r3, r3, #2
10003a52:	401a      	ands	r2, r3
10003a54:	9214      	str	r2, [sp, #80]	@ 0x50
10003a56:	4218      	tst	r0, r3
10003a58:	d000      	beq.n	10003a5c <_vsnprintf+0x558>
10003a5a:	e1c2      	b.n	10003de2 <_vsnprintf+0x8de>
10003a5c:	2380      	movs	r3, #128	@ 0x80
10003a5e:	0002      	movs	r2, r0
10003a60:	005b      	lsls	r3, r3, #1
10003a62:	401a      	ands	r2, r3
10003a64:	4691      	mov	r9, r2
10003a66:	9a0c      	ldr	r2, [sp, #48]	@ 0x30
10003a68:	3204      	adds	r2, #4
10003a6a:	920f      	str	r2, [sp, #60]	@ 0x3c
10003a6c:	4218      	tst	r0, r3
10003a6e:	d000      	beq.n	10003a72 <_vsnprintf+0x56e>
10003a70:	e2b7      	b.n	10003fe2 <_vsnprintf+0xade>
10003a72:	0643      	lsls	r3, r0, #25
10003a74:	d500      	bpl.n	10003a78 <_vsnprintf+0x574>
10003a76:	e19f      	b.n	10003db8 <_vsnprintf+0x8b4>
10003a78:	0603      	lsls	r3, r0, #24
10003a7a:	d400      	bmi.n	10003a7e <_vsnprintf+0x57a>
10003a7c:	e319      	b.n	100040b2 <_vsnprintf+0xbae>
10003a7e:	9b0c      	ldr	r3, [sp, #48]	@ 0x30
10003a80:	881b      	ldrh	r3, [r3, #0]
10003a82:	9309      	str	r3, [sp, #36]	@ 0x24
10003a84:	2b00      	cmp	r3, #0
10003a86:	d000      	beq.n	10003a8a <_vsnprintf+0x586>
10003a88:	e1fc      	b.n	10003e84 <_vsnprintf+0x980>
10003a8a:	3310      	adds	r3, #16
10003a8c:	4398      	bics	r0, r3
10003a8e:	2900      	cmp	r1, #0
10003a90:	d100      	bne.n	10003a94 <_vsnprintf+0x590>
10003a92:	e1f7      	b.n	10003e84 <_vsnprintf+0x980>
10003a94:	2300      	movs	r3, #0
10003a96:	4699      	mov	r9, r3
10003a98:	4643      	mov	r3, r8
10003a9a:	9305      	str	r3, [sp, #20]
10003a9c:	4653      	mov	r3, sl
10003a9e:	9304      	str	r3, [sp, #16]
10003aa0:	9b0d      	ldr	r3, [sp, #52]	@ 0x34
10003aa2:	9006      	str	r0, [sp, #24]
10003aa4:	9303      	str	r3, [sp, #12]
10003aa6:	2300      	movs	r3, #0
10003aa8:	e0d2      	b.n	10003c50 <_vsnprintf+0x74c>
10003aaa:	2858      	cmp	r0, #88	@ 0x58
10003aac:	d008      	beq.n	10003ac0 <_vsnprintf+0x5bc>
10003aae:	2862      	cmp	r0, #98	@ 0x62
10003ab0:	d167      	bne.n	10003b82 <_vsnprintf+0x67e>
10003ab2:	2302      	movs	r3, #2
10003ab4:	469c      	mov	ip, r3
10003ab6:	2300      	movs	r3, #0
10003ab8:	930f      	str	r3, [sp, #60]	@ 0x3c
10003aba:	3302      	adds	r3, #2
10003abc:	930d      	str	r3, [sp, #52]	@ 0x34
10003abe:	e7bb      	b.n	10003a38 <_vsnprintf+0x534>
10003ac0:	2320      	movs	r3, #32
10003ac2:	431a      	orrs	r2, r3
10003ac4:	3b10      	subs	r3, #16
10003ac6:	469c      	mov	ip, r3
10003ac8:	2300      	movs	r3, #0
10003aca:	930f      	str	r3, [sp, #60]	@ 0x3c
10003acc:	3310      	adds	r3, #16
10003ace:	930d      	str	r3, [sp, #52]	@ 0x34
10003ad0:	e7b2      	b.n	10003a38 <_vsnprintf+0x534>
10003ad2:	2380      	movs	r3, #128	@ 0x80
10003ad4:	011b      	lsls	r3, r3, #4
10003ad6:	431a      	orrs	r2, r3
10003ad8:	2320      	movs	r3, #32
10003ada:	431a      	orrs	r2, r3
10003adc:	e6a1      	b.n	10003822 <_vsnprintf+0x31e>
10003ade:	23c0      	movs	r3, #192	@ 0xc0
10003ae0:	009b      	lsls	r3, r3, #2
10003ae2:	431a      	orrs	r2, r3
10003ae4:	1cf3      	adds	r3, r6, #3
10003ae6:	4699      	mov	r9, r3
10003ae8:	78b0      	ldrb	r0, [r6, #2]
10003aea:	e582      	b.n	100035f2 <_vsnprintf+0xee>
10003aec:	23c0      	movs	r3, #192	@ 0xc0
10003aee:	431a      	orrs	r2, r3
10003af0:	1cf3      	adds	r3, r6, #3
10003af2:	4699      	mov	r9, r3
10003af4:	78b0      	ldrb	r0, [r6, #2]
10003af6:	e57c      	b.n	100035f2 <_vsnprintf+0xee>
10003af8:	0035      	movs	r5, r6
10003afa:	465e      	mov	r6, fp
10003afc:	46bb      	mov	fp, r7
10003afe:	464f      	mov	r7, r9
10003b00:	e657      	b.n	100037b2 <_vsnprintf+0x2ae>
10003b02:	4643      	mov	r3, r8
10003b04:	2b01      	cmp	r3, #1
10003b06:	d800      	bhi.n	10003b0a <_vsnprintf+0x606>
10003b08:	e163      	b.n	10003dd2 <_vsnprintf+0x8ce>
10003b0a:	1e63      	subs	r3, r4, #1
10003b0c:	4443      	add	r3, r8
10003b0e:	469a      	mov	sl, r3
10003b10:	0033      	movs	r3, r6
10003b12:	46b9      	mov	r9, r7
10003b14:	002e      	movs	r6, r5
10003b16:	465f      	mov	r7, fp
10003b18:	4655      	mov	r5, sl
10003b1a:	469b      	mov	fp, r3
10003b1c:	46a2      	mov	sl, r4
10003b1e:	0022      	movs	r2, r4
10003b20:	464b      	mov	r3, r9
10003b22:	3401      	adds	r4, #1
10003b24:	0039      	movs	r1, r7
10003b26:	2020      	movs	r0, #32
10003b28:	47b0      	blx	r6
10003b2a:	42ac      	cmp	r4, r5
10003b2c:	d1f7      	bne.n	10003b1e <_vsnprintf+0x61a>
10003b2e:	0035      	movs	r5, r6
10003b30:	465e      	mov	r6, fp
10003b32:	46bb      	mov	fp, r7
10003b34:	464f      	mov	r7, r9
10003b36:	46a1      	mov	r9, r4
10003b38:	4654      	mov	r4, sl
10003b3a:	9b0c      	ldr	r3, [sp, #48]	@ 0x30
10003b3c:	464a      	mov	r2, r9
10003b3e:	7818      	ldrb	r0, [r3, #0]
10003b40:	4659      	mov	r1, fp
10003b42:	003b      	movs	r3, r7
10003b44:	4444      	add	r4, r8
10003b46:	47a8      	blx	r5
10003b48:	e6d7      	b.n	100038fa <_vsnprintf+0x3f6>
10003b4a:	46a1      	mov	r9, r4
10003b4c:	9b0f      	ldr	r3, [sp, #60]	@ 0x3c
10003b4e:	4598      	cmp	r8, r3
10003b50:	d800      	bhi.n	10003b54 <_vsnprintf+0x650>
10003b52:	e632      	b.n	100037ba <_vsnprintf+0x2b6>
10003b54:	4444      	add	r4, r8
10003b56:	1ae4      	subs	r4, r4, r3
10003b58:	0033      	movs	r3, r6
10003b5a:	46b8      	mov	r8, r7
10003b5c:	002e      	movs	r6, r5
10003b5e:	465f      	mov	r7, fp
10003b60:	0025      	movs	r5, r4
10003b62:	464c      	mov	r4, r9
10003b64:	4699      	mov	r9, r3
10003b66:	0022      	movs	r2, r4
10003b68:	4643      	mov	r3, r8
10003b6a:	3401      	adds	r4, #1
10003b6c:	0039      	movs	r1, r7
10003b6e:	2020      	movs	r0, #32
10003b70:	47b0      	blx	r6
10003b72:	42ac      	cmp	r4, r5
10003b74:	d1f7      	bne.n	10003b66 <_vsnprintf+0x662>
10003b76:	002c      	movs	r4, r5
10003b78:	46bb      	mov	fp, r7
10003b7a:	0035      	movs	r5, r6
10003b7c:	4647      	mov	r7, r8
10003b7e:	464e      	mov	r6, r9
10003b80:	e61b      	b.n	100037ba <_vsnprintf+0x2b6>
10003b82:	2380      	movs	r3, #128	@ 0x80
10003b84:	0010      	movs	r0, r2
10003b86:	00db      	lsls	r3, r3, #3
10003b88:	4018      	ands	r0, r3
10003b8a:	421a      	tst	r2, r3
10003b8c:	d100      	bne.n	10003b90 <_vsnprintf+0x68c>
10003b8e:	e10f      	b.n	10003db0 <_vsnprintf+0x8ac>
10003b90:	2111      	movs	r1, #17
10003b92:	0018      	movs	r0, r3
10003b94:	438a      	bics	r2, r1
10003b96:	920d      	str	r2, [sp, #52]	@ 0x34
10003b98:	9a0d      	ldr	r2, [sp, #52]	@ 0x34
10003b9a:	2380      	movs	r3, #128	@ 0x80
10003b9c:	0011      	movs	r1, r2
10003b9e:	009b      	lsls	r3, r3, #2
10003ba0:	4019      	ands	r1, r3
10003ba2:	468c      	mov	ip, r1
10003ba4:	421a      	tst	r2, r3
10003ba6:	d169      	bne.n	10003c7c <_vsnprintf+0x778>
10003ba8:	2380      	movs	r3, #128	@ 0x80
10003baa:	0011      	movs	r1, r2
10003bac:	005b      	lsls	r3, r3, #1
10003bae:	4019      	ands	r1, r3
10003bb0:	4689      	mov	r9, r1
10003bb2:	990c      	ldr	r1, [sp, #48]	@ 0x30
10003bb4:	3104      	adds	r1, #4
10003bb6:	910f      	str	r1, [sp, #60]	@ 0x3c
10003bb8:	421a      	tst	r2, r3
10003bba:	d000      	beq.n	10003bbe <_vsnprintf+0x6ba>
10003bbc:	e1ca      	b.n	10003f54 <_vsnprintf+0xa50>
10003bbe:	0013      	movs	r3, r2
10003bc0:	065b      	lsls	r3, r3, #25
10003bc2:	d500      	bpl.n	10003bc6 <_vsnprintf+0x6c2>
10003bc4:	e0f0      	b.n	10003da8 <_vsnprintf+0x8a4>
10003bc6:	0013      	movs	r3, r2
10003bc8:	061b      	lsls	r3, r3, #24
10003bca:	d400      	bmi.n	10003bce <_vsnprintf+0x6ca>
10003bcc:	e259      	b.n	10004082 <_vsnprintf+0xb7e>
10003bce:	9b0c      	ldr	r3, [sp, #48]	@ 0x30
10003bd0:	2200      	movs	r2, #0
10003bd2:	5e9b      	ldrsh	r3, [r3, r2]
10003bd4:	17d9      	asrs	r1, r3, #31
10003bd6:	185a      	adds	r2, r3, r1
10003bd8:	404a      	eors	r2, r1
10003bda:	b292      	uxth	r2, r2
10003bdc:	0fd9      	lsrs	r1, r3, #31
10003bde:	910c      	str	r1, [sp, #48]	@ 0x30
10003be0:	2b00      	cmp	r3, #0
10003be2:	d100      	bne.n	10003be6 <_vsnprintf+0x6e2>
10003be4:	e1f9      	b.n	10003fda <_vsnprintf+0xad6>
10003be6:	0010      	movs	r0, r2
10003be8:	aa14      	add	r2, sp, #80	@ 0x50
10003bea:	4694      	mov	ip, r2
10003bec:	4642      	mov	r2, r8
10003bee:	231f      	movs	r3, #31
10003bf0:	9214      	str	r2, [sp, #80]	@ 0x50
10003bf2:	4652      	mov	r2, sl
10003bf4:	4463      	add	r3, ip
10003bf6:	46a8      	mov	r8, r5
10003bf8:	9416      	str	r4, [sp, #88]	@ 0x58
10003bfa:	464d      	mov	r5, r9
10003bfc:	0004      	movs	r4, r0
10003bfe:	46b9      	mov	r9, r7
10003c00:	46b2      	mov	sl, r6
10003c02:	001f      	movs	r7, r3
10003c04:	9215      	str	r2, [sp, #84]	@ 0x54
10003c06:	e001      	b.n	10003c0c <_vsnprintf+0x708>
10003c08:	2d20      	cmp	r5, #32
10003c0a:	d00f      	beq.n	10003c2c <_vsnprintf+0x728>
10003c0c:	0020      	movs	r0, r4
10003c0e:	210a      	movs	r1, #10
10003c10:	f7fd ff7e 	bl	10001b10 <__wrap___aeabi_uidiv>
10003c14:	3501      	adds	r5, #1
10003c16:	197e      	adds	r6, r7, r5
10003c18:	3130      	adds	r1, #48	@ 0x30
10003c1a:	7031      	strb	r1, [r6, #0]
10003c1c:	0020      	movs	r0, r4
10003c1e:	210a      	movs	r1, #10
10003c20:	f7fd ff76 	bl	10001b10 <__wrap___aeabi_uidiv>
10003c24:	0026      	movs	r6, r4
10003c26:	0004      	movs	r4, r0
10003c28:	2e09      	cmp	r6, #9
10003c2a:	d8ed      	bhi.n	10003c08 <_vsnprintf+0x704>
10003c2c:	9b14      	ldr	r3, [sp, #80]	@ 0x50
10003c2e:	464f      	mov	r7, r9
10003c30:	46a9      	mov	r9, r5
10003c32:	4645      	mov	r5, r8
10003c34:	4698      	mov	r8, r3
10003c36:	9b15      	ldr	r3, [sp, #84]	@ 0x54
10003c38:	4656      	mov	r6, sl
10003c3a:	469a      	mov	sl, r3
10003c3c:	9c16      	ldr	r4, [sp, #88]	@ 0x58
10003c3e:	9b0d      	ldr	r3, [sp, #52]	@ 0x34
10003c40:	9306      	str	r3, [sp, #24]
10003c42:	4643      	mov	r3, r8
10003c44:	9305      	str	r3, [sp, #20]
10003c46:	4653      	mov	r3, sl
10003c48:	9304      	str	r3, [sp, #16]
10003c4a:	230a      	movs	r3, #10
10003c4c:	9303      	str	r3, [sp, #12]
10003c4e:	9b0c      	ldr	r3, [sp, #48]	@ 0x30
10003c50:	9302      	str	r3, [sp, #8]
10003c52:	464b      	mov	r3, r9
10003c54:	9301      	str	r3, [sp, #4]
10003c56:	ab1c      	add	r3, sp, #112	@ 0x70
10003c58:	0022      	movs	r2, r4
10003c5a:	9300      	str	r3, [sp, #0]
10003c5c:	4659      	mov	r1, fp
10003c5e:	003b      	movs	r3, r7
10003c60:	0028      	movs	r0, r5
10003c62:	f7fe fe47 	bl	100028f4 <_ntoa_format>
10003c66:	9b0f      	ldr	r3, [sp, #60]	@ 0x3c
10003c68:	0004      	movs	r4, r0
10003c6a:	930c      	str	r3, [sp, #48]	@ 0x30
10003c6c:	e472      	b.n	10003554 <_vsnprintf+0x50>
10003c6e:	46c0      	nop			@ (mov r8, r8)
10003c70:	10002845 	.word	0x10002845
10003c74:	230c      	movs	r3, #12
10003c76:	439a      	bics	r2, r3
10003c78:	0010      	movs	r0, r2
10003c7a:	e6e7      	b.n	10003a4c <_vsnprintf+0x548>
10003c7c:	2207      	movs	r2, #7
10003c7e:	9b0c      	ldr	r3, [sp, #48]	@ 0x30
10003c80:	3307      	adds	r3, #7
10003c82:	4393      	bics	r3, r2
10003c84:	3201      	adds	r2, #1
10003c86:	4694      	mov	ip, r2
10003c88:	449c      	add	ip, r3
10003c8a:	4662      	mov	r2, ip
10003c8c:	920c      	str	r2, [sp, #48]	@ 0x30
10003c8e:	cb0c      	ldmia	r3, {r2, r3}
10003c90:	0fd9      	lsrs	r1, r3, #31
10003c92:	910f      	str	r1, [sp, #60]	@ 0x3c
10003c94:	0011      	movs	r1, r2
10003c96:	4319      	orrs	r1, r3
10003c98:	d100      	bne.n	10003c9c <_vsnprintf+0x798>
10003c9a:	e091      	b.n	10003dc0 <_vsnprintf+0x8bc>
10003c9c:	17d9      	asrs	r1, r3, #31
10003c9e:	9113      	str	r1, [sp, #76]	@ 0x4c
10003ca0:	9112      	str	r1, [sp, #72]	@ 0x48
10003ca2:	4051      	eors	r1, r2
10003ca4:	9110      	str	r1, [sp, #64]	@ 0x40
10003ca6:	9913      	ldr	r1, [sp, #76]	@ 0x4c
10003ca8:	4059      	eors	r1, r3
10003caa:	9111      	str	r1, [sp, #68]	@ 0x44
10003cac:	9810      	ldr	r0, [sp, #64]	@ 0x40
10003cae:	9911      	ldr	r1, [sp, #68]	@ 0x44
10003cb0:	9a12      	ldr	r2, [sp, #72]	@ 0x48
10003cb2:	9b13      	ldr	r3, [sp, #76]	@ 0x4c
10003cb4:	1a80      	subs	r0, r0, r2
10003cb6:	4199      	sbcs	r1, r3
10003cb8:	9010      	str	r0, [sp, #64]	@ 0x40
10003cba:	9111      	str	r1, [sp, #68]	@ 0x44
10003cbc:	aa14      	add	r2, sp, #80	@ 0x50
10003cbe:	2300      	movs	r3, #0
10003cc0:	4694      	mov	ip, r2
10003cc2:	4642      	mov	r2, r8
10003cc4:	4699      	mov	r9, r3
10003cc6:	9214      	str	r2, [sp, #80]	@ 0x50
10003cc8:	4652      	mov	r2, sl
10003cca:	331f      	adds	r3, #31
10003ccc:	4463      	add	r3, ip
10003cce:	46a8      	mov	r8, r5
10003cd0:	46b2      	mov	sl, r6
10003cd2:	9416      	str	r4, [sp, #88]	@ 0x58
10003cd4:	464e      	mov	r6, r9
10003cd6:	9c10      	ldr	r4, [sp, #64]	@ 0x40
10003cd8:	9d11      	ldr	r5, [sp, #68]	@ 0x44
10003cda:	46b9      	mov	r9, r7
10003cdc:	9215      	str	r2, [sp, #84]	@ 0x54
10003cde:	001f      	movs	r7, r3
10003ce0:	e001      	b.n	10003ce6 <_vsnprintf+0x7e2>
10003ce2:	2e20      	cmp	r6, #32
10003ce4:	d010      	beq.n	10003d08 <_vsnprintf+0x804>
10003ce6:	0020      	movs	r0, r4
10003ce8:	0029      	movs	r1, r5
10003cea:	220a      	movs	r2, #10
10003cec:	2300      	movs	r3, #0
10003cee:	f7fd ff4d 	bl	10001b8c <__wrap___aeabi_uldivmod>
10003cf2:	3601      	adds	r6, #1
10003cf4:	3230      	adds	r2, #48	@ 0x30
10003cf6:	002b      	movs	r3, r5
10003cf8:	55ba      	strb	r2, [r7, r6]
10003cfa:	000d      	movs	r5, r1
10003cfc:	0022      	movs	r2, r4
10003cfe:	0004      	movs	r4, r0
10003d00:	2b00      	cmp	r3, #0
10003d02:	d1ee      	bne.n	10003ce2 <_vsnprintf+0x7de>
10003d04:	2a09      	cmp	r2, #9
10003d06:	d8ec      	bhi.n	10003ce2 <_vsnprintf+0x7de>
10003d08:	9b14      	ldr	r3, [sp, #80]	@ 0x50
10003d0a:	9410      	str	r4, [sp, #64]	@ 0x40
10003d0c:	9511      	str	r5, [sp, #68]	@ 0x44
10003d0e:	4645      	mov	r5, r8
10003d10:	4698      	mov	r8, r3
10003d12:	9b15      	ldr	r3, [sp, #84]	@ 0x54
10003d14:	464f      	mov	r7, r9
10003d16:	46b1      	mov	r9, r6
10003d18:	4656      	mov	r6, sl
10003d1a:	469a      	mov	sl, r3
10003d1c:	9c16      	ldr	r4, [sp, #88]	@ 0x58
10003d1e:	9b0d      	ldr	r3, [sp, #52]	@ 0x34
10003d20:	9306      	str	r3, [sp, #24]
10003d22:	4643      	mov	r3, r8
10003d24:	9305      	str	r3, [sp, #20]
10003d26:	4653      	mov	r3, sl
10003d28:	9304      	str	r3, [sp, #16]
10003d2a:	230a      	movs	r3, #10
10003d2c:	9303      	str	r3, [sp, #12]
10003d2e:	9b0f      	ldr	r3, [sp, #60]	@ 0x3c
10003d30:	9302      	str	r3, [sp, #8]
10003d32:	464b      	mov	r3, r9
10003d34:	9301      	str	r3, [sp, #4]
10003d36:	ab1c      	add	r3, sp, #112	@ 0x70
10003d38:	0022      	movs	r2, r4
10003d3a:	9300      	str	r3, [sp, #0]
10003d3c:	4659      	mov	r1, fp
10003d3e:	003b      	movs	r3, r7
10003d40:	0028      	movs	r0, r5
10003d42:	f7fe fdd7 	bl	100028f4 <_ntoa_format>
10003d46:	0004      	movs	r4, r0
10003d48:	f7ff fc04 	bl	10003554 <_vsnprintf+0x50>
10003d4c:	9b0f      	ldr	r3, [sp, #60]	@ 0x3c
10003d4e:	4598      	cmp	r8, r3
10003d50:	d800      	bhi.n	10003d54 <_vsnprintf+0x850>
10003d52:	e1c1      	b.n	100040d8 <_vsnprintf+0xbd4>
10003d54:	2380      	movs	r3, #128	@ 0x80
10003d56:	00db      	lsls	r3, r3, #3
10003d58:	930d      	str	r3, [sp, #52]	@ 0x34
10003d5a:	4643      	mov	r3, r8
10003d5c:	9a0f      	ldr	r2, [sp, #60]	@ 0x3c
10003d5e:	191b      	adds	r3, r3, r4
10003d60:	1a9b      	subs	r3, r3, r2
10003d62:	4699      	mov	r9, r3
10003d64:	0033      	movs	r3, r6
10003d66:	002e      	movs	r6, r5
10003d68:	464d      	mov	r5, r9
10003d6a:	46b9      	mov	r9, r7
10003d6c:	465f      	mov	r7, fp
10003d6e:	469b      	mov	fp, r3
10003d70:	910c      	str	r1, [sp, #48]	@ 0x30
10003d72:	0022      	movs	r2, r4
10003d74:	464b      	mov	r3, r9
10003d76:	3401      	adds	r4, #1
10003d78:	0039      	movs	r1, r7
10003d7a:	2020      	movs	r0, #32
10003d7c:	47b0      	blx	r6
10003d7e:	42ac      	cmp	r4, r5
10003d80:	d1f7      	bne.n	10003d72 <_vsnprintf+0x86e>
10003d82:	4643      	mov	r3, r8
10003d84:	990c      	ldr	r1, [sp, #48]	@ 0x30
10003d86:	3301      	adds	r3, #1
10003d88:	930f      	str	r3, [sp, #60]	@ 0x3c
10003d8a:	780b      	ldrb	r3, [r1, #0]
10003d8c:	0035      	movs	r5, r6
10003d8e:	930c      	str	r3, [sp, #48]	@ 0x30
10003d90:	465e      	mov	r6, fp
10003d92:	46bb      	mov	fp, r7
10003d94:	464f      	mov	r7, r9
10003d96:	2b00      	cmp	r3, #0
10003d98:	d100      	bne.n	10003d9c <_vsnprintf+0x898>
10003d9a:	e50e      	b.n	100037ba <_vsnprintf+0x2b6>
10003d9c:	9b0d      	ldr	r3, [sp, #52]	@ 0x34
10003d9e:	2b00      	cmp	r3, #0
10003da0:	d100      	bne.n	10003da4 <_vsnprintf+0x8a0>
10003da2:	e4f6      	b.n	10003792 <_vsnprintf+0x28e>
10003da4:	2300      	movs	r3, #0
10003da6:	e619      	b.n	100039dc <_vsnprintf+0x4d8>
10003da8:	9b0c      	ldr	r3, [sp, #48]	@ 0x30
10003daa:	781b      	ldrb	r3, [r3, #0]
10003dac:	001a      	movs	r2, r3
10003dae:	e715      	b.n	10003bdc <_vsnprintf+0x6d8>
10003db0:	2310      	movs	r3, #16
10003db2:	439a      	bics	r2, r3
10003db4:	920d      	str	r2, [sp, #52]	@ 0x34
10003db6:	e6ef      	b.n	10003b98 <_vsnprintf+0x694>
10003db8:	9b0c      	ldr	r3, [sp, #48]	@ 0x30
10003dba:	781b      	ldrb	r3, [r3, #0]
10003dbc:	9309      	str	r3, [sp, #36]	@ 0x24
10003dbe:	e661      	b.n	10003a84 <_vsnprintf+0x580>
10003dc0:	2300      	movs	r3, #0
10003dc2:	4699      	mov	r9, r3
10003dc4:	2800      	cmp	r0, #0
10003dc6:	d1aa      	bne.n	10003d1e <_vsnprintf+0x81a>
10003dc8:	2200      	movs	r2, #0
10003dca:	2300      	movs	r3, #0
10003dcc:	9210      	str	r2, [sp, #64]	@ 0x40
10003dce:	9311      	str	r3, [sp, #68]	@ 0x44
10003dd0:	e774      	b.n	10003cbc <_vsnprintf+0x7b8>
10003dd2:	9b0c      	ldr	r3, [sp, #48]	@ 0x30
10003dd4:	0022      	movs	r2, r4
10003dd6:	7818      	ldrb	r0, [r3, #0]
10003dd8:	4659      	mov	r1, fp
10003dda:	003b      	movs	r3, r7
10003ddc:	47a8      	blx	r5
10003dde:	464c      	mov	r4, r9
10003de0:	e58b      	b.n	100038fa <_vsnprintf+0x3f6>
10003de2:	9a0c      	ldr	r2, [sp, #48]	@ 0x30
10003de4:	3bfa      	subs	r3, #250	@ 0xfa
10003de6:	3bff      	subs	r3, #255	@ 0xff
10003de8:	3207      	adds	r2, #7
10003dea:	439a      	bics	r2, r3
10003dec:	3301      	adds	r3, #1
10003dee:	4699      	mov	r9, r3
10003df0:	4491      	add	r9, r2
10003df2:	464b      	mov	r3, r9
10003df4:	930c      	str	r3, [sp, #48]	@ 0x30
10003df6:	6813      	ldr	r3, [r2, #0]
10003df8:	6852      	ldr	r2, [r2, #4]
10003dfa:	9215      	str	r2, [sp, #84]	@ 0x54
10003dfc:	431a      	orrs	r2, r3
10003dfe:	d106      	bne.n	10003e0e <_vsnprintf+0x90a>
10003e00:	3210      	adds	r2, #16
10003e02:	4390      	bics	r0, r2
10003e04:	2200      	movs	r2, #0
10003e06:	9209      	str	r2, [sp, #36]	@ 0x24
10003e08:	2900      	cmp	r1, #0
10003e0a:	d000      	beq.n	10003e0e <_vsnprintf+0x90a>
10003e0c:	e081      	b.n	10003f12 <_vsnprintf+0xa0e>
10003e0e:	2261      	movs	r2, #97	@ 0x61
10003e10:	0681      	lsls	r1, r0, #26
10003e12:	d500      	bpl.n	10003e16 <_vsnprintf+0x912>
10003e14:	2241      	movs	r2, #65	@ 0x41
10003e16:	b2d2      	uxtb	r2, r2
10003e18:	920a      	str	r2, [sp, #40]	@ 0x28
10003e1a:	aa14      	add	r2, sp, #80	@ 0x50
10003e1c:	4691      	mov	r9, r2
10003e1e:	9a0a      	ldr	r2, [sp, #40]	@ 0x28
10003e20:	2100      	movs	r1, #0
10003e22:	3a0a      	subs	r2, #10
10003e24:	9214      	str	r2, [sp, #80]	@ 0x50
10003e26:	4642      	mov	r2, r8
10003e28:	9217      	str	r2, [sp, #92]	@ 0x5c
10003e2a:	4652      	mov	r2, sl
10003e2c:	9218      	str	r2, [sp, #96]	@ 0x60
10003e2e:	465a      	mov	r2, fp
10003e30:	9109      	str	r1, [sp, #36]	@ 0x24
10003e32:	46b3      	mov	fp, r6
10003e34:	311f      	adds	r1, #31
10003e36:	001e      	movs	r6, r3
10003e38:	9b0f      	ldr	r3, [sp, #60]	@ 0x3c
10003e3a:	4449      	add	r1, r9
10003e3c:	46ba      	mov	sl, r7
10003e3e:	9419      	str	r4, [sp, #100]	@ 0x64
10003e40:	951a      	str	r5, [sp, #104]	@ 0x68
10003e42:	2400      	movs	r4, #0
10003e44:	4667      	mov	r7, ip
10003e46:	4698      	mov	r8, r3
10003e48:	4689      	mov	r9, r1
10003e4a:	9d15      	ldr	r5, [sp, #84]	@ 0x54
10003e4c:	9016      	str	r0, [sp, #88]	@ 0x58
10003e4e:	921b      	str	r2, [sp, #108]	@ 0x6c
10003e50:	e00a      	b.n	10003e68 <_vsnprintf+0x964>
10003e52:	3230      	adds	r2, #48	@ 0x30
10003e54:	b2d2      	uxtb	r2, r2
10003e56:	464b      	mov	r3, r9
10003e58:	3401      	adds	r4, #1
10003e5a:	551a      	strb	r2, [r3, r4]
10003e5c:	45a8      	cmp	r8, r5
10003e5e:	d04a      	beq.n	10003ef6 <_vsnprintf+0x9f2>
10003e60:	2c20      	cmp	r4, #32
10003e62:	d04a      	beq.n	10003efa <_vsnprintf+0x9f6>
10003e64:	0006      	movs	r6, r0
10003e66:	000d      	movs	r5, r1
10003e68:	003a      	movs	r2, r7
10003e6a:	2300      	movs	r3, #0
10003e6c:	0030      	movs	r0, r6
10003e6e:	0029      	movs	r1, r5
10003e70:	f7fd fe8c 	bl	10001b8c <__wrap___aeabi_uldivmod>
10003e74:	b2d2      	uxtb	r2, r2
10003e76:	2a09      	cmp	r2, #9
10003e78:	d9eb      	bls.n	10003e52 <_vsnprintf+0x94e>
10003e7a:	9b14      	ldr	r3, [sp, #80]	@ 0x50
10003e7c:	469c      	mov	ip, r3
10003e7e:	4462      	add	r2, ip
10003e80:	b2d2      	uxtb	r2, r2
10003e82:	e7e8      	b.n	10003e56 <_vsnprintf+0x952>
10003e84:	2361      	movs	r3, #97	@ 0x61
10003e86:	0682      	lsls	r2, r0, #26
10003e88:	d500      	bpl.n	10003e8c <_vsnprintf+0x988>
10003e8a:	2341      	movs	r3, #65	@ 0x41
10003e8c:	b2db      	uxtb	r3, r3
10003e8e:	3b0a      	subs	r3, #10
10003e90:	930c      	str	r3, [sp, #48]	@ 0x30
10003e92:	4643      	mov	r3, r8
10003e94:	a914      	add	r1, sp, #80	@ 0x50
10003e96:	221f      	movs	r2, #31
10003e98:	468c      	mov	ip, r1
10003e9a:	9315      	str	r3, [sp, #84]	@ 0x54
10003e9c:	4653      	mov	r3, sl
10003e9e:	4462      	add	r2, ip
10003ea0:	46a0      	mov	r8, r4
10003ea2:	46b2      	mov	sl, r6
10003ea4:	464c      	mov	r4, r9
10003ea6:	9717      	str	r7, [sp, #92]	@ 0x5c
10003ea8:	46a9      	mov	r9, r5
10003eaa:	0017      	movs	r7, r2
10003eac:	9d09      	ldr	r5, [sp, #36]	@ 0x24
10003eae:	9e0d      	ldr	r6, [sp, #52]	@ 0x34
10003eb0:	9014      	str	r0, [sp, #80]	@ 0x50
10003eb2:	9316      	str	r3, [sp, #88]	@ 0x58
10003eb4:	e008      	b.n	10003ec8 <_vsnprintf+0x9c4>
10003eb6:	3330      	adds	r3, #48	@ 0x30
10003eb8:	b2db      	uxtb	r3, r3
10003eba:	3401      	adds	r4, #1
10003ebc:	553b      	strb	r3, [r7, r4]
10003ebe:	42b5      	cmp	r5, r6
10003ec0:	d30e      	bcc.n	10003ee0 <_vsnprintf+0x9dc>
10003ec2:	2c20      	cmp	r4, #32
10003ec4:	d00c      	beq.n	10003ee0 <_vsnprintf+0x9dc>
10003ec6:	0005      	movs	r5, r0
10003ec8:	0031      	movs	r1, r6
10003eca:	0028      	movs	r0, r5
10003ecc:	f7fd fe20 	bl	10001b10 <__wrap___aeabi_uidiv>
10003ed0:	b2cb      	uxtb	r3, r1
10003ed2:	2909      	cmp	r1, #9
10003ed4:	d9ef      	bls.n	10003eb6 <_vsnprintf+0x9b2>
10003ed6:	9a0c      	ldr	r2, [sp, #48]	@ 0x30
10003ed8:	4694      	mov	ip, r2
10003eda:	4463      	add	r3, ip
10003edc:	b2db      	uxtb	r3, r3
10003ede:	e7ec      	b.n	10003eba <_vsnprintf+0x9b6>
10003ee0:	9b15      	ldr	r3, [sp, #84]	@ 0x54
10003ee2:	464d      	mov	r5, r9
10003ee4:	46a1      	mov	r9, r4
10003ee6:	4644      	mov	r4, r8
10003ee8:	4698      	mov	r8, r3
10003eea:	9b16      	ldr	r3, [sp, #88]	@ 0x58
10003eec:	4656      	mov	r6, sl
10003eee:	9814      	ldr	r0, [sp, #80]	@ 0x50
10003ef0:	469a      	mov	sl, r3
10003ef2:	9f17      	ldr	r7, [sp, #92]	@ 0x5c
10003ef4:	e5d0      	b.n	10003a98 <_vsnprintf+0x594>
10003ef6:	42b7      	cmp	r7, r6
10003ef8:	d9b2      	bls.n	10003e60 <_vsnprintf+0x95c>
10003efa:	9b17      	ldr	r3, [sp, #92]	@ 0x5c
10003efc:	4657      	mov	r7, sl
10003efe:	4698      	mov	r8, r3
10003f00:	9b18      	ldr	r3, [sp, #96]	@ 0x60
10003f02:	465e      	mov	r6, fp
10003f04:	469a      	mov	sl, r3
10003f06:	9b1b      	ldr	r3, [sp, #108]	@ 0x6c
10003f08:	9409      	str	r4, [sp, #36]	@ 0x24
10003f0a:	469b      	mov	fp, r3
10003f0c:	9816      	ldr	r0, [sp, #88]	@ 0x58
10003f0e:	9c19      	ldr	r4, [sp, #100]	@ 0x64
10003f10:	9d1a      	ldr	r5, [sp, #104]	@ 0x68
10003f12:	4643      	mov	r3, r8
10003f14:	9305      	str	r3, [sp, #20]
10003f16:	4653      	mov	r3, sl
10003f18:	9304      	str	r3, [sp, #16]
10003f1a:	9b0d      	ldr	r3, [sp, #52]	@ 0x34
10003f1c:	9006      	str	r0, [sp, #24]
10003f1e:	9303      	str	r3, [sp, #12]
10003f20:	2300      	movs	r3, #0
10003f22:	9302      	str	r3, [sp, #8]
10003f24:	9b09      	ldr	r3, [sp, #36]	@ 0x24
10003f26:	e705      	b.n	10003d34 <_vsnprintf+0x830>
10003f28:	9b0f      	ldr	r3, [sp, #60]	@ 0x3c
10003f2a:	4598      	cmp	r8, r3
10003f2c:	d900      	bls.n	10003f30 <_vsnprintf+0xa2c>
10003f2e:	e714      	b.n	10003d5a <_vsnprintf+0x856>
10003f30:	3301      	adds	r3, #1
10003f32:	930f      	str	r3, [sp, #60]	@ 0x3c
10003f34:	e42d      	b.n	10003792 <_vsnprintf+0x28e>
10003f36:	2310      	movs	r3, #16
10003f38:	0011      	movs	r1, r2
10003f3a:	4399      	bics	r1, r3
10003f3c:	910d      	str	r1, [sp, #52]	@ 0x34
10003f3e:	2869      	cmp	r0, #105	@ 0x69
10003f40:	d000      	beq.n	10003f44 <_vsnprintf+0xa40>
10003f42:	e0ba      	b.n	100040ba <_vsnprintf+0xbb6>
10003f44:	2380      	movs	r3, #128	@ 0x80
10003f46:	0010      	movs	r0, r2
10003f48:	00db      	lsls	r3, r3, #3
10003f4a:	4018      	ands	r0, r3
10003f4c:	421a      	tst	r2, r3
10003f4e:	d100      	bne.n	10003f52 <_vsnprintf+0xa4e>
10003f50:	e622      	b.n	10003b98 <_vsnprintf+0x694>
10003f52:	e61d      	b.n	10003b90 <_vsnprintf+0x68c>
10003f54:	9b0c      	ldr	r3, [sp, #48]	@ 0x30
10003f56:	681b      	ldr	r3, [r3, #0]
10003f58:	0fda      	lsrs	r2, r3, #31
10003f5a:	0011      	movs	r1, r2
10003f5c:	2b00      	cmp	r3, #0
10003f5e:	d100      	bne.n	10003f62 <_vsnprintf+0xa5e>
10003f60:	e08c      	b.n	1000407c <_vsnprintf+0xb78>
10003f62:	17da      	asrs	r2, r3, #31
10003f64:	1898      	adds	r0, r3, r2
10003f66:	4050      	eors	r0, r2
10003f68:	aa14      	add	r2, sp, #80	@ 0x50
10003f6a:	4691      	mov	r9, r2
10003f6c:	4642      	mov	r2, r8
10003f6e:	231f      	movs	r3, #31
10003f70:	9214      	str	r2, [sp, #80]	@ 0x50
10003f72:	4652      	mov	r2, sl
10003f74:	444b      	add	r3, r9
10003f76:	46a0      	mov	r8, r4
10003f78:	46a9      	mov	r9, r5
10003f7a:	9716      	str	r7, [sp, #88]	@ 0x58
10003f7c:	0004      	movs	r4, r0
10003f7e:	4665      	mov	r5, ip
10003f80:	46b2      	mov	sl, r6
10003f82:	001f      	movs	r7, r3
10003f84:	910c      	str	r1, [sp, #48]	@ 0x30
10003f86:	9215      	str	r2, [sp, #84]	@ 0x54
10003f88:	e001      	b.n	10003f8e <_vsnprintf+0xa8a>
10003f8a:	2d20      	cmp	r5, #32
10003f8c:	d00f      	beq.n	10003fae <_vsnprintf+0xaaa>
10003f8e:	0020      	movs	r0, r4
10003f90:	210a      	movs	r1, #10
10003f92:	f7fd fdbd 	bl	10001b10 <__wrap___aeabi_uidiv>
10003f96:	3501      	adds	r5, #1
10003f98:	197e      	adds	r6, r7, r5
10003f9a:	3130      	adds	r1, #48	@ 0x30
10003f9c:	7031      	strb	r1, [r6, #0]
10003f9e:	0020      	movs	r0, r4
10003fa0:	210a      	movs	r1, #10
10003fa2:	f7fd fdb5 	bl	10001b10 <__wrap___aeabi_uidiv>
10003fa6:	0026      	movs	r6, r4
10003fa8:	0004      	movs	r4, r0
10003faa:	2e09      	cmp	r6, #9
10003fac:	d8ed      	bhi.n	10003f8a <_vsnprintf+0xa86>
10003fae:	9b14      	ldr	r3, [sp, #80]	@ 0x50
10003fb0:	4644      	mov	r4, r8
10003fb2:	4698      	mov	r8, r3
10003fb4:	9b0c      	ldr	r3, [sp, #48]	@ 0x30
10003fb6:	46ac      	mov	ip, r5
10003fb8:	0019      	movs	r1, r3
10003fba:	9b15      	ldr	r3, [sp, #84]	@ 0x54
10003fbc:	4656      	mov	r6, sl
10003fbe:	464d      	mov	r5, r9
10003fc0:	469a      	mov	sl, r3
10003fc2:	9f16      	ldr	r7, [sp, #88]	@ 0x58
10003fc4:	9b0d      	ldr	r3, [sp, #52]	@ 0x34
10003fc6:	9102      	str	r1, [sp, #8]
10003fc8:	9306      	str	r3, [sp, #24]
10003fca:	4643      	mov	r3, r8
10003fcc:	9305      	str	r3, [sp, #20]
10003fce:	4653      	mov	r3, sl
10003fd0:	9304      	str	r3, [sp, #16]
10003fd2:	230a      	movs	r3, #10
10003fd4:	9303      	str	r3, [sp, #12]
10003fd6:	4663      	mov	r3, ip
10003fd8:	e63c      	b.n	10003c54 <_vsnprintf+0x750>
10003fda:	2800      	cmp	r0, #0
10003fdc:	d000      	beq.n	10003fe0 <_vsnprintf+0xadc>
10003fde:	e62e      	b.n	10003c3e <_vsnprintf+0x73a>
10003fe0:	e602      	b.n	10003be8 <_vsnprintf+0x6e4>
10003fe2:	9b0c      	ldr	r3, [sp, #48]	@ 0x30
10003fe4:	681b      	ldr	r3, [r3, #0]
10003fe6:	4699      	mov	r9, r3
10003fe8:	2b00      	cmp	r3, #0
10003fea:	d103      	bne.n	10003ff4 <_vsnprintf+0xaf0>
10003fec:	3310      	adds	r3, #16
10003fee:	4398      	bics	r0, r3
10003ff0:	2900      	cmp	r1, #0
10003ff2:	d138      	bne.n	10004066 <_vsnprintf+0xb62>
10003ff4:	2361      	movs	r3, #97	@ 0x61
10003ff6:	0682      	lsls	r2, r0, #26
10003ff8:	d500      	bpl.n	10003ffc <_vsnprintf+0xaf8>
10003ffa:	2341      	movs	r3, #65	@ 0x41
10003ffc:	b2db      	uxtb	r3, r3
10003ffe:	3b0a      	subs	r3, #10
10004000:	930c      	str	r3, [sp, #48]	@ 0x30
10004002:	4643      	mov	r3, r8
10004004:	9316      	str	r3, [sp, #88]	@ 0x58
10004006:	4653      	mov	r3, sl
10004008:	a914      	add	r1, sp, #80	@ 0x50
1000400a:	221f      	movs	r2, #31
1000400c:	468c      	mov	ip, r1
1000400e:	9317      	str	r3, [sp, #92]	@ 0x5c
10004010:	002b      	movs	r3, r5
10004012:	4462      	add	r2, ip
10004014:	46a0      	mov	r8, r4
10004016:	464d      	mov	r5, r9
10004018:	46b2      	mov	sl, r6
1000401a:	9718      	str	r7, [sp, #96]	@ 0x60
1000401c:	4699      	mov	r9, r3
1000401e:	0017      	movs	r7, r2
10004020:	9c14      	ldr	r4, [sp, #80]	@ 0x50
10004022:	9e0d      	ldr	r6, [sp, #52]	@ 0x34
10004024:	9015      	str	r0, [sp, #84]	@ 0x54
10004026:	e008      	b.n	1000403a <_vsnprintf+0xb36>
10004028:	3330      	adds	r3, #48	@ 0x30
1000402a:	b2db      	uxtb	r3, r3
1000402c:	3401      	adds	r4, #1
1000402e:	553b      	strb	r3, [r7, r4]
10004030:	42b5      	cmp	r5, r6
10004032:	d30e      	bcc.n	10004052 <_vsnprintf+0xb4e>
10004034:	2c20      	cmp	r4, #32
10004036:	d00c      	beq.n	10004052 <_vsnprintf+0xb4e>
10004038:	0005      	movs	r5, r0
1000403a:	0031      	movs	r1, r6
1000403c:	0028      	movs	r0, r5
1000403e:	f7fd fd67 	bl	10001b10 <__wrap___aeabi_uidiv>
10004042:	b2cb      	uxtb	r3, r1
10004044:	2909      	cmp	r1, #9
10004046:	d9ef      	bls.n	10004028 <_vsnprintf+0xb24>
10004048:	9a0c      	ldr	r2, [sp, #48]	@ 0x30
1000404a:	4694      	mov	ip, r2
1000404c:	4463      	add	r3, ip
1000404e:	b2db      	uxtb	r3, r3
10004050:	e7ec      	b.n	1000402c <_vsnprintf+0xb28>
10004052:	9b16      	ldr	r3, [sp, #88]	@ 0x58
10004054:	9414      	str	r4, [sp, #80]	@ 0x50
10004056:	4644      	mov	r4, r8
10004058:	4698      	mov	r8, r3
1000405a:	9b17      	ldr	r3, [sp, #92]	@ 0x5c
1000405c:	4656      	mov	r6, sl
1000405e:	464d      	mov	r5, r9
10004060:	469a      	mov	sl, r3
10004062:	9815      	ldr	r0, [sp, #84]	@ 0x54
10004064:	9f18      	ldr	r7, [sp, #96]	@ 0x60
10004066:	4643      	mov	r3, r8
10004068:	9305      	str	r3, [sp, #20]
1000406a:	4653      	mov	r3, sl
1000406c:	9304      	str	r3, [sp, #16]
1000406e:	9b0d      	ldr	r3, [sp, #52]	@ 0x34
10004070:	9006      	str	r0, [sp, #24]
10004072:	9303      	str	r3, [sp, #12]
10004074:	2300      	movs	r3, #0
10004076:	9302      	str	r3, [sp, #8]
10004078:	9b14      	ldr	r3, [sp, #80]	@ 0x50
1000407a:	e5eb      	b.n	10003c54 <_vsnprintf+0x750>
1000407c:	2800      	cmp	r0, #0
1000407e:	d1a1      	bne.n	10003fc4 <_vsnprintf+0xac0>
10004080:	e772      	b.n	10003f68 <_vsnprintf+0xa64>
10004082:	9b0c      	ldr	r3, [sp, #48]	@ 0x30
10004084:	681b      	ldr	r3, [r3, #0]
10004086:	17d9      	asrs	r1, r3, #31
10004088:	185a      	adds	r2, r3, r1
1000408a:	404a      	eors	r2, r1
1000408c:	e5a6      	b.n	10003bdc <_vsnprintf+0x6d8>
1000408e:	2380      	movs	r3, #128	@ 0x80
10004090:	0010      	movs	r0, r2
10004092:	00db      	lsls	r3, r3, #3
10004094:	4018      	ands	r0, r3
10004096:	469c      	mov	ip, r3
10004098:	900f      	str	r0, [sp, #60]	@ 0x3c
1000409a:	421a      	tst	r2, r3
1000409c:	d00f      	beq.n	100040be <_vsnprintf+0xbba>
1000409e:	2002      	movs	r0, #2
100040a0:	0003      	movs	r3, r0
100040a2:	4013      	ands	r3, r2
100040a4:	930f      	str	r3, [sp, #60]	@ 0x3c
100040a6:	4210      	tst	r0, r2
100040a8:	d019      	beq.n	100040de <_vsnprintf+0xbda>
100040aa:	2300      	movs	r3, #0
100040ac:	46a1      	mov	r9, r4
100040ae:	930f      	str	r3, [sp, #60]	@ 0x3c
100040b0:	e54c      	b.n	10003b4c <_vsnprintf+0x648>
100040b2:	9b0c      	ldr	r3, [sp, #48]	@ 0x30
100040b4:	681b      	ldr	r3, [r3, #0]
100040b6:	9309      	str	r3, [sp, #36]	@ 0x24
100040b8:	e4e4      	b.n	10003a84 <_vsnprintf+0x580>
100040ba:	000a      	movs	r2, r1
100040bc:	e434      	b.n	10003928 <_vsnprintf+0x424>
100040be:	2302      	movs	r3, #2
100040c0:	0018      	movs	r0, r3
100040c2:	4010      	ands	r0, r2
100040c4:	900d      	str	r0, [sp, #52]	@ 0x34
100040c6:	4213      	tst	r3, r2
100040c8:	d000      	beq.n	100040cc <_vsnprintf+0xbc8>
100040ca:	e53e      	b.n	10003b4a <_vsnprintf+0x646>
100040cc:	4643      	mov	r3, r8
100040ce:	2b00      	cmp	r3, #0
100040d0:	d000      	beq.n	100040d4 <_vsnprintf+0xbd0>
100040d2:	e642      	b.n	10003d5a <_vsnprintf+0x856>
100040d4:	f7ff fb71 	bl	100037ba <_vsnprintf+0x2b6>
100040d8:	3301      	adds	r3, #1
100040da:	930f      	str	r3, [sp, #60]	@ 0x3c
100040dc:	e47f      	b.n	100039de <_vsnprintf+0x4da>
100040de:	4663      	mov	r3, ip
100040e0:	930d      	str	r3, [sp, #52]	@ 0x34
100040e2:	e7f3      	b.n	100040cc <_vsnprintf+0xbc8>

100040e4 <vfctprintf>:
100040e4:	b510      	push	{r4, lr}
100040e6:	000c      	movs	r4, r1
100040e8:	b084      	sub	sp, #16
100040ea:	9403      	str	r4, [sp, #12]
100040ec:	2401      	movs	r4, #1
100040ee:	a902      	add	r1, sp, #8
100040f0:	9002      	str	r0, [sp, #8]
100040f2:	9300      	str	r3, [sp, #0]
100040f4:	4803      	ldr	r0, [pc, #12]	@ (10004104 <vfctprintf+0x20>)
100040f6:	0013      	movs	r3, r2
100040f8:	4262      	negs	r2, r4
100040fa:	f7ff fa03 	bl	10003504 <_vsnprintf>
100040fe:	b004      	add	sp, #16
10004100:	bd10      	pop	{r4, pc}
10004102:	46c0      	nop			@ (mov r8, r8)
10004104:	10002ad1 	.word	0x10002ad1

10004108 <weak_raw_vprintf>:
10004108:	b510      	push	{r4, lr}
1000410a:	4a09      	ldr	r2, [pc, #36]	@ (10004130 <weak_raw_vprintf+0x28>)
1000410c:	0003      	movs	r3, r0
1000410e:	6814      	ldr	r4, [r2, #0]
10004110:	b084      	sub	sp, #16
10004112:	2c00      	cmp	r4, #0
10004114:	d008      	beq.n	10004128 <weak_raw_vprintf+0x20>
10004116:	2201      	movs	r2, #1
10004118:	9100      	str	r1, [sp, #0]
1000411a:	4806      	ldr	r0, [pc, #24]	@ (10004134 <weak_raw_vprintf+0x2c>)
1000411c:	4252      	negs	r2, r2
1000411e:	a903      	add	r1, sp, #12
10004120:	47a0      	blx	r4
10004122:	2001      	movs	r0, #1
10004124:	b004      	add	sp, #16
10004126:	bd10      	pop	{r4, pc}
10004128:	f000 fa6a 	bl	10004600 <__wrap_puts>
1000412c:	2000      	movs	r0, #0
1000412e:	e7f9      	b.n	10004124 <weak_raw_vprintf+0x1c>
10004130:	20002724 	.word	0x20002724
10004134:	10002ac1 	.word	0x10002ac1

10004138 <_exit>:
10004138:	be00      	bkpt	0x0000
1000413a:	e7fd      	b.n	10004138 <_exit>

1000413c <_sbrk>:
1000413c:	4a09      	ldr	r2, [pc, #36]	@ (10004164 <_sbrk+0x28>)
1000413e:	0003      	movs	r3, r0
10004140:	6810      	ldr	r0, [r2, #0]
10004142:	2800      	cmp	r0, #0
10004144:	d005      	beq.n	10004152 <_sbrk+0x16>
10004146:	4908      	ldr	r1, [pc, #32]	@ (10004168 <_sbrk+0x2c>)
10004148:	18c3      	adds	r3, r0, r3
1000414a:	428b      	cmp	r3, r1
1000414c:	d807      	bhi.n	1000415e <_sbrk+0x22>
1000414e:	6013      	str	r3, [r2, #0]
10004150:	4770      	bx	lr
10004152:	4806      	ldr	r0, [pc, #24]	@ (1000416c <_sbrk+0x30>)
10004154:	4904      	ldr	r1, [pc, #16]	@ (10004168 <_sbrk+0x2c>)
10004156:	18c3      	adds	r3, r0, r3
10004158:	6010      	str	r0, [r2, #0]
1000415a:	428b      	cmp	r3, r1
1000415c:	d9f7      	bls.n	1000414e <_sbrk+0x12>
1000415e:	2001      	movs	r0, #1
10004160:	4240      	negs	r0, r0
10004162:	e7f5      	b.n	10004150 <_sbrk+0x14>
10004164:	20002320 	.word	0x20002320
10004168:	20040000 	.word	0x20040000
1000416c:	20002798 	.word	0x20002798

10004170 <_read>:
10004170:	0003      	movs	r3, r0
10004172:	b510      	push	{r4, lr}
10004174:	0008      	movs	r0, r1
10004176:	0011      	movs	r1, r2
10004178:	2b00      	cmp	r3, #0
1000417a:	d105      	bne.n	10004188 <_read+0x18>
1000417c:	4b04      	ldr	r3, [pc, #16]	@ (10004190 <_read+0x20>)
1000417e:	681a      	ldr	r2, [r3, #0]
10004180:	685b      	ldr	r3, [r3, #4]
10004182:	f000 f94b 	bl	1000441c <stdio_get_until>
10004186:	bd10      	pop	{r4, pc}
10004188:	2001      	movs	r0, #1
1000418a:	4240      	negs	r0, r0
1000418c:	e7fb      	b.n	10004186 <_read+0x16>
1000418e:	46c0      	nop			@ (mov r8, r8)
10004190:	10008a40 	.word	0x10008a40

10004194 <_write>:
10004194:	0003      	movs	r3, r0
10004196:	3b01      	subs	r3, #1
10004198:	b510      	push	{r4, lr}
1000419a:	0008      	movs	r0, r1
1000419c:	0014      	movs	r4, r2
1000419e:	2b01      	cmp	r3, #1
100041a0:	d806      	bhi.n	100041b0 <_write+0x1c>
100041a2:	2301      	movs	r3, #1
100041a4:	2200      	movs	r2, #0
100041a6:	0021      	movs	r1, r4
100041a8:	f000 f8ba 	bl	10004320 <stdio_put_string>
100041ac:	0020      	movs	r0, r4
100041ae:	bd10      	pop	{r4, pc}
100041b0:	2001      	movs	r0, #1
100041b2:	4240      	negs	r0, r0
100041b4:	e7fb      	b.n	100041ae <_write+0x1a>
100041b6:	46c0      	nop			@ (mov r8, r8)

100041b8 <_close>:
100041b8:	2001      	movs	r0, #1
100041ba:	4240      	negs	r0, r0
100041bc:	4770      	bx	lr
100041be:	46c0      	nop			@ (mov r8, r8)

100041c0 <_lseek>:
100041c0:	2001      	movs	r0, #1
100041c2:	4240      	negs	r0, r0
100041c4:	4770      	bx	lr
100041c6:	46c0      	nop			@ (mov r8, r8)

100041c8 <exit>:
100041c8:	b510      	push	{r4, lr}
100041ca:	f7ff ffb5 	bl	10004138 <_exit>
100041ce:	46c0      	nop			@ (mov r8, r8)

100041d0 <runtime_init>:
100041d0:	b570      	push	{r4, r5, r6, lr}
100041d2:	f7fd fb51 	bl	10001878 <runtime_run_initializers>
100041d6:	4d07      	ldr	r5, [pc, #28]	@ (100041f4 <runtime_init+0x24>)
100041d8:	4e07      	ldr	r6, [pc, #28]	@ (100041f8 <runtime_init+0x28>)
100041da:	42b5      	cmp	r5, r6
100041dc:	d209      	bcs.n	100041f2 <runtime_init+0x22>
100041de:	2400      	movs	r4, #0
100041e0:	3e01      	subs	r6, #1
100041e2:	1b76      	subs	r6, r6, r5
100041e4:	08b6      	lsrs	r6, r6, #2
100041e6:	cd08      	ldmia	r5!, {r3}
100041e8:	4798      	blx	r3
100041ea:	0023      	movs	r3, r4
100041ec:	3401      	adds	r4, #1
100041ee:	42b3      	cmp	r3, r6
100041f0:	d1f9      	bne.n	100041e6 <runtime_init+0x16>
100041f2:	bd70      	pop	{r4, r5, r6, pc}
100041f4:	1000872c 	.word	0x1000872c
100041f8:	10008734 	.word	0x10008734

100041fc <stdio_out_chars_no_crlf>:
100041fc:	0003      	movs	r3, r0
100041fe:	b510      	push	{r4, lr}
10004200:	0008      	movs	r0, r1
10004202:	0011      	movs	r1, r2
10004204:	681b      	ldr	r3, [r3, #0]
10004206:	4798      	blx	r3
10004208:	bd10      	pop	{r4, pc}
1000420a:	46c0      	nop			@ (mov r8, r8)

1000420c <stdio_out_chars_crlf>:
1000420c:	b5f0      	push	{r4, r5, r6, r7, lr}
1000420e:	46c6      	mov	lr, r8
10004210:	b500      	push	{lr}
10004212:	7d43      	ldrb	r3, [r0, #21]
10004214:	0007      	movs	r7, r0
10004216:	000c      	movs	r4, r1
10004218:	0016      	movs	r6, r2
1000421a:	2b00      	cmp	r3, #0
1000421c:	d046      	beq.n	100042ac <stdio_out_chars_crlf+0xa0>
1000421e:	2a00      	cmp	r2, #0
10004220:	dd17      	ble.n	10004252 <stdio_out_chars_crlf+0x46>
10004222:	780b      	ldrb	r3, [r1, #0]
10004224:	2b0a      	cmp	r3, #10
10004226:	d024      	beq.n	10004272 <stdio_out_chars_crlf+0x66>
10004228:	2300      	movs	r3, #0
1000422a:	4698      	mov	r8, r3
1000422c:	2e01      	cmp	r6, #1
1000422e:	d013      	beq.n	10004258 <stdio_out_chars_crlf+0x4c>
10004230:	2501      	movs	r5, #1
10004232:	0029      	movs	r1, r5
10004234:	5c63      	ldrb	r3, [r4, r1]
10004236:	3501      	adds	r5, #1
10004238:	2b0a      	cmp	r3, #10
1000423a:	d026      	beq.n	1000428a <stdio_out_chars_crlf+0x7e>
1000423c:	42b5      	cmp	r5, r6
1000423e:	d1f8      	bne.n	10004232 <stdio_out_chars_crlf+0x26>
10004240:	4546      	cmp	r6, r8
10004242:	dc09      	bgt.n	10004258 <stdio_out_chars_crlf+0x4c>
10004244:	19a4      	adds	r4, r4, r6
10004246:	3c01      	subs	r4, #1
10004248:	7823      	ldrb	r3, [r4, #0]
1000424a:	3b0d      	subs	r3, #13
1000424c:	425a      	negs	r2, r3
1000424e:	4153      	adcs	r3, r2
10004250:	753b      	strb	r3, [r7, #20]
10004252:	bc80      	pop	{r7}
10004254:	46b8      	mov	r8, r7
10004256:	bdf0      	pop	{r4, r5, r6, r7, pc}
10004258:	4643      	mov	r3, r8
1000425a:	18e0      	adds	r0, r4, r3
1000425c:	19a4      	adds	r4, r4, r6
1000425e:	1af1      	subs	r1, r6, r3
10004260:	3c01      	subs	r4, #1
10004262:	683b      	ldr	r3, [r7, #0]
10004264:	4798      	blx	r3
10004266:	7823      	ldrb	r3, [r4, #0]
10004268:	3b0d      	subs	r3, #13
1000426a:	425a      	negs	r2, r3
1000426c:	4153      	adcs	r3, r2
1000426e:	753b      	strb	r3, [r7, #20]
10004270:	e7ef      	b.n	10004252 <stdio_out_chars_crlf+0x46>
10004272:	7d03      	ldrb	r3, [r0, #20]
10004274:	2b00      	cmp	r3, #0
10004276:	d1d7      	bne.n	10004228 <stdio_out_chars_crlf+0x1c>
10004278:	2102      	movs	r1, #2
1000427a:	480f      	ldr	r0, [pc, #60]	@ (100042b8 <stdio_out_chars_crlf+0xac>)
1000427c:	683b      	ldr	r3, [r7, #0]
1000427e:	4798      	blx	r3
10004280:	2e01      	cmp	r6, #1
10004282:	d0df      	beq.n	10004244 <stdio_out_chars_crlf+0x38>
10004284:	2301      	movs	r3, #1
10004286:	4698      	mov	r8, r3
10004288:	e7d2      	b.n	10004230 <stdio_out_chars_crlf+0x24>
1000428a:	1e63      	subs	r3, r4, #1
1000428c:	5c5b      	ldrb	r3, [r3, r1]
1000428e:	2b0d      	cmp	r3, #13
10004290:	d0d4      	beq.n	1000423c <stdio_out_chars_crlf+0x30>
10004292:	4588      	cmp	r8, r1
10004294:	da04      	bge.n	100042a0 <stdio_out_chars_crlf+0x94>
10004296:	4643      	mov	r3, r8
10004298:	1ac9      	subs	r1, r1, r3
1000429a:	18e0      	adds	r0, r4, r3
1000429c:	683b      	ldr	r3, [r7, #0]
1000429e:	4798      	blx	r3
100042a0:	2102      	movs	r1, #2
100042a2:	4805      	ldr	r0, [pc, #20]	@ (100042b8 <stdio_out_chars_crlf+0xac>)
100042a4:	683b      	ldr	r3, [r7, #0]
100042a6:	46a8      	mov	r8, r5
100042a8:	4798      	blx	r3
100042aa:	e7c7      	b.n	1000423c <stdio_out_chars_crlf+0x30>
100042ac:	6803      	ldr	r3, [r0, #0]
100042ae:	0011      	movs	r1, r2
100042b0:	0020      	movs	r0, r4
100042b2:	4798      	blx	r3
100042b4:	e7cd      	b.n	10004252 <stdio_out_chars_crlf+0x46>
100042b6:	46c0      	nop			@ (mov r8, r8)
100042b8:	10008c98 	.word	0x10008c98

100042bc <stdio_buffered_printer>:
100042bc:	b5f0      	push	{r4, r5, r6, r7, lr}
100042be:	46c6      	mov	lr, r8
100042c0:	680b      	ldr	r3, [r1, #0]
100042c2:	0006      	movs	r6, r0
100042c4:	000c      	movs	r4, r1
100042c6:	b500      	push	{lr}
100042c8:	2b80      	cmp	r3, #128	@ 0x80
100042ca:	d006      	beq.n	100042da <stdio_buffered_printer+0x1e>
100042cc:	1c5a      	adds	r2, r3, #1
100042ce:	6022      	str	r2, [r4, #0]
100042d0:	18e4      	adds	r4, r4, r3
100042d2:	7126      	strb	r6, [r4, #4]
100042d4:	bc80      	pop	{r7}
100042d6:	46b8      	mov	r8, r7
100042d8:	bdf0      	pop	{r4, r5, r6, r7, pc}
100042da:	4b0f      	ldr	r3, [pc, #60]	@ (10004318 <stdio_buffered_printer+0x5c>)
100042dc:	681d      	ldr	r5, [r3, #0]
100042de:	2d00      	cmp	r5, #0
100042e0:	d016      	beq.n	10004310 <stdio_buffered_printer+0x54>
100042e2:	1d0b      	adds	r3, r1, #4
100042e4:	4698      	mov	r8, r3
100042e6:	4f0d      	ldr	r7, [pc, #52]	@ (1000431c <stdio_buffered_printer+0x60>)
100042e8:	e002      	b.n	100042f0 <stdio_buffered_printer+0x34>
100042ea:	692d      	ldr	r5, [r5, #16]
100042ec:	2d00      	cmp	r5, #0
100042ee:	d00f      	beq.n	10004310 <stdio_buffered_printer+0x54>
100042f0:	682b      	ldr	r3, [r5, #0]
100042f2:	2b00      	cmp	r3, #0
100042f4:	d0f9      	beq.n	100042ea <stdio_buffered_printer+0x2e>
100042f6:	683b      	ldr	r3, [r7, #0]
100042f8:	2b00      	cmp	r3, #0
100042fa:	d001      	beq.n	10004300 <stdio_buffered_printer+0x44>
100042fc:	42ab      	cmp	r3, r5
100042fe:	d1f4      	bne.n	100042ea <stdio_buffered_printer+0x2e>
10004300:	0028      	movs	r0, r5
10004302:	4641      	mov	r1, r8
10004304:	6822      	ldr	r2, [r4, #0]
10004306:	f7ff ff81 	bl	1000420c <stdio_out_chars_crlf>
1000430a:	692d      	ldr	r5, [r5, #16]
1000430c:	2d00      	cmp	r5, #0
1000430e:	d1ef      	bne.n	100042f0 <stdio_buffered_printer+0x34>
10004310:	2201      	movs	r2, #1
10004312:	2300      	movs	r3, #0
10004314:	e7db      	b.n	100042ce <stdio_buffered_printer+0x12>
10004316:	46c0      	nop			@ (mov r8, r8)
10004318:	20002310 	.word	0x20002310
1000431c:	2000231c 	.word	0x2000231c

10004320 <stdio_put_string>:
10004320:	b5f0      	push	{r4, r5, r6, r7, lr}
10004322:	4645      	mov	r5, r8
10004324:	46de      	mov	lr, fp
10004326:	464e      	mov	r6, r9
10004328:	4657      	mov	r7, sl
1000432a:	b5e0      	push	{r5, r6, r7, lr}
1000432c:	b083      	sub	sp, #12
1000432e:	4691      	mov	r9, r2
10004330:	001c      	movs	r4, r3
10004332:	4680      	mov	r8, r0
10004334:	000d      	movs	r5, r1
10004336:	f7fc ff5b 	bl	100011f0 <time_us_64>
1000433a:	2300      	movs	r3, #0
1000433c:	4a30      	ldr	r2, [pc, #192]	@ (10004400 <stdio_put_string+0xe0>)
1000433e:	1812      	adds	r2, r2, r0
10004340:	414b      	adcs	r3, r1
10004342:	2b00      	cmp	r3, #0
10004344:	da02      	bge.n	1000434c <stdio_put_string+0x2c>
10004346:	2201      	movs	r2, #1
10004348:	4b2e      	ldr	r3, [pc, #184]	@ (10004404 <stdio_put_string+0xe4>)
1000434a:	4252      	negs	r2, r2
1000434c:	492e      	ldr	r1, [pc, #184]	@ (10004408 <stdio_put_string+0xe8>)
1000434e:	0008      	movs	r0, r1
10004350:	468a      	mov	sl, r1
10004352:	f004 f9a5 	bl	100086a0 <__mutex_try_enter_block_until_veneer>
10004356:	0007      	movs	r7, r0
10004358:	1c6b      	adds	r3, r5, #1
1000435a:	d103      	bne.n	10004364 <stdio_put_string+0x44>
1000435c:	4640      	mov	r0, r8
1000435e:	f003 fead 	bl	100080bc <strlen>
10004362:	0005      	movs	r5, r0
10004364:	2c00      	cmp	r4, #0
10004366:	d027      	beq.n	100043b8 <stdio_put_string+0x98>
10004368:	4e28      	ldr	r6, [pc, #160]	@ (1000440c <stdio_put_string+0xec>)
1000436a:	4b29      	ldr	r3, [pc, #164]	@ (10004410 <stdio_put_string+0xf0>)
1000436c:	681c      	ldr	r4, [r3, #0]
1000436e:	2c00      	cmp	r4, #0
10004370:	d018      	beq.n	100043a4 <stdio_put_string+0x84>
10004372:	464b      	mov	r3, r9
10004374:	2b00      	cmp	r3, #0
10004376:	d121      	bne.n	100043bc <stdio_put_string+0x9c>
10004378:	4b26      	ldr	r3, [pc, #152]	@ (10004414 <stdio_put_string+0xf4>)
1000437a:	4699      	mov	r9, r3
1000437c:	e002      	b.n	10004384 <stdio_put_string+0x64>
1000437e:	6924      	ldr	r4, [r4, #16]
10004380:	2c00      	cmp	r4, #0
10004382:	d00f      	beq.n	100043a4 <stdio_put_string+0x84>
10004384:	6823      	ldr	r3, [r4, #0]
10004386:	2b00      	cmp	r3, #0
10004388:	d0f9      	beq.n	1000437e <stdio_put_string+0x5e>
1000438a:	464b      	mov	r3, r9
1000438c:	681b      	ldr	r3, [r3, #0]
1000438e:	2b00      	cmp	r3, #0
10004390:	d001      	beq.n	10004396 <stdio_put_string+0x76>
10004392:	429c      	cmp	r4, r3
10004394:	d1f3      	bne.n	1000437e <stdio_put_string+0x5e>
10004396:	0020      	movs	r0, r4
10004398:	002a      	movs	r2, r5
1000439a:	4641      	mov	r1, r8
1000439c:	47b0      	blx	r6
1000439e:	6924      	ldr	r4, [r4, #16]
100043a0:	2c00      	cmp	r4, #0
100043a2:	d1ef      	bne.n	10004384 <stdio_put_string+0x64>
100043a4:	2f00      	cmp	r7, #0
100043a6:	d126      	bne.n	100043f6 <stdio_put_string+0xd6>
100043a8:	0028      	movs	r0, r5
100043aa:	b003      	add	sp, #12
100043ac:	bcf0      	pop	{r4, r5, r6, r7}
100043ae:	46bb      	mov	fp, r7
100043b0:	46b2      	mov	sl, r6
100043b2:	46a9      	mov	r9, r5
100043b4:	46a0      	mov	r8, r4
100043b6:	bdf0      	pop	{r4, r5, r6, r7, pc}
100043b8:	4e17      	ldr	r6, [pc, #92]	@ (10004418 <stdio_put_string+0xf8>)
100043ba:	e7d6      	b.n	1000436a <stdio_put_string+0x4a>
100043bc:	4b15      	ldr	r3, [pc, #84]	@ (10004414 <stdio_put_string+0xf4>)
100043be:	4699      	mov	r9, r3
100043c0:	230a      	movs	r3, #10
100043c2:	469b      	mov	fp, r3
100043c4:	e002      	b.n	100043cc <stdio_put_string+0xac>
100043c6:	6924      	ldr	r4, [r4, #16]
100043c8:	2c00      	cmp	r4, #0
100043ca:	d0eb      	beq.n	100043a4 <stdio_put_string+0x84>
100043cc:	6823      	ldr	r3, [r4, #0]
100043ce:	2b00      	cmp	r3, #0
100043d0:	d0f9      	beq.n	100043c6 <stdio_put_string+0xa6>
100043d2:	464b      	mov	r3, r9
100043d4:	681b      	ldr	r3, [r3, #0]
100043d6:	2b00      	cmp	r3, #0
100043d8:	d001      	beq.n	100043de <stdio_put_string+0xbe>
100043da:	42a3      	cmp	r3, r4
100043dc:	d1f3      	bne.n	100043c6 <stdio_put_string+0xa6>
100043de:	002a      	movs	r2, r5
100043e0:	4641      	mov	r1, r8
100043e2:	0020      	movs	r0, r4
100043e4:	47b0      	blx	r6
100043e6:	466b      	mov	r3, sp
100043e8:	465a      	mov	r2, fp
100043ea:	0020      	movs	r0, r4
100043ec:	71da      	strb	r2, [r3, #7]
100043ee:	1dd9      	adds	r1, r3, #7
100043f0:	2201      	movs	r2, #1
100043f2:	47b0      	blx	r6
100043f4:	e7e7      	b.n	100043c6 <stdio_put_string+0xa6>
100043f6:	4650      	mov	r0, sl
100043f8:	f004 f922 	bl	10008640 <__mutex_exit_veneer>
100043fc:	e7d4      	b.n	100043a8 <stdio_put_string+0x88>
100043fe:	46c0      	nop			@ (mov r8, r8)
10004400:	000f4240 	.word	0x000f4240
10004404:	7fffffff 	.word	0x7fffffff
10004408:	20001718 	.word	0x20001718
1000440c:	1000420d 	.word	0x1000420d
10004410:	20002310 	.word	0x20002310
10004414:	2000231c 	.word	0x2000231c
10004418:	100041fd 	.word	0x100041fd

1000441c <stdio_get_until>:
1000441c:	b5f8      	push	{r3, r4, r5, r6, r7, lr}
1000441e:	4657      	mov	r7, sl
10004420:	464e      	mov	r6, r9
10004422:	4645      	mov	r5, r8
10004424:	46de      	mov	lr, fp
10004426:	4698      	mov	r8, r3
10004428:	4b1a      	ldr	r3, [pc, #104]	@ (10004494 <stdio_get_until+0x78>)
1000442a:	b5e0      	push	{r5, r6, r7, lr}
1000442c:	469b      	mov	fp, r3
1000442e:	4b1a      	ldr	r3, [pc, #104]	@ (10004498 <stdio_get_until+0x7c>)
10004430:	0007      	movs	r7, r0
10004432:	000e      	movs	r6, r1
10004434:	4691      	mov	r9, r2
10004436:	469a      	mov	sl, r3
10004438:	4d18      	ldr	r5, [pc, #96]	@ (1000449c <stdio_get_until+0x80>)
1000443a:	465b      	mov	r3, fp
1000443c:	681c      	ldr	r4, [r3, #0]
1000443e:	2c00      	cmp	r4, #0
10004440:	d103      	bne.n	1000444a <stdio_get_until+0x2e>
10004442:	e015      	b.n	10004470 <stdio_get_until+0x54>
10004444:	6924      	ldr	r4, [r4, #16]
10004446:	2c00      	cmp	r4, #0
10004448:	d012      	beq.n	10004470 <stdio_get_until+0x54>
1000444a:	682b      	ldr	r3, [r5, #0]
1000444c:	2b00      	cmp	r3, #0
1000444e:	d001      	beq.n	10004454 <stdio_get_until+0x38>
10004450:	42a3      	cmp	r3, r4
10004452:	d1f7      	bne.n	10004444 <stdio_get_until+0x28>
10004454:	68a3      	ldr	r3, [r4, #8]
10004456:	2b00      	cmp	r3, #0
10004458:	d0f4      	beq.n	10004444 <stdio_get_until+0x28>
1000445a:	0031      	movs	r1, r6
1000445c:	0038      	movs	r0, r7
1000445e:	4798      	blx	r3
10004460:	2800      	cmp	r0, #0
10004462:	ddef      	ble.n	10004444 <stdio_get_until+0x28>
10004464:	bcf0      	pop	{r4, r5, r6, r7}
10004466:	46bb      	mov	fp, r7
10004468:	46b2      	mov	sl, r6
1000446a:	46a9      	mov	r9, r5
1000446c:	46a0      	mov	r8, r4
1000446e:	bdf8      	pop	{r3, r4, r5, r6, r7, pc}
10004470:	4653      	mov	r3, sl
10004472:	6a5b      	ldr	r3, [r3, #36]	@ 0x24
10004474:	4598      	cmp	r8, r3
10004476:	d808      	bhi.n	1000448a <stdio_get_until+0x6e>
10004478:	4652      	mov	r2, sl
1000447a:	6a92      	ldr	r2, [r2, #40]	@ 0x28
1000447c:	454a      	cmp	r2, r9
1000447e:	d302      	bcc.n	10004486 <stdio_get_until+0x6a>
10004480:	2002      	movs	r0, #2
10004482:	4240      	negs	r0, r0
10004484:	e7ee      	b.n	10004464 <stdio_get_until+0x48>
10004486:	4598      	cmp	r8, r3
10004488:	d1fa      	bne.n	10004480 <stdio_get_until+0x64>
1000448a:	2001      	movs	r0, #1
1000448c:	2100      	movs	r1, #0
1000448e:	f7fc feb9 	bl	10001204 <busy_wait_us>
10004492:	e7d2      	b.n	1000443a <stdio_get_until+0x1e>
10004494:	20002310 	.word	0x20002310
10004498:	40054000 	.word	0x40054000
1000449c:	2000231c 	.word	0x2000231c

100044a0 <stdio_putchar_raw>:
100044a0:	b5f0      	push	{r4, r5, r6, r7, lr}
100044a2:	46ce      	mov	lr, r9
100044a4:	4647      	mov	r7, r8
100044a6:	b580      	push	{r7, lr}
100044a8:	b083      	sub	sp, #12
100044aa:	466b      	mov	r3, sp
100044ac:	0006      	movs	r6, r0
100044ae:	1ddd      	adds	r5, r3, #7
100044b0:	7028      	strb	r0, [r5, #0]
100044b2:	f7fc fe9d 	bl	100011f0 <time_us_64>
100044b6:	2300      	movs	r3, #0
100044b8:	4a19      	ldr	r2, [pc, #100]	@ (10004520 <stdio_putchar_raw+0x80>)
100044ba:	1812      	adds	r2, r2, r0
100044bc:	414b      	adcs	r3, r1
100044be:	2b00      	cmp	r3, #0
100044c0:	da02      	bge.n	100044c8 <stdio_putchar_raw+0x28>
100044c2:	2201      	movs	r2, #1
100044c4:	4b17      	ldr	r3, [pc, #92]	@ (10004524 <stdio_putchar_raw+0x84>)
100044c6:	4252      	negs	r2, r2
100044c8:	4917      	ldr	r1, [pc, #92]	@ (10004528 <stdio_putchar_raw+0x88>)
100044ca:	0008      	movs	r0, r1
100044cc:	4688      	mov	r8, r1
100044ce:	f004 f8e7 	bl	100086a0 <__mutex_try_enter_block_until_veneer>
100044d2:	4b16      	ldr	r3, [pc, #88]	@ (1000452c <stdio_putchar_raw+0x8c>)
100044d4:	4681      	mov	r9, r0
100044d6:	681c      	ldr	r4, [r3, #0]
100044d8:	2c00      	cmp	r4, #0
100044da:	d014      	beq.n	10004506 <stdio_putchar_raw+0x66>
100044dc:	4f14      	ldr	r7, [pc, #80]	@ (10004530 <stdio_putchar_raw+0x90>)
100044de:	e002      	b.n	100044e6 <stdio_putchar_raw+0x46>
100044e0:	6924      	ldr	r4, [r4, #16]
100044e2:	2c00      	cmp	r4, #0
100044e4:	d00f      	beq.n	10004506 <stdio_putchar_raw+0x66>
100044e6:	6823      	ldr	r3, [r4, #0]
100044e8:	2b00      	cmp	r3, #0
100044ea:	d0f9      	beq.n	100044e0 <stdio_putchar_raw+0x40>
100044ec:	683b      	ldr	r3, [r7, #0]
100044ee:	2b00      	cmp	r3, #0
100044f0:	d001      	beq.n	100044f6 <stdio_putchar_raw+0x56>
100044f2:	429c      	cmp	r4, r3
100044f4:	d1f4      	bne.n	100044e0 <stdio_putchar_raw+0x40>
100044f6:	0020      	movs	r0, r4
100044f8:	2201      	movs	r2, #1
100044fa:	0029      	movs	r1, r5
100044fc:	f7ff fe7e 	bl	100041fc <stdio_out_chars_no_crlf>
10004500:	6924      	ldr	r4, [r4, #16]
10004502:	2c00      	cmp	r4, #0
10004504:	d1ef      	bne.n	100044e6 <stdio_putchar_raw+0x46>
10004506:	464b      	mov	r3, r9
10004508:	2b00      	cmp	r3, #0
1000450a:	d105      	bne.n	10004518 <stdio_putchar_raw+0x78>
1000450c:	0030      	movs	r0, r6
1000450e:	b003      	add	sp, #12
10004510:	bcc0      	pop	{r6, r7}
10004512:	46b9      	mov	r9, r7
10004514:	46b0      	mov	r8, r6
10004516:	bdf0      	pop	{r4, r5, r6, r7, pc}
10004518:	4640      	mov	r0, r8
1000451a:	f004 f891 	bl	10008640 <__mutex_exit_veneer>
1000451e:	e7f5      	b.n	1000450c <stdio_putchar_raw+0x6c>
10004520:	000f4240 	.word	0x000f4240
10004524:	7fffffff 	.word	0x7fffffff
10004528:	20001718 	.word	0x20001718
1000452c:	20002310 	.word	0x20002310
10004530:	2000231c 	.word	0x2000231c

10004534 <stdio_set_driver_enabled>:
10004534:	4a0a      	ldr	r2, [pc, #40]	@ (10004560 <stdio_set_driver_enabled+0x2c>)
10004536:	6813      	ldr	r3, [r2, #0]
10004538:	2b00      	cmp	r3, #0
1000453a:	d105      	bne.n	10004548 <stdio_set_driver_enabled+0x14>
1000453c:	e00c      	b.n	10004558 <stdio_set_driver_enabled+0x24>
1000453e:	001a      	movs	r2, r3
10004540:	691b      	ldr	r3, [r3, #16]
10004542:	3210      	adds	r2, #16
10004544:	2b00      	cmp	r3, #0
10004546:	d007      	beq.n	10004558 <stdio_set_driver_enabled+0x24>
10004548:	4283      	cmp	r3, r0
1000454a:	d1f8      	bne.n	1000453e <stdio_set_driver_enabled+0xa>
1000454c:	2900      	cmp	r1, #0
1000454e:	d102      	bne.n	10004556 <stdio_set_driver_enabled+0x22>
10004550:	6918      	ldr	r0, [r3, #16]
10004552:	6010      	str	r0, [r2, #0]
10004554:	6119      	str	r1, [r3, #16]
10004556:	4770      	bx	lr
10004558:	2900      	cmp	r1, #0
1000455a:	d0fc      	beq.n	10004556 <stdio_set_driver_enabled+0x22>
1000455c:	6010      	str	r0, [r2, #0]
1000455e:	e7fa      	b.n	10004556 <stdio_set_driver_enabled+0x22>
10004560:	20002310 	.word	0x20002310

10004564 <stdio_init_all>:
10004564:	b510      	push	{r4, lr}
10004566:	f000 faf1 	bl	10004b4c <stdio_usb_init>
1000456a:	bd10      	pop	{r4, pc}

1000456c <__wrap_putchar>:
1000456c:	b5f0      	push	{r4, r5, r6, r7, lr}
1000456e:	46ce      	mov	lr, r9
10004570:	4647      	mov	r7, r8
10004572:	b580      	push	{r7, lr}
10004574:	b083      	sub	sp, #12
10004576:	466b      	mov	r3, sp
10004578:	0006      	movs	r6, r0
1000457a:	1ddd      	adds	r5, r3, #7
1000457c:	7028      	strb	r0, [r5, #0]
1000457e:	f7fc fe37 	bl	100011f0 <time_us_64>
10004582:	2300      	movs	r3, #0
10004584:	4a19      	ldr	r2, [pc, #100]	@ (100045ec <__wrap_putchar+0x80>)
10004586:	1812      	adds	r2, r2, r0
10004588:	414b      	adcs	r3, r1
1000458a:	2b00      	cmp	r3, #0
1000458c:	da02      	bge.n	10004594 <__wrap_putchar+0x28>
1000458e:	2201      	movs	r2, #1
10004590:	4b17      	ldr	r3, [pc, #92]	@ (100045f0 <__wrap_putchar+0x84>)
10004592:	4252      	negs	r2, r2
10004594:	4917      	ldr	r1, [pc, #92]	@ (100045f4 <__wrap_putchar+0x88>)
10004596:	0008      	movs	r0, r1
10004598:	4688      	mov	r8, r1
1000459a:	f004 f881 	bl	100086a0 <__mutex_try_enter_block_until_veneer>
1000459e:	4b16      	ldr	r3, [pc, #88]	@ (100045f8 <__wrap_putchar+0x8c>)
100045a0:	4681      	mov	r9, r0
100045a2:	681c      	ldr	r4, [r3, #0]
100045a4:	2c00      	cmp	r4, #0
100045a6:	d014      	beq.n	100045d2 <__wrap_putchar+0x66>
100045a8:	4f14      	ldr	r7, [pc, #80]	@ (100045fc <__wrap_putchar+0x90>)
100045aa:	e002      	b.n	100045b2 <__wrap_putchar+0x46>
100045ac:	6924      	ldr	r4, [r4, #16]
100045ae:	2c00      	cmp	r4, #0
100045b0:	d00f      	beq.n	100045d2 <__wrap_putchar+0x66>
100045b2:	6823      	ldr	r3, [r4, #0]
100045b4:	2b00      	cmp	r3, #0
100045b6:	d0f9      	beq.n	100045ac <__wrap_putchar+0x40>
100045b8:	683b      	ldr	r3, [r7, #0]
100045ba:	2b00      	cmp	r3, #0
100045bc:	d001      	beq.n	100045c2 <__wrap_putchar+0x56>
100045be:	429c      	cmp	r4, r3
100045c0:	d1f4      	bne.n	100045ac <__wrap_putchar+0x40>
100045c2:	0020      	movs	r0, r4
100045c4:	2201      	movs	r2, #1
100045c6:	0029      	movs	r1, r5
100045c8:	f7ff fe20 	bl	1000420c <stdio_out_chars_crlf>
100045cc:	6924      	ldr	r4, [r4, #16]
100045ce:	2c00      	cmp	r4, #0
100045d0:	d1ef      	bne.n	100045b2 <__wrap_putchar+0x46>
100045d2:	464b      	mov	r3, r9
100045d4:	2b00      	cmp	r3, #0
100045d6:	d105      	bne.n	100045e4 <__wrap_putchar+0x78>
100045d8:	0030      	movs	r0, r6
100045da:	b003      	add	sp, #12
100045dc:	bcc0      	pop	{r6, r7}
100045de:	46b9      	mov	r9, r7
100045e0:	46b0      	mov	r8, r6
100045e2:	bdf0      	pop	{r4, r5, r6, r7, pc}
100045e4:	4640      	mov	r0, r8
100045e6:	f004 f82b 	bl	10008640 <__mutex_exit_veneer>
100045ea:	e7f5      	b.n	100045d8 <__wrap_putchar+0x6c>
100045ec:	000f4240 	.word	0x000f4240
100045f0:	7fffffff 	.word	0x7fffffff
100045f4:	20001718 	.word	0x20001718
100045f8:	20002310 	.word	0x20002310
100045fc:	2000231c 	.word	0x2000231c

10004600 <__wrap_puts>:
10004600:	b570      	push	{r4, r5, r6, lr}
10004602:	0004      	movs	r4, r0
10004604:	f003 fd5a 	bl	100080bc <strlen>
10004608:	2301      	movs	r3, #1
1000460a:	0001      	movs	r1, r0
1000460c:	0005      	movs	r5, r0
1000460e:	2201      	movs	r2, #1
10004610:	0020      	movs	r0, r4
10004612:	f7ff fe85 	bl	10004320 <stdio_put_string>
10004616:	4b08      	ldr	r3, [pc, #32]	@ (10004638 <__wrap_puts+0x38>)
10004618:	681c      	ldr	r4, [r3, #0]
1000461a:	2c00      	cmp	r4, #0
1000461c:	d006      	beq.n	1000462c <__wrap_puts+0x2c>
1000461e:	6863      	ldr	r3, [r4, #4]
10004620:	2b00      	cmp	r3, #0
10004622:	d005      	beq.n	10004630 <__wrap_puts+0x30>
10004624:	4798      	blx	r3
10004626:	6924      	ldr	r4, [r4, #16]
10004628:	2c00      	cmp	r4, #0
1000462a:	d1f8      	bne.n	1000461e <__wrap_puts+0x1e>
1000462c:	0028      	movs	r0, r5
1000462e:	bd70      	pop	{r4, r5, r6, pc}
10004630:	6924      	ldr	r4, [r4, #16]
10004632:	2c00      	cmp	r4, #0
10004634:	d1f3      	bne.n	1000461e <__wrap_puts+0x1e>
10004636:	e7f9      	b.n	1000462c <__wrap_puts+0x2c>
10004638:	20002310 	.word	0x20002310

1000463c <__wrap_vprintf>:
1000463c:	b5f0      	push	{r4, r5, r6, r7, lr}
1000463e:	46ce      	mov	lr, r9
10004640:	4647      	mov	r7, r8
10004642:	b580      	push	{r7, lr}
10004644:	b0a3      	sub	sp, #140	@ 0x8c
10004646:	0004      	movs	r4, r0
10004648:	000d      	movs	r5, r1
1000464a:	f7fc fdd1 	bl	100011f0 <time_us_64>
1000464e:	2300      	movs	r3, #0
10004650:	4a27      	ldr	r2, [pc, #156]	@ (100046f0 <__wrap_vprintf+0xb4>)
10004652:	1812      	adds	r2, r2, r0
10004654:	414b      	adcs	r3, r1
10004656:	2b00      	cmp	r3, #0
10004658:	da02      	bge.n	10004660 <__wrap_vprintf+0x24>
1000465a:	2201      	movs	r2, #1
1000465c:	4b25      	ldr	r3, [pc, #148]	@ (100046f4 <__wrap_vprintf+0xb8>)
1000465e:	4252      	negs	r2, r2
10004660:	4e25      	ldr	r6, [pc, #148]	@ (100046f8 <__wrap_vprintf+0xbc>)
10004662:	0030      	movs	r0, r6
10004664:	f004 f81c 	bl	100086a0 <__mutex_try_enter_block_until_veneer>
10004668:	2300      	movs	r3, #0
1000466a:	0022      	movs	r2, r4
1000466c:	9301      	str	r3, [sp, #4]
1000466e:	0007      	movs	r7, r0
10004670:	002b      	movs	r3, r5
10004672:	4822      	ldr	r0, [pc, #136]	@ (100046fc <__wrap_vprintf+0xc0>)
10004674:	a901      	add	r1, sp, #4
10004676:	f7ff fd35 	bl	100040e4 <vfctprintf>
1000467a:	4b21      	ldr	r3, [pc, #132]	@ (10004700 <__wrap_vprintf+0xc4>)
1000467c:	4680      	mov	r8, r0
1000467e:	4699      	mov	r9, r3
10004680:	681c      	ldr	r4, [r3, #0]
10004682:	9b01      	ldr	r3, [sp, #4]
10004684:	2b00      	cmp	r3, #0
10004686:	d01a      	beq.n	100046be <__wrap_vprintf+0x82>
10004688:	2c00      	cmp	r4, #0
1000468a:	d02f      	beq.n	100046ec <__wrap_vprintf+0xb0>
1000468c:	4d1d      	ldr	r5, [pc, #116]	@ (10004704 <__wrap_vprintf+0xc8>)
1000468e:	e002      	b.n	10004696 <__wrap_vprintf+0x5a>
10004690:	6924      	ldr	r4, [r4, #16]
10004692:	2c00      	cmp	r4, #0
10004694:	d00f      	beq.n	100046b6 <__wrap_vprintf+0x7a>
10004696:	6823      	ldr	r3, [r4, #0]
10004698:	2b00      	cmp	r3, #0
1000469a:	d0f9      	beq.n	10004690 <__wrap_vprintf+0x54>
1000469c:	682b      	ldr	r3, [r5, #0]
1000469e:	2b00      	cmp	r3, #0
100046a0:	d001      	beq.n	100046a6 <__wrap_vprintf+0x6a>
100046a2:	42a3      	cmp	r3, r4
100046a4:	d1f4      	bne.n	10004690 <__wrap_vprintf+0x54>
100046a6:	0020      	movs	r0, r4
100046a8:	9a01      	ldr	r2, [sp, #4]
100046aa:	a902      	add	r1, sp, #8
100046ac:	f7ff fdae 	bl	1000420c <stdio_out_chars_crlf>
100046b0:	6924      	ldr	r4, [r4, #16]
100046b2:	2c00      	cmp	r4, #0
100046b4:	d1ef      	bne.n	10004696 <__wrap_vprintf+0x5a>
100046b6:	464b      	mov	r3, r9
100046b8:	681c      	ldr	r4, [r3, #0]
100046ba:	2300      	movs	r3, #0
100046bc:	9301      	str	r3, [sp, #4]
100046be:	2c00      	cmp	r4, #0
100046c0:	d006      	beq.n	100046d0 <__wrap_vprintf+0x94>
100046c2:	6863      	ldr	r3, [r4, #4]
100046c4:	2b00      	cmp	r3, #0
100046c6:	d00b      	beq.n	100046e0 <__wrap_vprintf+0xa4>
100046c8:	4798      	blx	r3
100046ca:	6924      	ldr	r4, [r4, #16]
100046cc:	2c00      	cmp	r4, #0
100046ce:	d1f8      	bne.n	100046c2 <__wrap_vprintf+0x86>
100046d0:	2f00      	cmp	r7, #0
100046d2:	d107      	bne.n	100046e4 <__wrap_vprintf+0xa8>
100046d4:	4640      	mov	r0, r8
100046d6:	b023      	add	sp, #140	@ 0x8c
100046d8:	bcc0      	pop	{r6, r7}
100046da:	46b9      	mov	r9, r7
100046dc:	46b0      	mov	r8, r6
100046de:	bdf0      	pop	{r4, r5, r6, r7, pc}
100046e0:	6924      	ldr	r4, [r4, #16]
100046e2:	e7ec      	b.n	100046be <__wrap_vprintf+0x82>
100046e4:	0030      	movs	r0, r6
100046e6:	f003 ffab 	bl	10008640 <__mutex_exit_veneer>
100046ea:	e7f3      	b.n	100046d4 <__wrap_vprintf+0x98>
100046ec:	9401      	str	r4, [sp, #4]
100046ee:	e7ef      	b.n	100046d0 <__wrap_vprintf+0x94>
100046f0:	000f4240 	.word	0x000f4240
100046f4:	7fffffff 	.word	0x7fffffff
100046f8:	20001718 	.word	0x20001718
100046fc:	100042bd 	.word	0x100042bd
10004700:	20002310 	.word	0x20002310
10004704:	2000231c 	.word	0x2000231c

10004708 <__wrap_printf>:
10004708:	b40f      	push	{r0, r1, r2, r3}
1000470a:	b500      	push	{lr}
1000470c:	b083      	sub	sp, #12
1000470e:	a904      	add	r1, sp, #16
10004710:	c901      	ldmia	r1!, {r0}
10004712:	9101      	str	r1, [sp, #4]
10004714:	f7ff ff92 	bl	1000463c <__wrap_vprintf>
10004718:	b003      	add	sp, #12
1000471a:	bc08      	pop	{r3}
1000471c:	b004      	add	sp, #16
1000471e:	4718      	bx	r3

10004720 <resetd_init>:
10004720:	4770      	bx	lr
10004722:	46c0      	nop			@ (mov r8, r8)

10004724 <resetd_reset>:
10004724:	2200      	movs	r2, #0
10004726:	4b01      	ldr	r3, [pc, #4]	@ (1000472c <resetd_reset+0x8>)
10004728:	701a      	strb	r2, [r3, #0]
1000472a:	4770      	bx	lr
1000472c:	20002793 	.word	0x20002793

10004730 <resetd_open>:
10004730:	794b      	ldrb	r3, [r1, #5]
10004732:	2000      	movs	r0, #0
10004734:	2bff      	cmp	r3, #255	@ 0xff
10004736:	d10b      	bne.n	10004750 <resetd_open+0x20>
10004738:	798b      	ldrb	r3, [r1, #6]
1000473a:	2b00      	cmp	r3, #0
1000473c:	d108      	bne.n	10004750 <resetd_open+0x20>
1000473e:	79cb      	ldrb	r3, [r1, #7]
10004740:	2b01      	cmp	r3, #1
10004742:	d105      	bne.n	10004750 <resetd_open+0x20>
10004744:	2a08      	cmp	r2, #8
10004746:	d903      	bls.n	10004750 <resetd_open+0x20>
10004748:	4b02      	ldr	r3, [pc, #8]	@ (10004754 <resetd_open+0x24>)
1000474a:	788a      	ldrb	r2, [r1, #2]
1000474c:	3009      	adds	r0, #9
1000474e:	701a      	strb	r2, [r3, #0]
10004750:	4770      	bx	lr
10004752:	46c0      	nop			@ (mov r8, r8)
10004754:	20002793 	.word	0x20002793

10004758 <resetd_xfer_cb>:
10004758:	2001      	movs	r0, #1
1000475a:	4770      	bx	lr

1000475c <resetd_control_xfer_cb>:
1000475c:	b510      	push	{r4, lr}
1000475e:	2901      	cmp	r1, #1
10004760:	d113      	bne.n	1000478a <resetd_control_xfer_cb+0x2e>
10004762:	4912      	ldr	r1, [pc, #72]	@ (100047ac <resetd_control_xfer_cb+0x50>)
10004764:	7953      	ldrb	r3, [r2, #5]
10004766:	7910      	ldrb	r0, [r2, #4]
10004768:	7809      	ldrb	r1, [r1, #0]
1000476a:	021b      	lsls	r3, r3, #8
1000476c:	4303      	orrs	r3, r0
1000476e:	2000      	movs	r0, #0
10004770:	4299      	cmp	r1, r3
10004772:	d000      	beq.n	10004776 <resetd_control_xfer_cb+0x1a>
10004774:	bd10      	pop	{r4, pc}
10004776:	7853      	ldrb	r3, [r2, #1]
10004778:	2b01      	cmp	r3, #1
1000477a:	d008      	beq.n	1000478e <resetd_control_xfer_cb+0x32>
1000477c:	2b02      	cmp	r3, #2
1000477e:	d1f9      	bne.n	10004774 <resetd_control_xfer_cb+0x18>
10004780:	2264      	movs	r2, #100	@ 0x64
10004782:	2100      	movs	r1, #0
10004784:	2000      	movs	r0, #0
10004786:	f7fc ffc1 	bl	1000170c <watchdog_reboot>
1000478a:	2001      	movs	r0, #1
1000478c:	e7f2      	b.n	10004774 <resetd_control_xfer_cb+0x18>
1000478e:	78d3      	ldrb	r3, [r2, #3]
10004790:	7891      	ldrb	r1, [r2, #2]
10004792:	021b      	lsls	r3, r3, #8
10004794:	4319      	orrs	r1, r3
10004796:	0a48      	lsrs	r0, r1, #9
10004798:	05db      	lsls	r3, r3, #23
1000479a:	d401      	bmi.n	100047a0 <resetd_control_xfer_cb+0x44>
1000479c:	2001      	movs	r0, #1
1000479e:	4240      	negs	r0, r0
100047a0:	237f      	movs	r3, #127	@ 0x7f
100047a2:	058a      	lsls	r2, r1, #22
100047a4:	0fd2      	lsrs	r2, r2, #31
100047a6:	4019      	ands	r1, r3
100047a8:	f7fd f838 	bl	1000181c <rom_reset_usb_boot_extra>
100047ac:	20002793 	.word	0x20002793

100047b0 <tud_descriptor_bos_cb>:
100047b0:	4800      	ldr	r0, [pc, #0]	@ (100047b4 <tud_descriptor_bos_cb+0x4>)
100047b2:	4770      	bx	lr
100047b4:	10008d64 	.word	0x10008d64

100047b8 <tud_vendor_control_xfer_cb>:
100047b8:	b570      	push	{r4, r5, r6, lr}
100047ba:	0005      	movs	r5, r0
100047bc:	0014      	movs	r4, r2
100047be:	2001      	movs	r0, #1
100047c0:	2901      	cmp	r1, #1
100047c2:	d109      	bne.n	100047d8 <tud_vendor_control_xfer_cb+0x20>
100047c4:	7853      	ldrb	r3, [r2, #1]
100047c6:	2000      	movs	r0, #0
100047c8:	2b01      	cmp	r3, #1
100047ca:	d105      	bne.n	100047d8 <tud_vendor_control_xfer_cb+0x20>
100047cc:	7963      	ldrb	r3, [r4, #5]
100047ce:	7912      	ldrb	r2, [r2, #4]
100047d0:	021b      	lsls	r3, r3, #8
100047d2:	4313      	orrs	r3, r2
100047d4:	2b07      	cmp	r3, #7
100047d6:	d000      	beq.n	100047da <tud_vendor_control_xfer_cb+0x22>
100047d8:	bd70      	pop	{r4, r5, r6, pc}
100047da:	0021      	movs	r1, r4
100047dc:	0028      	movs	r0, r5
100047de:	4a02      	ldr	r2, [pc, #8]	@ (100047e8 <tud_vendor_control_xfer_cb+0x30>)
100047e0:	339f      	adds	r3, #159	@ 0x9f
100047e2:	f001 fa55 	bl	10005c90 <tud_control_xfer>
100047e6:	e7f7      	b.n	100047d8 <tud_vendor_control_xfer_cb+0x20>
100047e8:	10008cbc 	.word	0x10008cbc

100047ec <usbd_app_driver_get_cb>:
100047ec:	2301      	movs	r3, #1
100047ee:	7003      	strb	r3, [r0, #0]
100047f0:	4800      	ldr	r0, [pc, #0]	@ (100047f4 <usbd_app_driver_get_cb+0x8>)
100047f2:	4770      	bx	lr
100047f4:	10008c9c 	.word	0x10008c9c

100047f8 <tud_cdc_line_coding_cb>:
100047f8:	784b      	ldrb	r3, [r1, #1]
100047fa:	780a      	ldrb	r2, [r1, #0]
100047fc:	021b      	lsls	r3, r3, #8
100047fe:	4313      	orrs	r3, r2
10004800:	788a      	ldrb	r2, [r1, #2]
10004802:	b510      	push	{r4, lr}
10004804:	0412      	lsls	r2, r2, #16
10004806:	431a      	orrs	r2, r3
10004808:	78cb      	ldrb	r3, [r1, #3]
1000480a:	061b      	lsls	r3, r3, #24
1000480c:	4313      	orrs	r3, r2
1000480e:	2296      	movs	r2, #150	@ 0x96
10004810:	00d2      	lsls	r2, r2, #3
10004812:	4293      	cmp	r3, r2
10004814:	d000      	beq.n	10004818 <tud_cdc_line_coding_cb+0x20>
10004816:	bd10      	pop	{r4, pc}
10004818:	2200      	movs	r2, #0
1000481a:	2001      	movs	r0, #1
1000481c:	0011      	movs	r1, r2
1000481e:	4240      	negs	r0, r0
10004820:	f7fc fffc 	bl	1000181c <rom_reset_usb_boot_extra>

10004824 <stdio_usb_set_chars_available_callback>:
10004824:	4b02      	ldr	r3, [pc, #8]	@ (10004830 <stdio_usb_set_chars_available_callback+0xc>)
10004826:	6018      	str	r0, [r3, #0]
10004828:	4b02      	ldr	r3, [pc, #8]	@ (10004834 <stdio_usb_set_chars_available_callback+0x10>)
1000482a:	6019      	str	r1, [r3, #0]
1000482c:	4770      	bx	lr
1000482e:	46c0      	nop			@ (mov r8, r8)
10004830:	200022b0 	.word	0x200022b0
10004834:	200022b4 	.word	0x200022b4

10004838 <usb_irq>:
10004838:	b510      	push	{r4, lr}
1000483a:	4b02      	ldr	r3, [pc, #8]	@ (10004844 <usb_irq+0xc>)
1000483c:	7818      	ldrb	r0, [r3, #0]
1000483e:	f7fb feb7 	bl	100005b0 <irq_set_pending>
10004842:	bd10      	pop	{r4, pc}
10004844:	20002794 	.word	0x20002794

10004848 <timer_task>:
10004848:	4b15      	ldr	r3, [pc, #84]	@ (100048a0 <timer_task+0x58>)
1000484a:	b570      	push	{r4, r5, r6, lr}
1000484c:	681a      	ldr	r2, [r3, #0]
1000484e:	2a00      	cmp	r2, #0
10004850:	d022      	beq.n	10004898 <timer_task+0x50>
10004852:	f3ef 8110 	mrs	r1, PRIMASK
10004856:	b672      	cpsid	i
10004858:	6810      	ldr	r0, [r2, #0]
1000485a:	2800      	cmp	r0, #0
1000485c:	d0fc      	beq.n	10004858 <timer_task+0x10>
1000485e:	f3bf 8f5f 	dmb	sy
10004862:	2000      	movs	r0, #0
10004864:	4a0f      	ldr	r2, [pc, #60]	@ (100048a4 <timer_task+0x5c>)
10004866:	6059      	str	r1, [r3, #4]
10004868:	7010      	strb	r0, [r2, #0]
1000486a:	681b      	ldr	r3, [r3, #0]
1000486c:	f3bf 8f5f 	dmb	sy
10004870:	6018      	str	r0, [r3, #0]
10004872:	f381 8810 	msr	PRIMASK, r1
10004876:	2400      	movs	r4, #0
10004878:	2500      	movs	r5, #0
1000487a:	4e0b      	ldr	r6, [pc, #44]	@ (100048a8 <timer_task+0x60>)
1000487c:	7830      	ldrb	r0, [r6, #0]
1000487e:	f7fb fe8b 	bl	10000598 <irq_is_enabled>
10004882:	2800      	cmp	r0, #0
10004884:	d104      	bne.n	10004890 <timer_task+0x48>
10004886:	2400      	movs	r4, #0
10004888:	2500      	movs	r5, #0
1000488a:	0029      	movs	r1, r5
1000488c:	0020      	movs	r0, r4
1000488e:	bd70      	pop	{r4, r5, r6, pc}
10004890:	7830      	ldrb	r0, [r6, #0]
10004892:	f7fb fe8d 	bl	100005b0 <irq_set_pending>
10004896:	e7f8      	b.n	1000488a <timer_task+0x42>
10004898:	24fa      	movs	r4, #250	@ 0xfa
1000489a:	2500      	movs	r5, #0
1000489c:	00a4      	lsls	r4, r4, #2
1000489e:	e7ec      	b.n	1000487a <timer_task+0x32>
100048a0:	20002748 	.word	0x20002748
100048a4:	20002795 	.word	0x20002795
100048a8:	20002794 	.word	0x20002794

100048ac <stdio_usb_in_chars>:
100048ac:	b570      	push	{r4, r5, r6, lr}
100048ae:	0004      	movs	r4, r0
100048b0:	2000      	movs	r0, #0
100048b2:	000e      	movs	r6, r1
100048b4:	f001 fb0a 	bl	10005ecc <tud_cdc_n_connected>
100048b8:	2800      	cmp	r0, #0
100048ba:	d034      	beq.n	10004926 <stdio_usb_in_chars+0x7a>
100048bc:	2000      	movs	r0, #0
100048be:	f001 fb1b 	bl	10005ef8 <tud_cdc_n_available>
100048c2:	2800      	cmp	r0, #0
100048c4:	d02f      	beq.n	10004926 <stdio_usb_in_chars+0x7a>
100048c6:	f7fc fc93 	bl	100011f0 <time_us_64>
100048ca:	2300      	movs	r3, #0
100048cc:	4a17      	ldr	r2, [pc, #92]	@ (1000492c <stdio_usb_in_chars+0x80>)
100048ce:	1812      	adds	r2, r2, r0
100048d0:	414b      	adcs	r3, r1
100048d2:	2b00      	cmp	r3, #0
100048d4:	db16      	blt.n	10004904 <stdio_usb_in_chars+0x58>
100048d6:	4d16      	ldr	r5, [pc, #88]	@ (10004930 <stdio_usb_in_chars+0x84>)
100048d8:	0028      	movs	r0, r5
100048da:	f003 fee1 	bl	100086a0 <__mutex_try_enter_block_until_veneer>
100048de:	2800      	cmp	r0, #0
100048e0:	d021      	beq.n	10004926 <stdio_usb_in_chars+0x7a>
100048e2:	2000      	movs	r0, #0
100048e4:	f001 faf2 	bl	10005ecc <tud_cdc_n_connected>
100048e8:	2800      	cmp	r0, #0
100048ea:	d10f      	bne.n	1000490c <stdio_usb_in_chars+0x60>
100048ec:	2001      	movs	r0, #1
100048ee:	2100      	movs	r1, #0
100048f0:	4240      	negs	r0, r0
100048f2:	f000 fd01 	bl	100052f8 <tud_task_ext>
100048f6:	2403      	movs	r4, #3
100048f8:	4264      	negs	r4, r4
100048fa:	0028      	movs	r0, r5
100048fc:	f003 fea0 	bl	10008640 <__mutex_exit_veneer>
10004900:	0020      	movs	r0, r4
10004902:	bd70      	pop	{r4, r5, r6, pc}
10004904:	2201      	movs	r2, #1
10004906:	4b0b      	ldr	r3, [pc, #44]	@ (10004934 <stdio_usb_in_chars+0x88>)
10004908:	4252      	negs	r2, r2
1000490a:	e7e4      	b.n	100048d6 <stdio_usb_in_chars+0x2a>
1000490c:	2000      	movs	r0, #0
1000490e:	f001 faf3 	bl	10005ef8 <tud_cdc_n_available>
10004912:	2800      	cmp	r0, #0
10004914:	d0ea      	beq.n	100048ec <stdio_usb_in_chars+0x40>
10004916:	0021      	movs	r1, r4
10004918:	0032      	movs	r2, r6
1000491a:	2000      	movs	r0, #0
1000491c:	f001 faf6 	bl	10005f0c <tud_cdc_n_read>
10004920:	1e04      	subs	r4, r0, #0
10004922:	d1ea      	bne.n	100048fa <stdio_usb_in_chars+0x4e>
10004924:	e7e7      	b.n	100048f6 <stdio_usb_in_chars+0x4a>
10004926:	2403      	movs	r4, #3
10004928:	4264      	negs	r4, r4
1000492a:	e7e9      	b.n	10004900 <stdio_usb_in_chars+0x54>
1000492c:	000f4240 	.word	0x000f4240
10004930:	20002770 	.word	0x20002770
10004934:	7fffffff 	.word	0x7fffffff

10004938 <stdio_usb_out_flush>:
10004938:	b510      	push	{r4, lr}
1000493a:	f7fc fc59 	bl	100011f0 <time_us_64>
1000493e:	2300      	movs	r3, #0
10004940:	4a0d      	ldr	r2, [pc, #52]	@ (10004978 <stdio_usb_out_flush+0x40>)
10004942:	1812      	adds	r2, r2, r0
10004944:	414b      	adcs	r3, r1
10004946:	2b00      	cmp	r3, #0
10004948:	da02      	bge.n	10004950 <stdio_usb_out_flush+0x18>
1000494a:	2201      	movs	r2, #1
1000494c:	4b0b      	ldr	r3, [pc, #44]	@ (1000497c <stdio_usb_out_flush+0x44>)
1000494e:	4252      	negs	r2, r2
10004950:	4c0b      	ldr	r4, [pc, #44]	@ (10004980 <stdio_usb_out_flush+0x48>)
10004952:	0020      	movs	r0, r4
10004954:	f003 fea4 	bl	100086a0 <__mutex_try_enter_block_until_veneer>
10004958:	2800      	cmp	r0, #0
1000495a:	d00c      	beq.n	10004976 <stdio_usb_out_flush+0x3e>
1000495c:	2001      	movs	r0, #1
1000495e:	2100      	movs	r1, #0
10004960:	4240      	negs	r0, r0
10004962:	f000 fcc9 	bl	100052f8 <tud_task_ext>
10004966:	2000      	movs	r0, #0
10004968:	f001 fb14 	bl	10005f94 <tud_cdc_n_write_flush>
1000496c:	2800      	cmp	r0, #0
1000496e:	d1f5      	bne.n	1000495c <stdio_usb_out_flush+0x24>
10004970:	0020      	movs	r0, r4
10004972:	f003 fe65 	bl	10008640 <__mutex_exit_veneer>
10004976:	bd10      	pop	{r4, pc}
10004978:	000f4240 	.word	0x000f4240
1000497c:	7fffffff 	.word	0x7fffffff
10004980:	20002770 	.word	0x20002770

10004984 <stdio_usb_out_chars>:
10004984:	b5f8      	push	{r3, r4, r5, r6, r7, lr}
10004986:	46de      	mov	lr, fp
10004988:	4657      	mov	r7, sl
1000498a:	b580      	push	{r7, lr}
1000498c:	0005      	movs	r5, r0
1000498e:	000c      	movs	r4, r1
10004990:	f7fc fc2e 	bl	100011f0 <time_us_64>
10004994:	2300      	movs	r3, #0
10004996:	4a36      	ldr	r2, [pc, #216]	@ (10004a70 <stdio_usb_out_chars+0xec>)
10004998:	1812      	adds	r2, r2, r0
1000499a:	414b      	adcs	r3, r1
1000499c:	2b00      	cmp	r3, #0
1000499e:	da02      	bge.n	100049a6 <stdio_usb_out_chars+0x22>
100049a0:	2201      	movs	r2, #1
100049a2:	4b34      	ldr	r3, [pc, #208]	@ (10004a74 <stdio_usb_out_chars+0xf0>)
100049a4:	4252      	negs	r2, r2
100049a6:	4934      	ldr	r1, [pc, #208]	@ (10004a78 <stdio_usb_out_chars+0xf4>)
100049a8:	0008      	movs	r0, r1
100049aa:	468a      	mov	sl, r1
100049ac:	f003 fe78 	bl	100086a0 <__mutex_try_enter_block_until_veneer>
100049b0:	2800      	cmp	r0, #0
100049b2:	d103      	bne.n	100049bc <stdio_usb_out_chars+0x38>
100049b4:	bcc0      	pop	{r6, r7}
100049b6:	46bb      	mov	fp, r7
100049b8:	46b2      	mov	sl, r6
100049ba:	bdf8      	pop	{r3, r4, r5, r6, r7, pc}
100049bc:	2000      	movs	r0, #0
100049be:	f001 fa85 	bl	10005ecc <tud_cdc_n_connected>
100049c2:	2800      	cmp	r0, #0
100049c4:	d04a      	beq.n	10004a5c <stdio_usb_out_chars+0xd8>
100049c6:	2600      	movs	r6, #0
100049c8:	2c00      	cmp	r4, #0
100049ca:	dd43      	ble.n	10004a54 <stdio_usb_out_chars+0xd0>
100049cc:	4b2b      	ldr	r3, [pc, #172]	@ (10004a7c <stdio_usb_out_chars+0xf8>)
100049ce:	469b      	mov	fp, r3
100049d0:	e014      	b.n	100049fc <stdio_usb_out_chars+0x78>
100049d2:	19a9      	adds	r1, r5, r6
100049d4:	2000      	movs	r0, #0
100049d6:	f001 fb17 	bl	10006008 <tud_cdc_n_write>
100049da:	0007      	movs	r7, r0
100049dc:	2001      	movs	r0, #1
100049de:	2100      	movs	r1, #0
100049e0:	4240      	negs	r0, r0
100049e2:	f000 fc89 	bl	100052f8 <tud_task_ext>
100049e6:	2000      	movs	r0, #0
100049e8:	f001 fad4 	bl	10005f94 <tud_cdc_n_write_flush>
100049ec:	f7fc fc00 	bl	100011f0 <time_us_64>
100049f0:	4b22      	ldr	r3, [pc, #136]	@ (10004a7c <stdio_usb_out_chars+0xf8>)
100049f2:	19f6      	adds	r6, r6, r7
100049f4:	6018      	str	r0, [r3, #0]
100049f6:	6059      	str	r1, [r3, #4]
100049f8:	42b4      	cmp	r4, r6
100049fa:	dd2b      	ble.n	10004a54 <stdio_usb_out_chars+0xd0>
100049fc:	2000      	movs	r0, #0
100049fe:	f001 fb23 	bl	10006048 <tud_cdc_n_write_available>
10004a02:	1ba7      	subs	r7, r4, r6
10004a04:	0002      	movs	r2, r0
10004a06:	42b8      	cmp	r0, r7
10004a08:	dd00      	ble.n	10004a0c <stdio_usb_out_chars+0x88>
10004a0a:	003a      	movs	r2, r7
10004a0c:	2a00      	cmp	r2, #0
10004a0e:	d1e0      	bne.n	100049d2 <stdio_usb_out_chars+0x4e>
10004a10:	2001      	movs	r0, #1
10004a12:	2100      	movs	r1, #0
10004a14:	4240      	negs	r0, r0
10004a16:	f000 fc6f 	bl	100052f8 <tud_task_ext>
10004a1a:	2000      	movs	r0, #0
10004a1c:	f001 faba 	bl	10005f94 <tud_cdc_n_write_flush>
10004a20:	2000      	movs	r0, #0
10004a22:	f001 fa53 	bl	10005ecc <tud_cdc_n_connected>
10004a26:	2800      	cmp	r0, #0
10004a28:	d014      	beq.n	10004a54 <stdio_usb_out_chars+0xd0>
10004a2a:	2000      	movs	r0, #0
10004a2c:	f001 fb0c 	bl	10006048 <tud_cdc_n_write_available>
10004a30:	2800      	cmp	r0, #0
10004a32:	d1e1      	bne.n	100049f8 <stdio_usb_out_chars+0x74>
10004a34:	f7fc fbdc 	bl	100011f0 <time_us_64>
10004a38:	465b      	mov	r3, fp
10004a3a:	000f      	movs	r7, r1
10004a3c:	681a      	ldr	r2, [r3, #0]
10004a3e:	685b      	ldr	r3, [r3, #4]
10004a40:	2100      	movs	r1, #0
10004a42:	4684      	mov	ip, r0
10004a44:	480e      	ldr	r0, [pc, #56]	@ (10004a80 <stdio_usb_out_chars+0xfc>)
10004a46:	1812      	adds	r2, r2, r0
10004a48:	414b      	adcs	r3, r1
10004a4a:	429f      	cmp	r7, r3
10004a4c:	d802      	bhi.n	10004a54 <stdio_usb_out_chars+0xd0>
10004a4e:	d1d3      	bne.n	100049f8 <stdio_usb_out_chars+0x74>
10004a50:	4594      	cmp	ip, r2
10004a52:	d9d1      	bls.n	100049f8 <stdio_usb_out_chars+0x74>
10004a54:	4650      	mov	r0, sl
10004a56:	f003 fdf3 	bl	10008640 <__mutex_exit_veneer>
10004a5a:	e7ab      	b.n	100049b4 <stdio_usb_out_chars+0x30>
10004a5c:	2000      	movs	r0, #0
10004a5e:	2100      	movs	r1, #0
10004a60:	4b06      	ldr	r3, [pc, #24]	@ (10004a7c <stdio_usb_out_chars+0xf8>)
10004a62:	6018      	str	r0, [r3, #0]
10004a64:	6059      	str	r1, [r3, #4]
10004a66:	4650      	mov	r0, sl
10004a68:	f003 fdea 	bl	10008640 <__mutex_exit_veneer>
10004a6c:	e7a2      	b.n	100049b4 <stdio_usb_out_chars+0x30>
10004a6e:	46c0      	nop			@ (mov r8, r8)
10004a70:	000f4240 	.word	0x000f4240
10004a74:	7fffffff 	.word	0x7fffffff
10004a78:	20002770 	.word	0x20002770
10004a7c:	200018a0 	.word	0x200018a0
10004a80:	0007a120 	.word	0x0007a120

10004a84 <low_priority_worker_irq>:
10004a84:	b530      	push	{r4, r5, lr}
10004a86:	4c2a      	ldr	r4, [pc, #168]	@ (10004b30 <low_priority_worker_irq+0xac>)
10004a88:	b085      	sub	sp, #20
10004a8a:	2100      	movs	r1, #0
10004a8c:	0020      	movs	r0, r4
10004a8e:	f003 fdef 	bl	10008670 <__mutex_try_enter_veneer>
10004a92:	2800      	cmp	r0, #0
10004a94:	d11c      	bne.n	10004ad0 <low_priority_worker_irq+0x4c>
10004a96:	4b27      	ldr	r3, [pc, #156]	@ (10004b34 <low_priority_worker_irq+0xb0>)
10004a98:	681a      	ldr	r2, [r3, #0]
10004a9a:	2a00      	cmp	r2, #0
10004a9c:	d016      	beq.n	10004acc <low_priority_worker_irq+0x48>
10004a9e:	f3ef 8110 	mrs	r1, PRIMASK
10004aa2:	b672      	cpsid	i
10004aa4:	6810      	ldr	r0, [r2, #0]
10004aa6:	2800      	cmp	r0, #0
10004aa8:	d0fc      	beq.n	10004aa4 <low_priority_worker_irq+0x20>
10004aaa:	f3bf 8f5f 	dmb	sy
10004aae:	2401      	movs	r4, #1
10004ab0:	4821      	ldr	r0, [pc, #132]	@ (10004b38 <low_priority_worker_irq+0xb4>)
10004ab2:	6059      	str	r1, [r3, #4]
10004ab4:	7802      	ldrb	r2, [r0, #0]
10004ab6:	681b      	ldr	r3, [r3, #0]
10004ab8:	b2d2      	uxtb	r2, r2
10004aba:	7004      	strb	r4, [r0, #0]
10004abc:	f3bf 8f5f 	dmb	sy
10004ac0:	2000      	movs	r0, #0
10004ac2:	6018      	str	r0, [r3, #0]
10004ac4:	f381 8810 	msr	PRIMASK, r1
10004ac8:	2a00      	cmp	r2, #0
10004aca:	d017      	beq.n	10004afc <low_priority_worker_irq+0x78>
10004acc:	b005      	add	sp, #20
10004ace:	bd30      	pop	{r4, r5, pc}
10004ad0:	2001      	movs	r0, #1
10004ad2:	2100      	movs	r1, #0
10004ad4:	4240      	negs	r0, r0
10004ad6:	f000 fc0f 	bl	100052f8 <tud_task_ext>
10004ada:	2000      	movs	r0, #0
10004adc:	f001 fa0c 	bl	10005ef8 <tud_cdc_n_available>
10004ae0:	0005      	movs	r5, r0
10004ae2:	0020      	movs	r0, r4
10004ae4:	f003 fdac 	bl	10008640 <__mutex_exit_veneer>
10004ae8:	2d00      	cmp	r5, #0
10004aea:	d0ef      	beq.n	10004acc <low_priority_worker_irq+0x48>
10004aec:	4b13      	ldr	r3, [pc, #76]	@ (10004b3c <low_priority_worker_irq+0xb8>)
10004aee:	681b      	ldr	r3, [r3, #0]
10004af0:	2b00      	cmp	r3, #0
10004af2:	d0eb      	beq.n	10004acc <low_priority_worker_irq+0x48>
10004af4:	4a12      	ldr	r2, [pc, #72]	@ (10004b40 <low_priority_worker_irq+0xbc>)
10004af6:	6810      	ldr	r0, [r2, #0]
10004af8:	4798      	blx	r3
10004afa:	e7e7      	b.n	10004acc <low_priority_worker_irq+0x48>
10004afc:	f7fc f962 	bl	10000dc4 <alarm_pool_get_default>
10004b00:	0004      	movs	r4, r0
10004b02:	f7fc fb75 	bl	100011f0 <time_us_64>
10004b06:	22fa      	movs	r2, #250	@ 0xfa
10004b08:	2300      	movs	r3, #0
10004b0a:	0092      	lsls	r2, r2, #2
10004b0c:	1812      	adds	r2, r2, r0
10004b0e:	414b      	adcs	r3, r1
10004b10:	2b00      	cmp	r3, #0
10004b12:	da02      	bge.n	10004b1a <low_priority_worker_irq+0x96>
10004b14:	2201      	movs	r2, #1
10004b16:	4b0b      	ldr	r3, [pc, #44]	@ (10004b44 <low_priority_worker_irq+0xc0>)
10004b18:	4252      	negs	r2, r2
10004b1a:	2101      	movs	r1, #1
10004b1c:	9102      	str	r1, [sp, #8]
10004b1e:	2100      	movs	r1, #0
10004b20:	9101      	str	r1, [sp, #4]
10004b22:	4909      	ldr	r1, [pc, #36]	@ (10004b48 <low_priority_worker_irq+0xc4>)
10004b24:	0020      	movs	r0, r4
10004b26:	9100      	str	r1, [sp, #0]
10004b28:	f7fc f950 	bl	10000dcc <alarm_pool_add_alarm_at>
10004b2c:	e7ce      	b.n	10004acc <low_priority_worker_irq+0x48>
10004b2e:	46c0      	nop			@ (mov r8, r8)
10004b30:	20002770 	.word	0x20002770
10004b34:	20002748 	.word	0x20002748
10004b38:	20002795 	.word	0x20002795
10004b3c:	200022b0 	.word	0x200022b0
10004b40:	200022b4 	.word	0x200022b4
10004b44:	7fffffff 	.word	0x7fffffff
10004b48:	10004849 	.word	0x10004849

10004b4c <stdio_usb_init>:
10004b4c:	23d0      	movs	r3, #208	@ 0xd0
10004b4e:	b510      	push	{r4, lr}
10004b50:	061b      	lsls	r3, r3, #24
10004b52:	b084      	sub	sp, #16
10004b54:	681c      	ldr	r4, [r3, #0]
10004b56:	f7fc f935 	bl	10000dc4 <alarm_pool_get_default>
10004b5a:	f7fc fa31 	bl	10000fc0 <alarm_pool_core_num>
10004b5e:	42a0      	cmp	r0, r4
10004b60:	d002      	beq.n	10004b68 <stdio_usb_init+0x1c>
10004b62:	2000      	movs	r0, #0
10004b64:	b004      	add	sp, #16
10004b66:	bd10      	pop	{r4, pc}
10004b68:	4b29      	ldr	r3, [pc, #164]	@ (10004c10 <stdio_usb_init+0xc4>)
10004b6a:	2100      	movs	r1, #0
10004b6c:	2000      	movs	r0, #0
10004b6e:	781b      	ldrb	r3, [r3, #0]
10004b70:	f001 fd5e 	bl	10006630 <tusb_rhport_init>
10004b74:	4827      	ldr	r0, [pc, #156]	@ (10004c14 <stdio_usb_init+0xc8>)
10004b76:	6803      	ldr	r3, [r0, #0]
10004b78:	2b00      	cmp	r3, #0
10004b7a:	d045      	beq.n	10004c08 <stdio_usb_init+0xbc>
10004b7c:	2001      	movs	r0, #1
10004b7e:	f7fb feaf 	bl	100008e0 <user_irq_claim_unused>
10004b82:	23ff      	movs	r3, #255	@ 0xff
10004b84:	4c24      	ldr	r4, [pc, #144]	@ (10004c18 <stdio_usb_init+0xcc>)
10004b86:	4925      	ldr	r1, [pc, #148]	@ (10004c1c <stdio_usb_init+0xd0>)
10004b88:	7020      	strb	r0, [r4, #0]
10004b8a:	4018      	ands	r0, r3
10004b8c:	f7fb fd2a 	bl	100005e4 <irq_set_exclusive_handler>
10004b90:	7820      	ldrb	r0, [r4, #0]
10004b92:	2101      	movs	r1, #1
10004b94:	f7fb fcee 	bl	10000574 <irq_set_enabled>
10004b98:	2005      	movs	r0, #5
10004b9a:	f7fb fd11 	bl	100005c0 <irq_has_shared_handler>
10004b9e:	2800      	cmp	r0, #0
10004ba0:	d124      	bne.n	10004bec <stdio_usb_init+0xa0>
10004ba2:	2208      	movs	r2, #8
10004ba4:	2100      	movs	r1, #0
10004ba6:	481e      	ldr	r0, [pc, #120]	@ (10004c20 <stdio_usb_init+0xd4>)
10004ba8:	f7fd fe40 	bl	1000282c <__wrap_memset>
10004bac:	f7fc f90a 	bl	10000dc4 <alarm_pool_get_default>
10004bb0:	0004      	movs	r4, r0
10004bb2:	f7fc fb1d 	bl	100011f0 <time_us_64>
10004bb6:	22fa      	movs	r2, #250	@ 0xfa
10004bb8:	2300      	movs	r3, #0
10004bba:	0092      	lsls	r2, r2, #2
10004bbc:	1812      	adds	r2, r2, r0
10004bbe:	414b      	adcs	r3, r1
10004bc0:	2b00      	cmp	r3, #0
10004bc2:	da02      	bge.n	10004bca <stdio_usb_init+0x7e>
10004bc4:	2201      	movs	r2, #1
10004bc6:	4b17      	ldr	r3, [pc, #92]	@ (10004c24 <stdio_usb_init+0xd8>)
10004bc8:	4252      	negs	r2, r2
10004bca:	2101      	movs	r1, #1
10004bcc:	9102      	str	r1, [sp, #8]
10004bce:	2100      	movs	r1, #0
10004bd0:	9101      	str	r1, [sp, #4]
10004bd2:	4915      	ldr	r1, [pc, #84]	@ (10004c28 <stdio_usb_init+0xdc>)
10004bd4:	0020      	movs	r0, r4
10004bd6:	9100      	str	r1, [sp, #0]
10004bd8:	f7fc f8f8 	bl	10000dcc <alarm_pool_add_alarm_at>
10004bdc:	2800      	cmp	r0, #0
10004bde:	dbc0      	blt.n	10004b62 <stdio_usb_init+0x16>
10004be0:	4812      	ldr	r0, [pc, #72]	@ (10004c2c <stdio_usb_init+0xe0>)
10004be2:	2101      	movs	r1, #1
10004be4:	f7ff fca6 	bl	10004534 <stdio_set_driver_enabled>
10004be8:	2001      	movs	r0, #1
10004bea:	e7bb      	b.n	10004b64 <stdio_usb_init+0x18>
10004bec:	2001      	movs	r0, #1
10004bee:	f7fb fc8f 	bl	10000510 <spin_lock_claim_unused>
10004bf2:	4b0b      	ldr	r3, [pc, #44]	@ (10004c20 <stdio_usb_init+0xd4>)
10004bf4:	0001      	movs	r1, r0
10004bf6:	0018      	movs	r0, r3
10004bf8:	f7fb fed4 	bl	100009a4 <critical_section_init_with_lock_num>
10004bfc:	2200      	movs	r2, #0
10004bfe:	2005      	movs	r0, #5
10004c00:	490b      	ldr	r1, [pc, #44]	@ (10004c30 <stdio_usb_init+0xe4>)
10004c02:	f7fb fd19 	bl	10000638 <irq_add_shared_handler>
10004c06:	e7eb      	b.n	10004be0 <stdio_usb_init+0x94>
10004c08:	f7fb feb0 	bl	1000096c <mutex_init>
10004c0c:	e7b6      	b.n	10004b7c <stdio_usb_init+0x30>
10004c0e:	46c0      	nop			@ (mov r8, r8)
10004c10:	1000a134 	.word	0x1000a134
10004c14:	20002770 	.word	0x20002770
10004c18:	20002794 	.word	0x20002794
10004c1c:	10004a85 	.word	0x10004a85
10004c20:	20002748 	.word	0x20002748
10004c24:	7fffffff 	.word	0x7fffffff
10004c28:	10004849 	.word	0x10004849
10004c2c:	20001160 	.word	0x20001160
10004c30:	10004839 	.word	0x10004839

10004c34 <tud_descriptor_device_cb>:
10004c34:	4800      	ldr	r0, [pc, #0]	@ (10004c38 <tud_descriptor_device_cb+0x4>)
10004c36:	4770      	bx	lr
10004c38:	10008e00 	.word	0x10008e00

10004c3c <tud_descriptor_configuration_cb>:
10004c3c:	4800      	ldr	r0, [pc, #0]	@ (10004c40 <tud_descriptor_configuration_cb+0x4>)
10004c3e:	4770      	bx	lr
10004c40:	10008dac 	.word	0x10008dac

10004c44 <tud_descriptor_string_cb>:
10004c44:	b510      	push	{r4, lr}
10004c46:	0004      	movs	r4, r0
10004c48:	4817      	ldr	r0, [pc, #92]	@ (10004ca8 <tud_descriptor_string_cb+0x64>)
10004c4a:	7803      	ldrb	r3, [r0, #0]
10004c4c:	2b00      	cmp	r3, #0
10004c4e:	d020      	beq.n	10004c92 <tud_descriptor_string_cb+0x4e>
10004c50:	2c00      	cmp	r4, #0
10004c52:	d106      	bne.n	10004c62 <tud_descriptor_string_cb+0x1e>
10004c54:	4b15      	ldr	r3, [pc, #84]	@ (10004cac <tud_descriptor_string_cb+0x68>)
10004c56:	4816      	ldr	r0, [pc, #88]	@ (10004cb0 <tud_descriptor_string_cb+0x6c>)
10004c58:	8043      	strh	r3, [r0, #2]
10004c5a:	3b06      	subs	r3, #6
10004c5c:	3bff      	subs	r3, #255	@ 0xff
10004c5e:	8003      	strh	r3, [r0, #0]
10004c60:	bd10      	pop	{r4, pc}
10004c62:	2c05      	cmp	r4, #5
10004c64:	d81d      	bhi.n	10004ca2 <tud_descriptor_string_cb+0x5e>
10004c66:	4b13      	ldr	r3, [pc, #76]	@ (10004cb4 <tud_descriptor_string_cb+0x70>)
10004c68:	00a4      	lsls	r4, r4, #2
10004c6a:	58e0      	ldr	r0, [r4, r3]
10004c6c:	4912      	ldr	r1, [pc, #72]	@ (10004cb8 <tud_descriptor_string_cb+0x74>)
10004c6e:	2301      	movs	r3, #1
10004c70:	3801      	subs	r0, #1
10004c72:	e004      	b.n	10004c7e <tud_descriptor_string_cb+0x3a>
10004c74:	3301      	adds	r3, #1
10004c76:	800a      	strh	r2, [r1, #0]
10004c78:	3102      	adds	r1, #2
10004c7a:	2b14      	cmp	r3, #20
10004c7c:	d00d      	beq.n	10004c9a <tud_descriptor_string_cb+0x56>
10004c7e:	5cc2      	ldrb	r2, [r0, r3]
10004c80:	2a00      	cmp	r2, #0
10004c82:	d1f7      	bne.n	10004c74 <tud_descriptor_string_cb+0x30>
10004c84:	22c0      	movs	r2, #192	@ 0xc0
10004c86:	b2db      	uxtb	r3, r3
10004c88:	005b      	lsls	r3, r3, #1
10004c8a:	0092      	lsls	r2, r2, #2
10004c8c:	4808      	ldr	r0, [pc, #32]	@ (10004cb0 <tud_descriptor_string_cb+0x6c>)
10004c8e:	4313      	orrs	r3, r2
10004c90:	e7e5      	b.n	10004c5e <tud_descriptor_string_cb+0x1a>
10004c92:	2111      	movs	r1, #17
10004c94:	f000 f81a 	bl	10004ccc <pico_get_unique_board_id_string>
10004c98:	e7da      	b.n	10004c50 <tud_descriptor_string_cb+0xc>
10004c9a:	23ca      	movs	r3, #202	@ 0xca
10004c9c:	4804      	ldr	r0, [pc, #16]	@ (10004cb0 <tud_descriptor_string_cb+0x6c>)
10004c9e:	009b      	lsls	r3, r3, #2
10004ca0:	e7dd      	b.n	10004c5e <tud_descriptor_string_cb+0x1a>
10004ca2:	2000      	movs	r0, #0
10004ca4:	e7dc      	b.n	10004c60 <tud_descriptor_string_cb+0x1c>
10004ca6:	46c0      	nop			@ (mov r8, r8)
10004ca8:	2000277c 	.word	0x2000277c
10004cac:	00000409 	.word	0x00000409
10004cb0:	200022e8 	.word	0x200022e8
10004cb4:	10008d94 	.word	0x10008d94
10004cb8:	200022ea 	.word	0x200022ea

10004cbc <_retrieve_unique_id_on_boot>:
10004cbc:	b510      	push	{r4, lr}
10004cbe:	4802      	ldr	r0, [pc, #8]	@ (10004cc8 <_retrieve_unique_id_on_boot+0xc>)
10004cc0:	f000 f8d8 	bl	10004e74 <flash_get_unique_id>
10004cc4:	bd10      	pop	{r4, pc}
10004cc6:	46c0      	nop			@ (mov r8, r8)
10004cc8:	20002760 	.word	0x20002760

10004ccc <pico_get_unique_board_id_string>:
10004ccc:	b530      	push	{r4, r5, lr}
10004cce:	1e4b      	subs	r3, r1, #1
10004cd0:	2901      	cmp	r1, #1
10004cd2:	d100      	bne.n	10004cd6 <pico_get_unique_board_id_string+0xa>
10004cd4:	e0a7      	b.n	10004e26 <pico_get_unique_board_id_string+0x15a>
10004cd6:	4a66      	ldr	r2, [pc, #408]	@ (10004e70 <pico_get_unique_board_id_string+0x1a4>)
10004cd8:	7811      	ldrb	r1, [r2, #0]
10004cda:	090d      	lsrs	r5, r1, #4
10004cdc:	002c      	movs	r4, r5
10004cde:	3430      	adds	r4, #48	@ 0x30
10004ce0:	299f      	cmp	r1, #159	@ 0x9f
10004ce2:	d900      	bls.n	10004ce6 <pico_get_unique_board_id_string+0x1a>
10004ce4:	e0a2      	b.n	10004e2c <pico_get_unique_board_id_string+0x160>
10004ce6:	7004      	strb	r4, [r0, #0]
10004ce8:	2b01      	cmp	r3, #1
10004cea:	d100      	bne.n	10004cee <pico_get_unique_board_id_string+0x22>
10004cec:	e0be      	b.n	10004e6c <pico_get_unique_board_id_string+0x1a0>
10004cee:	210f      	movs	r1, #15
10004cf0:	7814      	ldrb	r4, [r2, #0]
10004cf2:	4021      	ands	r1, r4
10004cf4:	000c      	movs	r4, r1
10004cf6:	3430      	adds	r4, #48	@ 0x30
10004cf8:	2909      	cmp	r1, #9
10004cfa:	d900      	bls.n	10004cfe <pico_get_unique_board_id_string+0x32>
10004cfc:	e098      	b.n	10004e30 <pico_get_unique_board_id_string+0x164>
10004cfe:	7044      	strb	r4, [r0, #1]
10004d00:	2b02      	cmp	r3, #2
10004d02:	d100      	bne.n	10004d06 <pico_get_unique_board_id_string+0x3a>
10004d04:	e0b2      	b.n	10004e6c <pico_get_unique_board_id_string+0x1a0>
10004d06:	7854      	ldrb	r4, [r2, #1]
10004d08:	0925      	lsrs	r5, r4, #4
10004d0a:	0029      	movs	r1, r5
10004d0c:	3130      	adds	r1, #48	@ 0x30
10004d0e:	2c9f      	cmp	r4, #159	@ 0x9f
10004d10:	d900      	bls.n	10004d14 <pico_get_unique_board_id_string+0x48>
10004d12:	e090      	b.n	10004e36 <pico_get_unique_board_id_string+0x16a>
10004d14:	7081      	strb	r1, [r0, #2]
10004d16:	2b03      	cmp	r3, #3
10004d18:	d100      	bne.n	10004d1c <pico_get_unique_board_id_string+0x50>
10004d1a:	e0a7      	b.n	10004e6c <pico_get_unique_board_id_string+0x1a0>
10004d1c:	210f      	movs	r1, #15
10004d1e:	4021      	ands	r1, r4
10004d20:	000c      	movs	r4, r1
10004d22:	3430      	adds	r4, #48	@ 0x30
10004d24:	2909      	cmp	r1, #9
10004d26:	d900      	bls.n	10004d2a <pico_get_unique_board_id_string+0x5e>
10004d28:	e087      	b.n	10004e3a <pico_get_unique_board_id_string+0x16e>
10004d2a:	70c4      	strb	r4, [r0, #3]
10004d2c:	2b04      	cmp	r3, #4
10004d2e:	d100      	bne.n	10004d32 <pico_get_unique_board_id_string+0x66>
10004d30:	e09c      	b.n	10004e6c <pico_get_unique_board_id_string+0x1a0>
10004d32:	7894      	ldrb	r4, [r2, #2]
10004d34:	0925      	lsrs	r5, r4, #4
10004d36:	0029      	movs	r1, r5
10004d38:	3130      	adds	r1, #48	@ 0x30
10004d3a:	2c9f      	cmp	r4, #159	@ 0x9f
10004d3c:	d900      	bls.n	10004d40 <pico_get_unique_board_id_string+0x74>
10004d3e:	e07f      	b.n	10004e40 <pico_get_unique_board_id_string+0x174>
10004d40:	7101      	strb	r1, [r0, #4]
10004d42:	2b05      	cmp	r3, #5
10004d44:	d100      	bne.n	10004d48 <pico_get_unique_board_id_string+0x7c>
10004d46:	e091      	b.n	10004e6c <pico_get_unique_board_id_string+0x1a0>
10004d48:	210f      	movs	r1, #15
10004d4a:	4021      	ands	r1, r4
10004d4c:	000c      	movs	r4, r1
10004d4e:	3430      	adds	r4, #48	@ 0x30
10004d50:	2909      	cmp	r1, #9
10004d52:	d900      	bls.n	10004d56 <pico_get_unique_board_id_string+0x8a>
10004d54:	e076      	b.n	10004e44 <pico_get_unique_board_id_string+0x178>
10004d56:	7144      	strb	r4, [r0, #5]
10004d58:	2b06      	cmp	r3, #6
10004d5a:	d100      	bne.n	10004d5e <pico_get_unique_board_id_string+0x92>
10004d5c:	e086      	b.n	10004e6c <pico_get_unique_board_id_string+0x1a0>
10004d5e:	78d4      	ldrb	r4, [r2, #3]
10004d60:	0925      	lsrs	r5, r4, #4
10004d62:	0029      	movs	r1, r5
10004d64:	3130      	adds	r1, #48	@ 0x30
10004d66:	2c9f      	cmp	r4, #159	@ 0x9f
10004d68:	d900      	bls.n	10004d6c <pico_get_unique_board_id_string+0xa0>
10004d6a:	e06e      	b.n	10004e4a <pico_get_unique_board_id_string+0x17e>
10004d6c:	7181      	strb	r1, [r0, #6]
10004d6e:	2b07      	cmp	r3, #7
10004d70:	d100      	bne.n	10004d74 <pico_get_unique_board_id_string+0xa8>
10004d72:	e07b      	b.n	10004e6c <pico_get_unique_board_id_string+0x1a0>
10004d74:	210f      	movs	r1, #15
10004d76:	4021      	ands	r1, r4
10004d78:	000c      	movs	r4, r1
10004d7a:	3430      	adds	r4, #48	@ 0x30
10004d7c:	2909      	cmp	r1, #9
10004d7e:	d866      	bhi.n	10004e4e <pico_get_unique_board_id_string+0x182>
10004d80:	71c4      	strb	r4, [r0, #7]
10004d82:	2b08      	cmp	r3, #8
10004d84:	d100      	bne.n	10004d88 <pico_get_unique_board_id_string+0xbc>
10004d86:	e071      	b.n	10004e6c <pico_get_unique_board_id_string+0x1a0>
10004d88:	7914      	ldrb	r4, [r2, #4]
10004d8a:	0925      	lsrs	r5, r4, #4
10004d8c:	0029      	movs	r1, r5
10004d8e:	3130      	adds	r1, #48	@ 0x30
10004d90:	2c9f      	cmp	r4, #159	@ 0x9f
10004d92:	d85f      	bhi.n	10004e54 <pico_get_unique_board_id_string+0x188>
10004d94:	7201      	strb	r1, [r0, #8]
10004d96:	2b09      	cmp	r3, #9
10004d98:	d068      	beq.n	10004e6c <pico_get_unique_board_id_string+0x1a0>
10004d9a:	210f      	movs	r1, #15
10004d9c:	4021      	ands	r1, r4
10004d9e:	000c      	movs	r4, r1
10004da0:	3430      	adds	r4, #48	@ 0x30
10004da2:	2909      	cmp	r1, #9
10004da4:	d858      	bhi.n	10004e58 <pico_get_unique_board_id_string+0x18c>
10004da6:	7244      	strb	r4, [r0, #9]
10004da8:	2b0a      	cmp	r3, #10
10004daa:	d05f      	beq.n	10004e6c <pico_get_unique_board_id_string+0x1a0>
10004dac:	7954      	ldrb	r4, [r2, #5]
10004dae:	0925      	lsrs	r5, r4, #4
10004db0:	0029      	movs	r1, r5
10004db2:	3130      	adds	r1, #48	@ 0x30
10004db4:	2c9f      	cmp	r4, #159	@ 0x9f
10004db6:	d852      	bhi.n	10004e5e <pico_get_unique_board_id_string+0x192>
10004db8:	7281      	strb	r1, [r0, #10]
10004dba:	2b0b      	cmp	r3, #11
10004dbc:	d056      	beq.n	10004e6c <pico_get_unique_board_id_string+0x1a0>
10004dbe:	210f      	movs	r1, #15
10004dc0:	4021      	ands	r1, r4
10004dc2:	000c      	movs	r4, r1
10004dc4:	3430      	adds	r4, #48	@ 0x30
10004dc6:	2909      	cmp	r1, #9
10004dc8:	d84b      	bhi.n	10004e62 <pico_get_unique_board_id_string+0x196>
10004dca:	72c4      	strb	r4, [r0, #11]
10004dcc:	2b0c      	cmp	r3, #12
10004dce:	d04d      	beq.n	10004e6c <pico_get_unique_board_id_string+0x1a0>
10004dd0:	7994      	ldrb	r4, [r2, #6]
10004dd2:	0925      	lsrs	r5, r4, #4
10004dd4:	0029      	movs	r1, r5
10004dd6:	3130      	adds	r1, #48	@ 0x30
10004dd8:	2c9f      	cmp	r4, #159	@ 0x9f
10004dda:	d900      	bls.n	10004dde <pico_get_unique_board_id_string+0x112>
10004ddc:	3107      	adds	r1, #7
10004dde:	7301      	strb	r1, [r0, #12]
10004de0:	2b0d      	cmp	r3, #13
10004de2:	d043      	beq.n	10004e6c <pico_get_unique_board_id_string+0x1a0>
10004de4:	210f      	movs	r1, #15
10004de6:	4021      	ands	r1, r4
10004de8:	000c      	movs	r4, r1
10004dea:	3430      	adds	r4, #48	@ 0x30
10004dec:	2909      	cmp	r1, #9
10004dee:	d901      	bls.n	10004df4 <pico_get_unique_board_id_string+0x128>
10004df0:	3137      	adds	r1, #55	@ 0x37
10004df2:	000c      	movs	r4, r1
10004df4:	7344      	strb	r4, [r0, #13]
10004df6:	2b0e      	cmp	r3, #14
10004df8:	d038      	beq.n	10004e6c <pico_get_unique_board_id_string+0x1a0>
10004dfa:	79d1      	ldrb	r1, [r2, #7]
10004dfc:	090c      	lsrs	r4, r1, #4
10004dfe:	0022      	movs	r2, r4
10004e00:	3230      	adds	r2, #48	@ 0x30
10004e02:	299f      	cmp	r1, #159	@ 0x9f
10004e04:	d900      	bls.n	10004e08 <pico_get_unique_board_id_string+0x13c>
10004e06:	3207      	adds	r2, #7
10004e08:	7382      	strb	r2, [r0, #14]
10004e0a:	2b0f      	cmp	r3, #15
10004e0c:	d02e      	beq.n	10004e6c <pico_get_unique_board_id_string+0x1a0>
10004e0e:	220f      	movs	r2, #15
10004e10:	400a      	ands	r2, r1
10004e12:	0011      	movs	r1, r2
10004e14:	3137      	adds	r1, #55	@ 0x37
10004e16:	2a09      	cmp	r2, #9
10004e18:	d801      	bhi.n	10004e1e <pico_get_unique_board_id_string+0x152>
10004e1a:	3230      	adds	r2, #48	@ 0x30
10004e1c:	0011      	movs	r1, r2
10004e1e:	73c1      	strb	r1, [r0, #15]
10004e20:	2b10      	cmp	r3, #16
10004e22:	d023      	beq.n	10004e6c <pico_get_unique_board_id_string+0x1a0>
10004e24:	3010      	adds	r0, #16
10004e26:	2300      	movs	r3, #0
10004e28:	7003      	strb	r3, [r0, #0]
10004e2a:	bd30      	pop	{r4, r5, pc}
10004e2c:	3407      	adds	r4, #7
10004e2e:	e75a      	b.n	10004ce6 <pico_get_unique_board_id_string+0x1a>
10004e30:	3137      	adds	r1, #55	@ 0x37
10004e32:	000c      	movs	r4, r1
10004e34:	e763      	b.n	10004cfe <pico_get_unique_board_id_string+0x32>
10004e36:	3107      	adds	r1, #7
10004e38:	e76c      	b.n	10004d14 <pico_get_unique_board_id_string+0x48>
10004e3a:	3137      	adds	r1, #55	@ 0x37
10004e3c:	000c      	movs	r4, r1
10004e3e:	e774      	b.n	10004d2a <pico_get_unique_board_id_string+0x5e>
10004e40:	3107      	adds	r1, #7
10004e42:	e77d      	b.n	10004d40 <pico_get_unique_board_id_string+0x74>
10004e44:	3137      	adds	r1, #55	@ 0x37
10004e46:	000c      	movs	r4, r1
10004e48:	e785      	b.n	10004d56 <pico_get_unique_board_id_string+0x8a>
10004e4a:	3107      	adds	r1, #7
10004e4c:	e78e      	b.n	10004d6c <pico_get_unique_board_id_string+0xa0>
10004e4e:	3137      	adds	r1, #55	@ 0x37
10004e50:	000c      	movs	r4, r1
10004e52:	e795      	b.n	10004d80 <pico_get_unique_board_id_string+0xb4>
10004e54:	3107      	adds	r1, #7
10004e56:	e79d      	b.n	10004d94 <pico_get_unique_board_id_string+0xc8>
10004e58:	3137      	adds	r1, #55	@ 0x37
10004e5a:	000c      	movs	r4, r1
10004e5c:	e7a3      	b.n	10004da6 <pico_get_unique_board_id_string+0xda>
10004e5e:	3107      	adds	r1, #7
10004e60:	e7aa      	b.n	10004db8 <pico_get_unique_board_id_string+0xec>
10004e62:	3137      	adds	r1, #55	@ 0x37
10004e64:	000c      	movs	r4, r1
10004e66:	72c4      	strb	r4, [r0, #11]
10004e68:	2b0c      	cmp	r3, #12
10004e6a:	d1b1      	bne.n	10004dd0 <pico_get_unique_board_id_string+0x104>
10004e6c:	18c0      	adds	r0, r0, r3
10004e6e:	e7da      	b.n	10004e26 <pico_get_unique_board_id_string+0x15a>
10004e70:	20002760 	.word	0x20002760

10004e74 <flash_get_unique_id>:
10004e74:	b510      	push	{r4, lr}
10004e76:	b088      	sub	sp, #32
10004e78:	0004      	movs	r4, r0
10004e7a:	220d      	movs	r2, #13
10004e7c:	2100      	movs	r1, #0
10004e7e:	4668      	mov	r0, sp
10004e80:	f7fd fcd4 	bl	1000282c <__wrap_memset>
10004e84:	220d      	movs	r2, #13
10004e86:	2100      	movs	r1, #0
10004e88:	a804      	add	r0, sp, #16
10004e8a:	f7fd fccf 	bl	1000282c <__wrap_memset>
10004e8e:	234b      	movs	r3, #75	@ 0x4b
10004e90:	466a      	mov	r2, sp
10004e92:	4668      	mov	r0, sp
10004e94:	7013      	strb	r3, [r2, #0]
10004e96:	a904      	add	r1, sp, #16
10004e98:	220d      	movs	r2, #13
10004e9a:	f003 fbc1 	bl	10008620 <__flash_do_cmd_veneer>
10004e9e:	2115      	movs	r1, #21
10004ea0:	2208      	movs	r2, #8
10004ea2:	0020      	movs	r0, r4
10004ea4:	4469      	add	r1, sp
10004ea6:	f7fd fcc7 	bl	10002838 <__wrap___aeabi_memcpy>
10004eaa:	b008      	add	sp, #32
10004eac:	bd10      	pop	{r4, pc}
10004eae:	46c0      	nop			@ (mov r8, r8)

10004eb0 <dcd_init>:
10004eb0:	b5f8      	push	{r3, r4, r5, r6, r7, lr}
10004eb2:	f000 f947 	bl	10005144 <rp2040_usb_init>
10004eb6:	230c      	movs	r3, #12
10004eb8:	4d19      	ldr	r5, [pc, #100]	@ (10004f20 <dcd_init+0x70>)
10004eba:	22ff      	movs	r2, #255	@ 0xff
10004ebc:	67ab      	str	r3, [r5, #120]	@ 0x78
10004ebe:	2005      	movs	r0, #5
10004ec0:	4918      	ldr	r1, [pc, #96]	@ (10004f24 <dcd_init+0x74>)
10004ec2:	f7fb fbb9 	bl	10000638 <irq_add_shared_handler>
10004ec6:	4c18      	ldr	r4, [pc, #96]	@ (10004f28 <dcd_init+0x78>)
10004ec8:	2240      	movs	r2, #64	@ 0x40
10004eca:	2100      	movs	r1, #0
10004ecc:	0020      	movs	r0, r4
10004ece:	f7fd fcad 	bl	1000282c <__wrap_memset>
10004ed2:	2740      	movs	r7, #64	@ 0x40
10004ed4:	2300      	movs	r3, #0
10004ed6:	2601      	movs	r6, #1
10004ed8:	2121      	movs	r1, #33	@ 0x21
10004eda:	4a14      	ldr	r2, [pc, #80]	@ (10004f2c <dcd_init+0x7c>)
10004edc:	7066      	strb	r6, [r4, #1]
10004ede:	8327      	strh	r7, [r4, #24]
10004ee0:	60a2      	str	r2, [r4, #8]
10004ee2:	6013      	str	r3, [r2, #0]
10004ee4:	5463      	strb	r3, [r4, r1]
10004ee6:	315f      	adds	r1, #95	@ 0x5f
10004ee8:	8461      	strh	r1, [r4, #34]	@ 0x22
10004eea:	3945      	subs	r1, #69	@ 0x45
10004eec:	5463      	strb	r3, [r4, r1]
10004eee:	4a10      	ldr	r2, [pc, #64]	@ (10004f30 <dcd_init+0x80>)
10004ef0:	4910      	ldr	r1, [pc, #64]	@ (10004f34 <dcd_init+0x84>)
10004ef2:	6063      	str	r3, [r4, #4]
10004ef4:	60e2      	str	r2, [r4, #12]
10004ef6:	8727      	strh	r7, [r4, #56]	@ 0x38
10004ef8:	62a1      	str	r1, [r4, #40]	@ 0x28
10004efa:	600b      	str	r3, [r1, #0]
10004efc:	6263      	str	r3, [r4, #36]	@ 0x24
10004efe:	62e2      	str	r2, [r4, #44]	@ 0x2c
10004f00:	f003 fbee 	bl	100086e0 <__reset_non_control_endpoints_veneer>
10004f04:	2380      	movs	r3, #128	@ 0x80
10004f06:	059b      	lsls	r3, r3, #22
10004f08:	642e      	str	r6, [r5, #64]	@ 0x40
10004f0a:	64eb      	str	r3, [r5, #76]	@ 0x4c
10004f0c:	2390      	movs	r3, #144	@ 0x90
10004f0e:	4a0a      	ldr	r2, [pc, #40]	@ (10004f38 <dcd_init+0x88>)
10004f10:	2001      	movs	r0, #1
10004f12:	50ea      	str	r2, [r5, r3]
10004f14:	2280      	movs	r2, #128	@ 0x80
10004f16:	4b09      	ldr	r3, [pc, #36]	@ (10004f3c <dcd_init+0x8c>)
10004f18:	0252      	lsls	r2, r2, #9
10004f1a:	64da      	str	r2, [r3, #76]	@ 0x4c
10004f1c:	bdf8      	pop	{r3, r4, r5, r6, r7, pc}
10004f1e:	46c0      	nop			@ (mov r8, r8)
10004f20:	50110000 	.word	0x50110000
10004f24:	20000545 	.word	0x20000545
10004f28:	20002324 	.word	0x20002324
10004f2c:	50100084 	.word	0x50100084
10004f30:	50100100 	.word	0x50100100
10004f34:	50100080 	.word	0x50100080
10004f38:	0001d010 	.word	0x0001d010
10004f3c:	50112000 	.word	0x50112000

10004f40 <dcd_int_enable>:
10004f40:	b510      	push	{r4, lr}
10004f42:	2101      	movs	r1, #1
10004f44:	2005      	movs	r0, #5
10004f46:	f7fb fb15 	bl	10000574 <irq_set_enabled>
10004f4a:	bd10      	pop	{r4, pc}

10004f4c <dcd_set_address>:
10004f4c:	b510      	push	{r4, lr}
10004f4e:	2200      	movs	r2, #0
10004f50:	2100      	movs	r1, #0
10004f52:	4802      	ldr	r0, [pc, #8]	@ (10004f5c <dcd_set_address+0x10>)
10004f54:	f000 f916 	bl	10005184 <hw_endpoint_xfer_start>
10004f58:	bd10      	pop	{r4, pc}
10004f5a:	46c0      	nop			@ (mov r8, r8)
10004f5c:	20002344 	.word	0x20002344

10004f60 <dcd_sof_enable>:
10004f60:	4b04      	ldr	r3, [pc, #16]	@ (10004f74 <dcd_sof_enable+0x14>)
10004f62:	7019      	strb	r1, [r3, #0]
10004f64:	2900      	cmp	r1, #0
10004f66:	d004      	beq.n	10004f72 <dcd_sof_enable+0x12>
10004f68:	2180      	movs	r1, #128	@ 0x80
10004f6a:	2390      	movs	r3, #144	@ 0x90
10004f6c:	4a02      	ldr	r2, [pc, #8]	@ (10004f78 <dcd_sof_enable+0x18>)
10004f6e:	0289      	lsls	r1, r1, #10
10004f70:	50d1      	str	r1, [r2, r3]
10004f72:	4770      	bx	lr
10004f74:	2000278e 	.word	0x2000278e
10004f78:	50112000 	.word	0x50112000

10004f7c <dcd_edpt0_status_complete>:
10004f7c:	780b      	ldrb	r3, [r1, #0]
10004f7e:	065b      	lsls	r3, r3, #25
10004f80:	d102      	bne.n	10004f88 <dcd_edpt0_status_complete+0xc>
10004f82:	784b      	ldrb	r3, [r1, #1]
10004f84:	2b05      	cmp	r3, #5
10004f86:	d000      	beq.n	10004f8a <dcd_edpt0_status_complete+0xe>
10004f88:	4770      	bx	lr
10004f8a:	788a      	ldrb	r2, [r1, #2]
10004f8c:	4b01      	ldr	r3, [pc, #4]	@ (10004f94 <dcd_edpt0_status_complete+0x18>)
10004f8e:	601a      	str	r2, [r3, #0]
10004f90:	e7fa      	b.n	10004f88 <dcd_edpt0_status_complete+0xc>
10004f92:	46c0      	nop			@ (mov r8, r8)
10004f94:	50110000 	.word	0x50110000

10004f98 <dcd_edpt_open>:
10004f98:	b5f0      	push	{r4, r5, r6, r7, lr}
10004f9a:	46c6      	mov	lr, r8
10004f9c:	78c8      	ldrb	r0, [r1, #3]
10004f9e:	b500      	push	{lr}
10004fa0:	0780      	lsls	r0, r0, #30
10004fa2:	0f83      	lsrs	r3, r0, #30
10004fa4:	0018      	movs	r0, r3
10004fa6:	2b01      	cmp	r3, #1
10004fa8:	d060      	beq.n	1000506c <dcd_edpt_open+0xd4>
10004faa:	788f      	ldrb	r7, [r1, #2]
10004fac:	790a      	ldrb	r2, [r1, #4]
10004fae:	794b      	ldrb	r3, [r1, #5]
10004fb0:	217f      	movs	r1, #127	@ 0x7f
10004fb2:	4039      	ands	r1, r7
10004fb4:	09fc      	lsrs	r4, r7, #7
10004fb6:	021b      	lsls	r3, r3, #8
10004fb8:	004e      	lsls	r6, r1, #1
10004fba:	4313      	orrs	r3, r2
10004fbc:	4d33      	ldr	r5, [pc, #204]	@ (1000508c <dcd_edpt_open+0xf4>)
10004fbe:	1932      	adds	r2, r6, r4
10004fc0:	0152      	lsls	r2, r2, #5
10004fc2:	18aa      	adds	r2, r5, r2
10004fc4:	7097      	strb	r7, [r2, #2]
10004fc6:	2701      	movs	r7, #1
10004fc8:	4067      	eors	r7, r4
10004fca:	7057      	strb	r7, [r2, #1]
10004fcc:	2700      	movs	r7, #0
10004fce:	055b      	lsls	r3, r3, #21
10004fd0:	0d5b      	lsrs	r3, r3, #21
10004fd2:	70d7      	strb	r7, [r2, #3]
10004fd4:	8313      	strh	r3, [r2, #24]
10004fd6:	76d0      	strb	r0, [r2, #27]
10004fd8:	46b8      	mov	r8, r7
10004fda:	00ca      	lsls	r2, r1, #3
10004fdc:	2c01      	cmp	r4, #1
10004fde:	d032      	beq.n	10005046 <dcd_edpt_open+0xae>
10004fe0:	4f2b      	ldr	r7, [pc, #172]	@ (10005090 <dcd_edpt_open+0xf8>)
10004fe2:	46bc      	mov	ip, r7
10004fe4:	018f      	lsls	r7, r1, #6
10004fe6:	4462      	add	r2, ip
10004fe8:	46bc      	mov	ip, r7
10004fea:	44ac      	add	ip, r5
10004fec:	4667      	mov	r7, ip
10004fee:	60ba      	str	r2, [r7, #8]
10004ff0:	4647      	mov	r7, r8
10004ff2:	6017      	str	r7, [r2, #0]
10004ff4:	2900      	cmp	r1, #0
10004ff6:	d032      	beq.n	1000505e <dcd_edpt_open+0xc6>
10004ff8:	4a26      	ldr	r2, [pc, #152]	@ (10005094 <dcd_edpt_open+0xfc>)
10004ffa:	00c9      	lsls	r1, r1, #3
10004ffc:	4690      	mov	r8, r2
10004ffe:	4662      	mov	r2, ip
10005000:	4441      	add	r1, r8
10005002:	6051      	str	r1, [r2, #4]
10005004:	223f      	movs	r2, #63	@ 0x3f
10005006:	333f      	adds	r3, #63	@ 0x3f
10005008:	4393      	bics	r3, r2
1000500a:	2802      	cmp	r0, #2
1000500c:	d037      	beq.n	1000507e <dcd_edpt_open+0xe6>
1000500e:	4922      	ldr	r1, [pc, #136]	@ (10005098 <dcd_edpt_open+0x100>)
10005010:	1937      	adds	r7, r6, r4
10005012:	680a      	ldr	r2, [r1, #0]
10005014:	017f      	lsls	r7, r7, #5
10005016:	18d3      	adds	r3, r2, r3
10005018:	600b      	str	r3, [r1, #0]
1000501a:	4920      	ldr	r1, [pc, #128]	@ (1000509c <dcd_edpt_open+0x104>)
1000501c:	19ef      	adds	r7, r5, r7
1000501e:	60fa      	str	r2, [r7, #12]
10005020:	428b      	cmp	r3, r1
10005022:	d82e      	bhi.n	10005082 <dcd_edpt_open+0xea>
10005024:	1936      	adds	r6, r6, r4
10005026:	0176      	lsls	r6, r6, #5
10005028:	19ad      	adds	r5, r5, r6
1000502a:	7eeb      	ldrb	r3, [r5, #27]
1000502c:	491c      	ldr	r1, [pc, #112]	@ (100050a0 <dcd_edpt_open+0x108>)
1000502e:	069b      	lsls	r3, r3, #26
10005030:	404a      	eors	r2, r1
10005032:	4313      	orrs	r3, r2
10005034:	2280      	movs	r2, #128	@ 0x80
10005036:	0612      	lsls	r2, r2, #24
10005038:	4313      	orrs	r3, r2
1000503a:	686a      	ldr	r2, [r5, #4]
1000503c:	6013      	str	r3, [r2, #0]
1000503e:	2001      	movs	r0, #1
10005040:	bc80      	pop	{r7}
10005042:	46b8      	mov	r8, r7
10005044:	bdf0      	pop	{r4, r5, r6, r7, pc}
10005046:	4f17      	ldr	r7, [pc, #92]	@ (100050a4 <dcd_edpt_open+0x10c>)
10005048:	46bc      	mov	ip, r7
1000504a:	018f      	lsls	r7, r1, #6
1000504c:	4462      	add	r2, ip
1000504e:	46bc      	mov	ip, r7
10005050:	44ac      	add	ip, r5
10005052:	4667      	mov	r7, ip
10005054:	62ba      	str	r2, [r7, #40]	@ 0x28
10005056:	4647      	mov	r7, r8
10005058:	6017      	str	r7, [r2, #0]
1000505a:	2900      	cmp	r1, #0
1000505c:	d108      	bne.n	10005070 <dcd_edpt_open+0xd8>
1000505e:	2300      	movs	r3, #0
10005060:	0164      	lsls	r4, r4, #5
10005062:	192c      	adds	r4, r5, r4
10005064:	6063      	str	r3, [r4, #4]
10005066:	4b10      	ldr	r3, [pc, #64]	@ (100050a8 <dcd_edpt_open+0x110>)
10005068:	60e3      	str	r3, [r4, #12]
1000506a:	e7e8      	b.n	1000503e <dcd_edpt_open+0xa6>
1000506c:	2000      	movs	r0, #0
1000506e:	e7e7      	b.n	10005040 <dcd_edpt_open+0xa8>
10005070:	4a0b      	ldr	r2, [pc, #44]	@ (100050a0 <dcd_edpt_open+0x108>)
10005072:	00c9      	lsls	r1, r1, #3
10005074:	4690      	mov	r8, r2
10005076:	4662      	mov	r2, ip
10005078:	4441      	add	r1, r8
1000507a:	6251      	str	r1, [r2, #36]	@ 0x24
1000507c:	e7c2      	b.n	10005004 <dcd_edpt_open+0x6c>
1000507e:	005b      	lsls	r3, r3, #1
10005080:	e7c5      	b.n	1000500e <dcd_edpt_open+0x76>
10005082:	f7fc fbf3 	bl	1000186c <hard_assertion_failure>
10005086:	68fa      	ldr	r2, [r7, #12]
10005088:	e7cc      	b.n	10005024 <dcd_edpt_open+0x8c>
1000508a:	46c0      	nop			@ (mov r8, r8)
1000508c:	20002324 	.word	0x20002324
10005090:	50100084 	.word	0x50100084
10005094:	50100004 	.word	0x50100004
10005098:	2000272c 	.word	0x2000272c
1000509c:	50100fff 	.word	0x50100fff
100050a0:	50100000 	.word	0x50100000
100050a4:	50100080 	.word	0x50100080
100050a8:	50100100 	.word	0x50100100

100050ac <dcd_edpt_close_all>:
100050ac:	b510      	push	{r4, lr}
100050ae:	f003 fb17 	bl	100086e0 <__reset_non_control_endpoints_veneer>
100050b2:	bd10      	pop	{r4, pc}

100050b4 <dcd_edpt_xfer>:
100050b4:	b510      	push	{r4, lr}
100050b6:	207f      	movs	r0, #127	@ 0x7f
100050b8:	000c      	movs	r4, r1
100050ba:	4020      	ands	r0, r4
100050bc:	0040      	lsls	r0, r0, #1
100050be:	09e4      	lsrs	r4, r4, #7
100050c0:	0011      	movs	r1, r2
100050c2:	1900      	adds	r0, r0, r4
100050c4:	001a      	movs	r2, r3
100050c6:	4b03      	ldr	r3, [pc, #12]	@ (100050d4 <dcd_edpt_xfer+0x20>)
100050c8:	0140      	lsls	r0, r0, #5
100050ca:	18c0      	adds	r0, r0, r3
100050cc:	f000 f85a 	bl	10005184 <hw_endpoint_xfer_start>
100050d0:	2001      	movs	r0, #1
100050d2:	bd10      	pop	{r4, pc}
100050d4:	20002324 	.word	0x20002324

100050d8 <dcd_edpt_stall>:
100050d8:	237f      	movs	r3, #127	@ 0x7f
100050da:	0018      	movs	r0, r3
100050dc:	b500      	push	{lr}
100050de:	4008      	ands	r0, r1
100050e0:	b083      	sub	sp, #12
100050e2:	420b      	tst	r3, r1
100050e4:	d104      	bne.n	100050f0 <dcd_edpt_stall+0x18>
100050e6:	424b      	negs	r3, r1
100050e8:	414b      	adcs	r3, r1
100050ea:	4a08      	ldr	r2, [pc, #32]	@ (1000510c <dcd_edpt_stall+0x34>)
100050ec:	3301      	adds	r3, #1
100050ee:	6693      	str	r3, [r2, #104]	@ 0x68
100050f0:	2280      	movs	r2, #128	@ 0x80
100050f2:	09c9      	lsrs	r1, r1, #7
100050f4:	0040      	lsls	r0, r0, #1
100050f6:	4b06      	ldr	r3, [pc, #24]	@ (10005110 <dcd_edpt_stall+0x38>)
100050f8:	1840      	adds	r0, r0, r1
100050fa:	0140      	lsls	r0, r0, #5
100050fc:	2100      	movs	r1, #0
100050fe:	18c0      	adds	r0, r0, r3
10005100:	0112      	lsls	r2, r2, #4
10005102:	f003 fae5 	bl	100086d0 <___hw_endpoint_buffer_control_update32_veneer>
10005106:	b003      	add	sp, #12
10005108:	bd00      	pop	{pc}
1000510a:	46c0      	nop			@ (mov r8, r8)
1000510c:	50112000 	.word	0x50112000
10005110:	20002324 	.word	0x20002324

10005114 <dcd_edpt_clear_stall>:
10005114:	227f      	movs	r2, #127	@ 0x7f
10005116:	0013      	movs	r3, r2
10005118:	b510      	push	{r4, lr}
1000511a:	400b      	ands	r3, r1
1000511c:	420a      	tst	r2, r1
1000511e:	d100      	bne.n	10005122 <dcd_edpt_clear_stall+0xe>
10005120:	bd10      	pop	{r4, pc}
10005122:	09c9      	lsrs	r1, r1, #7
10005124:	005b      	lsls	r3, r3, #1
10005126:	185b      	adds	r3, r3, r1
10005128:	4804      	ldr	r0, [pc, #16]	@ (1000513c <dcd_edpt_clear_stall+0x28>)
1000512a:	015b      	lsls	r3, r3, #5
1000512c:	18c0      	adds	r0, r0, r3
1000512e:	2300      	movs	r3, #0
10005130:	2200      	movs	r2, #0
10005132:	4903      	ldr	r1, [pc, #12]	@ (10005140 <dcd_edpt_clear_stall+0x2c>)
10005134:	70c3      	strb	r3, [r0, #3]
10005136:	f003 facb 	bl	100086d0 <___hw_endpoint_buffer_control_update32_veneer>
1000513a:	e7f1      	b.n	10005120 <dcd_edpt_clear_stall+0xc>
1000513c:	20002324 	.word	0x20002324
10005140:	fffff7ff 	.word	0xfffff7ff

10005144 <rp2040_usb_init>:
10005144:	2280      	movs	r2, #128	@ 0x80
10005146:	4b0a      	ldr	r3, [pc, #40]	@ (10005170 <rp2040_usb_init+0x2c>)
10005148:	0452      	lsls	r2, r2, #17
1000514a:	b510      	push	{r4, lr}
1000514c:	601a      	str	r2, [r3, #0]
1000514e:	4b09      	ldr	r3, [pc, #36]	@ (10005174 <rp2040_usb_init+0x30>)
10005150:	4909      	ldr	r1, [pc, #36]	@ (10005178 <rp2040_usb_init+0x34>)
10005152:	601a      	str	r2, [r3, #0]
10005154:	0010      	movs	r0, r2
10005156:	680b      	ldr	r3, [r1, #0]
10005158:	4398      	bics	r0, r3
1000515a:	d1fb      	bne.n	10005154 <rp2040_usb_init+0x10>
1000515c:	2280      	movs	r2, #128	@ 0x80
1000515e:	2100      	movs	r1, #0
10005160:	0152      	lsls	r2, r2, #5
10005162:	4806      	ldr	r0, [pc, #24]	@ (1000517c <rp2040_usb_init+0x38>)
10005164:	f7fd fb62 	bl	1000282c <__wrap_memset>
10005168:	2209      	movs	r2, #9
1000516a:	4b05      	ldr	r3, [pc, #20]	@ (10005180 <rp2040_usb_init+0x3c>)
1000516c:	675a      	str	r2, [r3, #116]	@ 0x74
1000516e:	bd10      	pop	{r4, pc}
10005170:	4000e000 	.word	0x4000e000
10005174:	4000f000 	.word	0x4000f000
10005178:	4000c008 	.word	0x4000c008
1000517c:	50100000 	.word	0x50100000
10005180:	50110000 	.word	0x50110000

10005184 <hw_endpoint_xfer_start>:
10005184:	2300      	movs	r3, #0
10005186:	b510      	push	{r4, lr}
10005188:	82c3      	strh	r3, [r0, #22]
1000518a:	3301      	adds	r3, #1
1000518c:	8282      	strh	r2, [r0, #20]
1000518e:	7683      	strb	r3, [r0, #26]
10005190:	6101      	str	r1, [r0, #16]
10005192:	0004      	movs	r4, r0
10005194:	f003 fa3c 	bl	10008610 <__e15_is_bulkin_ep_veneer>
10005198:	2800      	cmp	r0, #0
1000519a:	d004      	beq.n	100051a6 <hw_endpoint_xfer_start+0x22>
1000519c:	2180      	movs	r1, #128	@ 0x80
1000519e:	2390      	movs	r3, #144	@ 0x90
100051a0:	4a07      	ldr	r2, [pc, #28]	@ (100051c0 <hw_endpoint_xfer_start+0x3c>)
100051a2:	0289      	lsls	r1, r1, #10
100051a4:	50d1      	str	r1, [r2, r3]
100051a6:	0020      	movs	r0, r4
100051a8:	f003 fa8a 	bl	100086c0 <__e15_is_critical_frame_period_veneer>
100051ac:	2800      	cmp	r0, #0
100051ae:	d002      	beq.n	100051b6 <hw_endpoint_xfer_start+0x32>
100051b0:	2301      	movs	r3, #1
100051b2:	7723      	strb	r3, [r4, #28]
100051b4:	bd10      	pop	{r4, pc}
100051b6:	0020      	movs	r0, r4
100051b8:	f003 fa7a 	bl	100086b0 <__hw_endpoint_start_next_buffer_veneer>
100051bc:	e7fa      	b.n	100051b4 <hw_endpoint_xfer_start+0x30>
100051be:	46c0      	nop			@ (mov r8, r8)
100051c0:	50112000 	.word	0x50112000

100051c4 <tud_event_hook_cb>:
100051c4:	4770      	bx	lr
100051c6:	46c0      	nop			@ (mov r8, r8)

100051c8 <tud_sof_cb>:
100051c8:	4770      	bx	lr
100051ca:	46c0      	nop			@ (mov r8, r8)

100051cc <tud_descriptor_device_qualifier_cb>:
100051cc:	2000      	movs	r0, #0
100051ce:	4770      	bx	lr

100051d0 <tud_descriptor_other_speed_configuration_cb>:
100051d0:	2000      	movs	r0, #0
100051d2:	4770      	bx	lr

100051d4 <tud_mount_cb>:
100051d4:	4770      	bx	lr
100051d6:	46c0      	nop			@ (mov r8, r8)

100051d8 <tud_umount_cb>:
100051d8:	4770      	bx	lr
100051da:	46c0      	nop			@ (mov r8, r8)

100051dc <tud_suspend_cb>:
100051dc:	4770      	bx	lr
100051de:	46c0      	nop			@ (mov r8, r8)

100051e0 <tud_resume_cb>:
100051e0:	4770      	bx	lr
100051e2:	46c0      	nop			@ (mov r8, r8)

100051e4 <tud_mounted>:
100051e4:	4b02      	ldr	r3, [pc, #8]	@ (100051f0 <tud_mounted+0xc>)
100051e6:	7858      	ldrb	r0, [r3, #1]
100051e8:	1e43      	subs	r3, r0, #1
100051ea:	4198      	sbcs	r0, r3
100051ec:	b2c0      	uxtb	r0, r0
100051ee:	4770      	bx	lr
100051f0:	20001dc8 	.word	0x20001dc8

100051f4 <tud_suspended>:
100051f4:	4b02      	ldr	r3, [pc, #8]	@ (10005200 <tud_suspended+0xc>)
100051f6:	7818      	ldrb	r0, [r3, #0]
100051f8:	0740      	lsls	r0, r0, #29
100051fa:	0fc0      	lsrs	r0, r0, #31
100051fc:	4770      	bx	lr
100051fe:	46c0      	nop			@ (mov r8, r8)
10005200:	20001dc8 	.word	0x20001dc8

10005204 <tud_rhport_init>:
10005204:	b5f0      	push	{r4, r5, r6, r7, lr}
10005206:	46d6      	mov	lr, sl
10005208:	464f      	mov	r7, r9
1000520a:	4646      	mov	r6, r8
1000520c:	b5c0      	push	{r6, r7, lr}
1000520e:	4b2f      	ldr	r3, [pc, #188]	@ (100052cc <tud_rhport_init+0xc8>)
10005210:	0007      	movs	r7, r0
10005212:	469a      	mov	sl, r3
10005214:	781b      	ldrb	r3, [r3, #0]
10005216:	000e      	movs	r6, r1
10005218:	2bff      	cmp	r3, #255	@ 0xff
1000521a:	d150      	bne.n	100052be <tud_rhport_init+0xba>
1000521c:	2900      	cmp	r1, #0
1000521e:	d041      	beq.n	100052a4 <tud_rhport_init+0xa0>
10005220:	2100      	movs	r1, #0
10005222:	2254      	movs	r2, #84	@ 0x54
10005224:	482a      	ldr	r0, [pc, #168]	@ (100052d0 <tud_rhport_init+0xcc>)
10005226:	f7fd fb01 	bl	1000282c <__wrap_memset>
1000522a:	2200      	movs	r2, #0
1000522c:	4c29      	ldr	r4, [pc, #164]	@ (100052d4 <tud_rhport_init+0xd0>)
1000522e:	4b2a      	ldr	r3, [pc, #168]	@ (100052d8 <tud_rhport_init+0xd4>)
10005230:	0020      	movs	r0, r4
10005232:	701a      	strb	r2, [r3, #0]
10005234:	f7fb fb9a 	bl	1000096c <mutex_init>
10005238:	4b28      	ldr	r3, [pc, #160]	@ (100052dc <tud_rhport_init+0xd8>)
1000523a:	601c      	str	r4, [r3, #0]
1000523c:	4c28      	ldr	r4, [pc, #160]	@ (100052e0 <tud_rhport_init+0xdc>)
1000523e:	0020      	movs	r0, r4
10005240:	3c14      	subs	r4, #20
10005242:	f7fb fba1 	bl	10000988 <critical_section_init>
10005246:	0020      	movs	r0, r4
10005248:	f001 fdfa 	bl	10006e40 <tu_fifo_clear>
1000524c:	4b25      	ldr	r3, [pc, #148]	@ (100052e4 <tud_rhport_init+0xe0>)
1000524e:	4d26      	ldr	r5, [pc, #152]	@ (100052e8 <tud_rhport_init+0xe4>)
10005250:	601c      	str	r4, [r3, #0]
10005252:	4b26      	ldr	r3, [pc, #152]	@ (100052ec <tud_rhport_init+0xe8>)
10005254:	2b00      	cmp	r3, #0
10005256:	d004      	beq.n	10005262 <tud_rhport_init+0x5e>
10005258:	0028      	movs	r0, r5
1000525a:	f7ff fac7 	bl	100047ec <usbd_app_driver_get_cb>
1000525e:	4b24      	ldr	r3, [pc, #144]	@ (100052f0 <tud_rhport_init+0xec>)
10005260:	6018      	str	r0, [r3, #0]
10005262:	4924      	ldr	r1, [pc, #144]	@ (100052f4 <tud_rhport_init+0xf0>)
10005264:	2400      	movs	r4, #0
10005266:	4689      	mov	r9, r1
10005268:	4921      	ldr	r1, [pc, #132]	@ (100052f0 <tud_rhport_init+0xec>)
1000526a:	2300      	movs	r3, #0
1000526c:	4688      	mov	r8, r1
1000526e:	782a      	ldrb	r2, [r5, #0]
10005270:	e010      	b.n	10005294 <tud_rhport_init+0x90>
10005272:	4643      	mov	r3, r8
10005274:	681b      	ldr	r3, [r3, #0]
10005276:	0162      	lsls	r2, r4, #5
10005278:	189b      	adds	r3, r3, r2
1000527a:	2b00      	cmp	r3, #0
1000527c:	d012      	beq.n	100052a4 <tud_rhport_init+0xa0>
1000527e:	685b      	ldr	r3, [r3, #4]
10005280:	2b00      	cmp	r3, #0
10005282:	d00f      	beq.n	100052a4 <tud_rhport_init+0xa0>
10005284:	4798      	blx	r3
10005286:	782a      	ldrb	r2, [r5, #0]
10005288:	3401      	adds	r4, #1
1000528a:	b2e4      	uxtb	r4, r4
1000528c:	1c51      	adds	r1, r2, #1
1000528e:	0023      	movs	r3, r4
10005290:	42a1      	cmp	r1, r4
10005292:	db09      	blt.n	100052a8 <tud_rhport_init+0xa4>
10005294:	42a2      	cmp	r2, r4
10005296:	d8ec      	bhi.n	10005272 <tud_rhport_init+0x6e>
10005298:	1a9b      	subs	r3, r3, r2
1000529a:	015b      	lsls	r3, r3, #5
1000529c:	444b      	add	r3, r9
1000529e:	685b      	ldr	r3, [r3, #4]
100052a0:	2b00      	cmp	r3, #0
100052a2:	d1ef      	bne.n	10005284 <tud_rhport_init+0x80>
100052a4:	2000      	movs	r0, #0
100052a6:	e00b      	b.n	100052c0 <tud_rhport_init+0xbc>
100052a8:	4653      	mov	r3, sl
100052aa:	0031      	movs	r1, r6
100052ac:	0038      	movs	r0, r7
100052ae:	701f      	strb	r7, [r3, #0]
100052b0:	f7ff fdfe 	bl	10004eb0 <dcd_init>
100052b4:	2800      	cmp	r0, #0
100052b6:	d0f5      	beq.n	100052a4 <tud_rhport_init+0xa0>
100052b8:	0038      	movs	r0, r7
100052ba:	f7ff fe41 	bl	10004f40 <dcd_int_enable>
100052be:	2001      	movs	r0, #1
100052c0:	bce0      	pop	{r5, r6, r7}
100052c2:	46ba      	mov	sl, r7
100052c4:	46b1      	mov	r9, r6
100052c6:	46a8      	mov	r8, r5
100052c8:	bdf0      	pop	{r4, r5, r6, r7, pc}
100052ca:	46c0      	nop			@ (mov r8, r8)
100052cc:	20001194 	.word	0x20001194
100052d0:	20001dc8 	.word	0x20001dc8
100052d4:	20001dc0 	.word	0x20001dc0
100052d8:	2000278f 	.word	0x2000278f
100052dc:	20001e1c 	.word	0x20001e1c
100052e0:	2000118c 	.word	0x2000118c
100052e4:	20001e20 	.word	0x20001e20
100052e8:	2000278d 	.word	0x2000278d
100052ec:	100047ed 	.word	0x100047ed
100052f0:	20001c18 	.word	0x20001c18
100052f4:	10008ebc 	.word	0x10008ebc

100052f8 <tud_task_ext>:
100052f8:	b5f0      	push	{r4, r5, r6, r7, lr}
100052fa:	46de      	mov	lr, fp
100052fc:	4657      	mov	r7, sl
100052fe:	464e      	mov	r6, r9
10005300:	4645      	mov	r5, r8
10005302:	b5e0      	push	{r5, r6, r7, lr}
10005304:	4bc8      	ldr	r3, [pc, #800]	@ (10005628 <tud_task_ext+0x330>)
10005306:	b091      	sub	sp, #68	@ 0x44
10005308:	9302      	str	r3, [sp, #8]
1000530a:	781b      	ldrb	r3, [r3, #0]
1000530c:	2bff      	cmp	r3, #255	@ 0xff
1000530e:	d100      	bne.n	10005312 <tud_task_ext+0x1a>
10005310:	e13e      	b.n	10005590 <tud_task_ext+0x298>
10005312:	4bc6      	ldr	r3, [pc, #792]	@ (1000562c <tud_task_ext+0x334>)
10005314:	4ec6      	ldr	r6, [pc, #792]	@ (10005630 <tud_task_ext+0x338>)
10005316:	469b      	mov	fp, r3
10005318:	465f      	mov	r7, fp
1000531a:	4bc6      	ldr	r3, [pc, #792]	@ (10005634 <tud_task_ext+0x33c>)
1000531c:	ac0d      	add	r4, sp, #52	@ 0x34
1000531e:	9301      	str	r3, [sp, #4]
10005320:	4bc5      	ldr	r3, [pc, #788]	@ (10005638 <tud_task_ext+0x340>)
10005322:	9300      	str	r3, [sp, #0]
10005324:	6835      	ldr	r5, [r6, #0]
10005326:	696a      	ldr	r2, [r5, #20]
10005328:	f3ef 8110 	mrs	r1, PRIMASK
1000532c:	b672      	cpsid	i
1000532e:	6813      	ldr	r3, [r2, #0]
10005330:	2b00      	cmp	r3, #0
10005332:	d0fc      	beq.n	1000532e <tud_task_ext+0x36>
10005334:	f3bf 8f5f 	dmb	sy
10005338:	61a9      	str	r1, [r5, #24]
1000533a:	0028      	movs	r0, r5
1000533c:	0021      	movs	r1, r4
1000533e:	f001 fbaf 	bl	10006aa0 <tu_fifo_read>
10005342:	696a      	ldr	r2, [r5, #20]
10005344:	69ab      	ldr	r3, [r5, #24]
10005346:	f3bf 8f5f 	dmb	sy
1000534a:	2100      	movs	r1, #0
1000534c:	6011      	str	r1, [r2, #0]
1000534e:	f383 8810 	msr	PRIMASK, r3
10005352:	2800      	cmp	r0, #0
10005354:	d100      	bne.n	10005358 <tud_task_ext+0x60>
10005356:	e11b      	b.n	10005590 <tud_task_ext+0x298>
10005358:	7863      	ldrb	r3, [r4, #1]
1000535a:	2b08      	cmp	r3, #8
1000535c:	d8e2      	bhi.n	10005324 <tud_task_ext+0x2c>
1000535e:	009b      	lsls	r3, r3, #2
10005360:	58fb      	ldr	r3, [r7, r3]
10005362:	469f      	mov	pc, r3
10005364:	6863      	ldr	r3, [r4, #4]
10005366:	2b00      	cmp	r3, #0
10005368:	d0dc      	beq.n	10005324 <tud_task_ext+0x2c>
1000536a:	68a0      	ldr	r0, [r4, #8]
1000536c:	4798      	blx	r3
1000536e:	e7d9      	b.n	10005324 <tud_task_ext+0x2c>
10005370:	227f      	movs	r2, #127	@ 0x7f
10005372:	7921      	ldrb	r1, [r4, #4]
10005374:	4daf      	ldr	r5, [pc, #700]	@ (10005634 <tud_task_ext+0x33c>)
10005376:	400a      	ands	r2, r1
10005378:	0053      	lsls	r3, r2, #1
1000537a:	18eb      	adds	r3, r5, r3
1000537c:	4698      	mov	r8, r3
1000537e:	09c8      	lsrs	r0, r1, #7
10005380:	4480      	add	r8, r0
10005382:	4640      	mov	r0, r8
10005384:	2301      	movs	r3, #1
10005386:	3030      	adds	r0, #48	@ 0x30
10005388:	7905      	ldrb	r5, [r0, #4]
1000538a:	439d      	bics	r5, r3
1000538c:	7105      	strb	r5, [r0, #4]
1000538e:	7905      	ldrb	r5, [r0, #4]
10005390:	3303      	adds	r3, #3
10005392:	439d      	bics	r5, r3
10005394:	7105      	strb	r5, [r0, #4]
10005396:	2a00      	cmp	r2, #0
10005398:	d100      	bne.n	1000539c <tud_task_ext+0xa4>
1000539a:	e100      	b.n	1000559e <tud_task_ext+0x2a6>
1000539c:	4643      	mov	r3, r8
1000539e:	4aa7      	ldr	r2, [pc, #668]	@ (1000563c <tud_task_ext+0x344>)
100053a0:	7d1b      	ldrb	r3, [r3, #20]
100053a2:	7812      	ldrb	r2, [r2, #0]
100053a4:	4293      	cmp	r3, r2
100053a6:	d300      	bcc.n	100053aa <tud_task_ext+0xb2>
100053a8:	e0ef      	b.n	1000558a <tud_task_ext+0x292>
100053aa:	4aa5      	ldr	r2, [pc, #660]	@ (10005640 <tud_task_ext+0x348>)
100053ac:	015b      	lsls	r3, r3, #5
100053ae:	6815      	ldr	r5, [r2, #0]
100053b0:	18ed      	adds	r5, r5, r3
100053b2:	2d00      	cmp	r5, #0
100053b4:	d100      	bne.n	100053b8 <tud_task_ext+0xc0>
100053b6:	e0eb      	b.n	10005590 <tud_task_ext+0x298>
100053b8:	68a3      	ldr	r3, [r4, #8]
100053ba:	7962      	ldrb	r2, [r4, #5]
100053bc:	7820      	ldrb	r0, [r4, #0]
100053be:	69ad      	ldr	r5, [r5, #24]
100053c0:	47a8      	blx	r5
100053c2:	e7af      	b.n	10005324 <tud_task_ext+0x2c>
100053c4:	4a9f      	ldr	r2, [pc, #636]	@ (10005644 <tud_task_ext+0x34c>)
100053c6:	7813      	ldrb	r3, [r2, #0]
100053c8:	2b00      	cmp	r3, #0
100053ca:	d100      	bne.n	100053ce <tud_task_ext+0xd6>
100053cc:	e0e0      	b.n	10005590 <tud_task_ext+0x298>
100053ce:	7813      	ldrb	r3, [r2, #0]
100053d0:	3b01      	subs	r3, #1
100053d2:	b2db      	uxtb	r3, r3
100053d4:	7013      	strb	r3, [r2, #0]
100053d6:	7813      	ldrb	r3, [r2, #0]
100053d8:	2b00      	cmp	r3, #0
100053da:	d1a3      	bne.n	10005324 <tud_task_ext+0x2c>
100053dc:	2201      	movs	r2, #1
100053de:	4d95      	ldr	r5, [pc, #596]	@ (10005634 <tud_task_ext+0x33c>)
100053e0:	2101      	movs	r1, #1
100053e2:	782b      	ldrb	r3, [r5, #0]
100053e4:	2004      	movs	r0, #4
100053e6:	4313      	orrs	r3, r2
100053e8:	702b      	strb	r3, [r5, #0]
100053ea:	2334      	movs	r3, #52	@ 0x34
100053ec:	5cea      	ldrb	r2, [r5, r3]
100053ee:	438a      	bics	r2, r1
100053f0:	54ea      	strb	r2, [r5, r3]
100053f2:	5cea      	ldrb	r2, [r5, r3]
100053f4:	4382      	bics	r2, r0
100053f6:	54ea      	strb	r2, [r5, r3]
100053f8:	3301      	adds	r3, #1
100053fa:	5cea      	ldrb	r2, [r5, r3]
100053fc:	438a      	bics	r2, r1
100053fe:	54ea      	strb	r2, [r5, r3]
10005400:	5cea      	ldrb	r2, [r5, r3]
10005402:	4382      	bics	r2, r0
10005404:	54ea      	strb	r2, [r5, r3]
10005406:	7823      	ldrb	r3, [r4, #0]
10005408:	2000      	movs	r0, #0
1000540a:	469b      	mov	fp, r3
1000540c:	f000 fc9e 	bl	10005d4c <usbd_control_set_complete_callback>
10005410:	2260      	movs	r2, #96	@ 0x60
10005412:	7923      	ldrb	r3, [r4, #4]
10005414:	401a      	ands	r2, r3
10005416:	2a60      	cmp	r2, #96	@ 0x60
10005418:	d100      	bne.n	1000541c <tud_task_ext+0x124>
1000541a:	e0ef      	b.n	100055fc <tud_task_ext+0x304>
1000541c:	2a40      	cmp	r2, #64	@ 0x40
1000541e:	d100      	bne.n	10005422 <tud_task_ext+0x12a>
10005420:	e0f5      	b.n	1000560e <tud_task_ext+0x316>
10005422:	06db      	lsls	r3, r3, #27
10005424:	0edb      	lsrs	r3, r3, #27
10005426:	2b01      	cmp	r3, #1
10005428:	d100      	bne.n	1000542c <tud_task_ext+0x134>
1000542a:	e113      	b.n	10005654 <tud_task_ext+0x35c>
1000542c:	2b02      	cmp	r3, #2
1000542e:	d100      	bne.n	10005432 <tud_task_ext+0x13a>
10005430:	e0c7      	b.n	100055c2 <tud_task_ext+0x2ca>
10005432:	2b00      	cmp	r3, #0
10005434:	d000      	beq.n	10005438 <tud_task_ext+0x140>
10005436:	e0e1      	b.n	100055fc <tud_task_ext+0x304>
10005438:	2a20      	cmp	r2, #32
1000543a:	d100      	bne.n	1000543e <tud_task_ext+0x146>
1000543c:	e21c      	b.n	10005878 <tud_task_ext+0x580>
1000543e:	2a00      	cmp	r2, #0
10005440:	d000      	beq.n	10005444 <tud_task_ext+0x14c>
10005442:	e0db      	b.n	100055fc <tud_task_ext+0x304>
10005444:	7963      	ldrb	r3, [r4, #5]
10005446:	2b09      	cmp	r3, #9
10005448:	d900      	bls.n	1000544c <tud_task_ext+0x154>
1000544a:	e0d7      	b.n	100055fc <tud_task_ext+0x304>
1000544c:	4a7e      	ldr	r2, [pc, #504]	@ (10005648 <tud_task_ext+0x350>)
1000544e:	009b      	lsls	r3, r3, #2
10005450:	58d3      	ldr	r3, [r2, r3]
10005452:	469f      	mov	pc, r3
10005454:	4d77      	ldr	r5, [pc, #476]	@ (10005634 <tud_task_ext+0x33c>)
10005456:	782b      	ldrb	r3, [r5, #0]
10005458:	07db      	lsls	r3, r3, #31
1000545a:	d400      	bmi.n	1000545e <tud_task_ext+0x166>
1000545c:	e762      	b.n	10005324 <tud_task_ext+0x2c>
1000545e:	f7ff febf 	bl	100051e0 <tud_resume_cb>
10005462:	e75f      	b.n	10005324 <tud_task_ext+0x2c>
10005464:	9b01      	ldr	r3, [sp, #4]
10005466:	78db      	ldrb	r3, [r3, #3]
10005468:	07db      	lsls	r3, r3, #31
1000546a:	d400      	bmi.n	1000546e <tud_task_ext+0x176>
1000546c:	e75a      	b.n	10005324 <tud_task_ext+0x2c>
1000546e:	6860      	ldr	r0, [r4, #4]
10005470:	f7ff feaa 	bl	100051c8 <tud_sof_cb>
10005474:	e756      	b.n	10005324 <tud_task_ext+0x2c>
10005476:	4d6f      	ldr	r5, [pc, #444]	@ (10005634 <tud_task_ext+0x33c>)
10005478:	782b      	ldrb	r3, [r5, #0]
1000547a:	07db      	lsls	r3, r3, #31
1000547c:	d400      	bmi.n	10005480 <tud_task_ext+0x188>
1000547e:	e751      	b.n	10005324 <tud_task_ext+0x2c>
10005480:	7828      	ldrb	r0, [r5, #0]
10005482:	0700      	lsls	r0, r0, #28
10005484:	0fc0      	lsrs	r0, r0, #31
10005486:	f7ff fea9 	bl	100051dc <tud_suspend_cb>
1000548a:	e74b      	b.n	10005324 <tud_task_ext+0x2c>
1000548c:	7823      	ldrb	r3, [r4, #0]
1000548e:	496a      	ldr	r1, [pc, #424]	@ (10005638 <tud_task_ext+0x340>)
10005490:	4699      	mov	r9, r3
10005492:	468b      	mov	fp, r1
10005494:	4b69      	ldr	r3, [pc, #420]	@ (1000563c <tud_task_ext+0x344>)
10005496:	496a      	ldr	r1, [pc, #424]	@ (10005640 <tud_task_ext+0x348>)
10005498:	4698      	mov	r8, r3
1000549a:	468a      	mov	sl, r1
1000549c:	0039      	movs	r1, r7
1000549e:	781a      	ldrb	r2, [r3, #0]
100054a0:	4647      	mov	r7, r8
100054a2:	2300      	movs	r3, #0
100054a4:	46b0      	mov	r8, r6
100054a6:	2500      	movs	r5, #0
100054a8:	464e      	mov	r6, r9
100054aa:	4689      	mov	r9, r1
100054ac:	e010      	b.n	100054d0 <tud_task_ext+0x1d8>
100054ae:	4653      	mov	r3, sl
100054b0:	681b      	ldr	r3, [r3, #0]
100054b2:	016a      	lsls	r2, r5, #5
100054b4:	189b      	adds	r3, r3, r2
100054b6:	2b00      	cmp	r3, #0
100054b8:	d100      	bne.n	100054bc <tud_task_ext+0x1c4>
100054ba:	e076      	b.n	100055aa <tud_task_ext+0x2b2>
100054bc:	68db      	ldr	r3, [r3, #12]
100054be:	0030      	movs	r0, r6
100054c0:	4798      	blx	r3
100054c2:	783a      	ldrb	r2, [r7, #0]
100054c4:	3501      	adds	r5, #1
100054c6:	b2ed      	uxtb	r5, r5
100054c8:	1c51      	adds	r1, r2, #1
100054ca:	002b      	movs	r3, r5
100054cc:	428d      	cmp	r5, r1
100054ce:	dc44      	bgt.n	1000555a <tud_task_ext+0x262>
100054d0:	4295      	cmp	r5, r2
100054d2:	d3ec      	bcc.n	100054ae <tud_task_ext+0x1b6>
100054d4:	1a9b      	subs	r3, r3, r2
100054d6:	015b      	lsls	r3, r3, #5
100054d8:	445b      	add	r3, fp
100054da:	e7ef      	b.n	100054bc <tud_task_ext+0x1c4>
100054dc:	7823      	ldrb	r3, [r4, #0]
100054de:	4958      	ldr	r1, [pc, #352]	@ (10005640 <tud_task_ext+0x348>)
100054e0:	4699      	mov	r9, r3
100054e2:	4b56      	ldr	r3, [pc, #344]	@ (1000563c <tud_task_ext+0x344>)
100054e4:	468a      	mov	sl, r1
100054e6:	4698      	mov	r8, r3
100054e8:	0031      	movs	r1, r6
100054ea:	46bb      	mov	fp, r7
100054ec:	464e      	mov	r6, r9
100054ee:	781a      	ldrb	r2, [r3, #0]
100054f0:	2500      	movs	r5, #0
100054f2:	2300      	movs	r3, #0
100054f4:	4647      	mov	r7, r8
100054f6:	4689      	mov	r9, r1
100054f8:	e00f      	b.n	1000551a <tud_task_ext+0x222>
100054fa:	4653      	mov	r3, sl
100054fc:	681b      	ldr	r3, [r3, #0]
100054fe:	016a      	lsls	r2, r5, #5
10005500:	189b      	adds	r3, r3, r2
10005502:	2b00      	cmp	r3, #0
10005504:	d055      	beq.n	100055b2 <tud_task_ext+0x2ba>
10005506:	68db      	ldr	r3, [r3, #12]
10005508:	0030      	movs	r0, r6
1000550a:	4798      	blx	r3
1000550c:	783a      	ldrb	r2, [r7, #0]
1000550e:	3501      	adds	r5, #1
10005510:	b2ed      	uxtb	r5, r5
10005512:	1c51      	adds	r1, r2, #1
10005514:	002b      	movs	r3, r5
10005516:	428d      	cmp	r5, r1
10005518:	dc07      	bgt.n	1000552a <tud_task_ext+0x232>
1000551a:	4295      	cmp	r5, r2
1000551c:	d3ed      	bcc.n	100054fa <tud_task_ext+0x202>
1000551e:	1a9b      	subs	r3, r3, r2
10005520:	9a00      	ldr	r2, [sp, #0]
10005522:	015b      	lsls	r3, r3, #5
10005524:	4694      	mov	ip, r2
10005526:	4463      	add	r3, ip
10005528:	e7ed      	b.n	10005506 <tud_task_ext+0x20e>
1000552a:	9d01      	ldr	r5, [sp, #4]
1000552c:	2254      	movs	r2, #84	@ 0x54
1000552e:	2100      	movs	r1, #0
10005530:	0028      	movs	r0, r5
10005532:	f7fd f97b 	bl	1000282c <__wrap_memset>
10005536:	2210      	movs	r2, #16
10005538:	21ff      	movs	r1, #255	@ 0xff
1000553a:	4844      	ldr	r0, [pc, #272]	@ (1000564c <tud_task_ext+0x354>)
1000553c:	f7fd f976 	bl	1000282c <__wrap_memset>
10005540:	0028      	movs	r0, r5
10005542:	2220      	movs	r2, #32
10005544:	21ff      	movs	r1, #255	@ 0xff
10005546:	3014      	adds	r0, #20
10005548:	464e      	mov	r6, r9
1000554a:	465f      	mov	r7, fp
1000554c:	f7fd f96e 	bl	1000282c <__wrap_memset>
10005550:	f000 fbf2 	bl	10005d38 <usbd_control_reset>
10005554:	f7ff fe40 	bl	100051d8 <tud_umount_cb>
10005558:	e6e4      	b.n	10005324 <tud_task_ext+0x2c>
1000555a:	4d36      	ldr	r5, [pc, #216]	@ (10005634 <tud_task_ext+0x33c>)
1000555c:	2254      	movs	r2, #84	@ 0x54
1000555e:	2100      	movs	r1, #0
10005560:	0028      	movs	r0, r5
10005562:	f7fd f963 	bl	1000282c <__wrap_memset>
10005566:	2210      	movs	r2, #16
10005568:	21ff      	movs	r1, #255	@ 0xff
1000556a:	1d28      	adds	r0, r5, #4
1000556c:	f7fd f95e 	bl	1000282c <__wrap_memset>
10005570:	0028      	movs	r0, r5
10005572:	2220      	movs	r2, #32
10005574:	21ff      	movs	r1, #255	@ 0xff
10005576:	3014      	adds	r0, #20
10005578:	4646      	mov	r6, r8
1000557a:	464f      	mov	r7, r9
1000557c:	f7fd f956 	bl	1000282c <__wrap_memset>
10005580:	f000 fbda 	bl	10005d38 <usbd_control_reset>
10005584:	7923      	ldrb	r3, [r4, #4]
10005586:	70ab      	strb	r3, [r5, #2]
10005588:	e6cc      	b.n	10005324 <tud_task_ext+0x2c>
1000558a:	1c50      	adds	r0, r2, #1
1000558c:	4298      	cmp	r0, r3
1000558e:	da13      	bge.n	100055b8 <tud_task_ext+0x2c0>
10005590:	b011      	add	sp, #68	@ 0x44
10005592:	bcf0      	pop	{r4, r5, r6, r7}
10005594:	46bb      	mov	fp, r7
10005596:	46b2      	mov	sl, r6
10005598:	46a9      	mov	r9, r5
1000559a:	46a0      	mov	r8, r4
1000559c:	bdf0      	pop	{r4, r5, r6, r7, pc}
1000559e:	68a3      	ldr	r3, [r4, #8]
100055a0:	7962      	ldrb	r2, [r4, #5]
100055a2:	7820      	ldrb	r0, [r4, #0]
100055a4:	f000 fbe6 	bl	10005d74 <usbd_control_xfer_cb>
100055a8:	e6bc      	b.n	10005324 <tud_task_ext+0x2c>
100055aa:	4646      	mov	r6, r8
100055ac:	464f      	mov	r7, r9
100055ae:	4d21      	ldr	r5, [pc, #132]	@ (10005634 <tud_task_ext+0x33c>)
100055b0:	e7e6      	b.n	10005580 <tud_task_ext+0x288>
100055b2:	464e      	mov	r6, r9
100055b4:	465f      	mov	r7, fp
100055b6:	e7cb      	b.n	10005550 <tud_task_ext+0x258>
100055b8:	4d1f      	ldr	r5, [pc, #124]	@ (10005638 <tud_task_ext+0x340>)
100055ba:	1a9b      	subs	r3, r3, r2
100055bc:	015b      	lsls	r3, r3, #5
100055be:	195d      	adds	r5, r3, r5
100055c0:	e6fa      	b.n	100053b8 <tud_task_ext+0xc0>
100055c2:	2370      	movs	r3, #112	@ 0x70
100055c4:	7a21      	ldrb	r1, [r4, #8]
100055c6:	420b      	tst	r3, r1
100055c8:	d118      	bne.n	100055fc <tud_task_ext+0x304>
100055ca:	09c8      	lsrs	r0, r1, #7
100055cc:	4682      	mov	sl, r0
100055ce:	330f      	adds	r3, #15
100055d0:	400b      	ands	r3, r1
100055d2:	005b      	lsls	r3, r3, #1
100055d4:	4698      	mov	r8, r3
100055d6:	4819      	ldr	r0, [pc, #100]	@ (1000563c <tud_task_ext+0x344>)
100055d8:	18eb      	adds	r3, r5, r3
100055da:	4453      	add	r3, sl
100055dc:	7d1b      	ldrb	r3, [r3, #20]
100055de:	7800      	ldrb	r0, [r0, #0]
100055e0:	4699      	mov	r9, r3
100055e2:	4283      	cmp	r3, r0
100055e4:	d266      	bcs.n	100056b4 <tud_task_ext+0x3bc>
100055e6:	4816      	ldr	r0, [pc, #88]	@ (10005640 <tud_task_ext+0x348>)
100055e8:	015b      	lsls	r3, r3, #5
100055ea:	6800      	ldr	r0, [r0, #0]
100055ec:	4681      	mov	r9, r0
100055ee:	4499      	add	r9, r3
100055f0:	2a00      	cmp	r2, #0
100055f2:	d100      	bne.n	100055f6 <tud_task_ext+0x2fe>
100055f4:	e15f      	b.n	100058b6 <tud_task_ext+0x5be>
100055f6:	464b      	mov	r3, r9
100055f8:	2b00      	cmp	r3, #0
100055fa:	d168      	bne.n	100056ce <tud_task_ext+0x3d6>
100055fc:	7820      	ldrb	r0, [r4, #0]
100055fe:	2100      	movs	r1, #0
10005600:	f7ff fd6a 	bl	100050d8 <dcd_edpt_stall>
10005604:	2180      	movs	r1, #128	@ 0x80
10005606:	7820      	ldrb	r0, [r4, #0]
10005608:	f7ff fd66 	bl	100050d8 <dcd_edpt_stall>
1000560c:	e68a      	b.n	10005324 <tud_task_ext+0x2c>
1000560e:	4810      	ldr	r0, [pc, #64]	@ (10005650 <tud_task_ext+0x358>)
10005610:	f000 fb9c 	bl	10005d4c <usbd_control_set_complete_callback>
10005614:	2101      	movs	r1, #1
10005616:	4658      	mov	r0, fp
10005618:	aa0e      	add	r2, sp, #56	@ 0x38
1000561a:	f7ff f8cd 	bl	100047b8 <tud_vendor_control_xfer_cb>
1000561e:	2800      	cmp	r0, #0
10005620:	d000      	beq.n	10005624 <tud_task_ext+0x32c>
10005622:	e67f      	b.n	10005324 <tud_task_ext+0x2c>
10005624:	e7ea      	b.n	100055fc <tud_task_ext+0x304>
10005626:	46c0      	nop			@ (mov r8, r8)
10005628:	20001194 	.word	0x20001194
1000562c:	10008e14 	.word	0x10008e14
10005630:	20001e20 	.word	0x20001e20
10005634:	20001dc8 	.word	0x20001dc8
10005638:	10008ebc 	.word	0x10008ebc
1000563c:	2000278d 	.word	0x2000278d
10005640:	20001c18 	.word	0x20001c18
10005644:	2000278f 	.word	0x2000278f
10005648:	10008e38 	.word	0x10008e38
1000564c:	20001dcc 	.word	0x20001dcc
10005650:	100047b9 	.word	0x100047b9
10005654:	7a23      	ldrb	r3, [r4, #8]
10005656:	2b0f      	cmp	r3, #15
10005658:	d8d0      	bhi.n	100055fc <tud_task_ext+0x304>
1000565a:	4acf      	ldr	r2, [pc, #828]	@ (10005998 <tud_task_ext+0x6a0>)
1000565c:	18eb      	adds	r3, r5, r3
1000565e:	791b      	ldrb	r3, [r3, #4]
10005660:	7815      	ldrb	r5, [r2, #0]
10005662:	42ab      	cmp	r3, r5
10005664:	d33e      	bcc.n	100056e4 <tud_task_ext+0x3ec>
10005666:	1c69      	adds	r1, r5, #1
10005668:	4299      	cmp	r1, r3
1000566a:	dbc7      	blt.n	100055fc <tud_task_ext+0x304>
1000566c:	1b5d      	subs	r5, r3, r5
1000566e:	4bcb      	ldr	r3, [pc, #812]	@ (1000599c <tud_task_ext+0x6a4>)
10005670:	016d      	lsls	r5, r5, #5
10005672:	18ed      	adds	r5, r5, r3
10005674:	6968      	ldr	r0, [r5, #20]
10005676:	f000 fb69 	bl	10005d4c <usbd_control_set_complete_callback>
1000567a:	2101      	movs	r1, #1
1000567c:	4658      	mov	r0, fp
1000567e:	696b      	ldr	r3, [r5, #20]
10005680:	aa0e      	add	r2, sp, #56	@ 0x38
10005682:	4798      	blx	r3
10005684:	2800      	cmp	r0, #0
10005686:	d000      	beq.n	1000568a <tud_task_ext+0x392>
10005688:	e64c      	b.n	10005324 <tud_task_ext+0x2c>
1000568a:	2260      	movs	r2, #96	@ 0x60
1000568c:	0015      	movs	r5, r2
1000568e:	7923      	ldrb	r3, [r4, #4]
10005690:	401d      	ands	r5, r3
10005692:	421a      	tst	r2, r3
10005694:	d1b2      	bne.n	100055fc <tud_task_ext+0x304>
10005696:	7963      	ldrb	r3, [r4, #5]
10005698:	3b0a      	subs	r3, #10
1000569a:	2b01      	cmp	r3, #1
1000569c:	d8ae      	bhi.n	100055fc <tud_task_ext+0x304>
1000569e:	f000 fb55 	bl	10005d4c <usbd_control_set_complete_callback>
100056a2:	7963      	ldrb	r3, [r4, #5]
100056a4:	2b0a      	cmp	r3, #10
100056a6:	d100      	bne.n	100056aa <tud_task_ext+0x3b2>
100056a8:	e199      	b.n	100059de <tud_task_ext+0x6e6>
100056aa:	4658      	mov	r0, fp
100056ac:	a90e      	add	r1, sp, #56	@ 0x38
100056ae:	f000 fad9 	bl	10005c64 <tud_control_status>
100056b2:	e637      	b.n	10005324 <tud_task_ext+0x2c>
100056b4:	1c43      	adds	r3, r0, #1
100056b6:	454b      	cmp	r3, r9
100056b8:	da00      	bge.n	100056bc <tud_task_ext+0x3c4>
100056ba:	e0f7      	b.n	100058ac <tud_task_ext+0x5b4>
100056bc:	464b      	mov	r3, r9
100056be:	1a1b      	subs	r3, r3, r0
100056c0:	015b      	lsls	r3, r3, #5
100056c2:	4699      	mov	r9, r3
100056c4:	48b5      	ldr	r0, [pc, #724]	@ (1000599c <tud_task_ext+0x6a4>)
100056c6:	4481      	add	r9, r0
100056c8:	2a00      	cmp	r2, #0
100056ca:	d100      	bne.n	100056ce <tud_task_ext+0x3d6>
100056cc:	e0f3      	b.n	100058b6 <tud_task_ext+0x5be>
100056ce:	464b      	mov	r3, r9
100056d0:	6958      	ldr	r0, [r3, #20]
100056d2:	f000 fb3b 	bl	10005d4c <usbd_control_set_complete_callback>
100056d6:	464b      	mov	r3, r9
100056d8:	2101      	movs	r1, #1
100056da:	4658      	mov	r0, fp
100056dc:	695b      	ldr	r3, [r3, #20]
100056de:	aa0e      	add	r2, sp, #56	@ 0x38
100056e0:	4798      	blx	r3
100056e2:	e79c      	b.n	1000561e <tud_task_ext+0x326>
100056e4:	4aae      	ldr	r2, [pc, #696]	@ (100059a0 <tud_task_ext+0x6a8>)
100056e6:	015b      	lsls	r3, r3, #5
100056e8:	6815      	ldr	r5, [r2, #0]
100056ea:	18ed      	adds	r5, r5, r3
100056ec:	2d00      	cmp	r5, #0
100056ee:	d1c1      	bne.n	10005674 <tud_task_ext+0x37c>
100056f0:	e784      	b.n	100055fc <tud_task_ext+0x304>
100056f2:	79a3      	ldrb	r3, [r4, #6]
100056f4:	4699      	mov	r9, r3
100056f6:	786b      	ldrb	r3, [r5, #1]
100056f8:	4599      	cmp	r9, r3
100056fa:	d0d6      	beq.n	100056aa <tud_task_ext+0x3b2>
100056fc:	786b      	ldrb	r3, [r5, #1]
100056fe:	2b00      	cmp	r3, #0
10005700:	d000      	beq.n	10005704 <tud_task_ext+0x40c>
10005702:	e133      	b.n	1000596c <tud_task_ext+0x674>
10005704:	464b      	mov	r3, r9
10005706:	706b      	strb	r3, [r5, #1]
10005708:	2b00      	cmp	r3, #0
1000570a:	d100      	bne.n	1000570e <tud_task_ext+0x416>
1000570c:	e12b      	b.n	10005966 <tud_task_ext+0x66e>
1000570e:	4648      	mov	r0, r9
10005710:	3801      	subs	r0, #1
10005712:	b2c0      	uxtb	r0, r0
10005714:	f7ff fa92 	bl	10004c3c <tud_descriptor_configuration_cb>
10005718:	2800      	cmp	r0, #0
1000571a:	d100      	bne.n	1000571e <tud_task_ext+0x426>
1000571c:	e17e      	b.n	10005a1c <tud_task_ext+0x724>
1000571e:	7843      	ldrb	r3, [r0, #1]
10005720:	9307      	str	r3, [sp, #28]
10005722:	2b02      	cmp	r3, #2
10005724:	d000      	beq.n	10005728 <tud_task_ext+0x430>
10005726:	e179      	b.n	10005a1c <tud_task_ext+0x724>
10005728:	2201      	movs	r2, #1
1000572a:	79c1      	ldrb	r1, [r0, #7]
1000572c:	46b1      	mov	r9, r6
1000572e:	118b      	asrs	r3, r1, #6
10005730:	1149      	asrs	r1, r1, #5
10005732:	4013      	ands	r3, r2
10005734:	400a      	ands	r2, r1
10005736:	2130      	movs	r1, #48	@ 0x30
10005738:	0112      	lsls	r2, r2, #4
1000573a:	015b      	lsls	r3, r3, #5
1000573c:	4313      	orrs	r3, r2
1000573e:	782a      	ldrb	r2, [r5, #0]
10005740:	46a8      	mov	r8, r5
10005742:	438a      	bics	r2, r1
10005744:	4313      	orrs	r3, r2
10005746:	702b      	strb	r3, [r5, #0]
10005748:	2309      	movs	r3, #9
1000574a:	469a      	mov	sl, r3
1000574c:	4482      	add	sl, r0
1000574e:	4656      	mov	r6, sl
10005750:	46ba      	mov	sl, r7
10005752:	78c3      	ldrb	r3, [r0, #3]
10005754:	7882      	ldrb	r2, [r0, #2]
10005756:	021b      	lsls	r3, r3, #8
10005758:	4313      	orrs	r3, r2
1000575a:	18c3      	adds	r3, r0, r3
1000575c:	9305      	str	r3, [sp, #20]
1000575e:	4b8e      	ldr	r3, [pc, #568]	@ (10005998 <tud_task_ext+0x6a0>)
10005760:	9304      	str	r3, [sp, #16]
10005762:	4b8e      	ldr	r3, [pc, #568]	@ (1000599c <tud_task_ext+0x6a4>)
10005764:	9308      	str	r3, [sp, #32]
10005766:	4b8e      	ldr	r3, [pc, #568]	@ (100059a0 <tud_task_ext+0x6a8>)
10005768:	9309      	str	r3, [sp, #36]	@ 0x24
1000576a:	4b8e      	ldr	r3, [pc, #568]	@ (100059a4 <tud_task_ext+0x6ac>)
1000576c:	930a      	str	r3, [sp, #40]	@ 0x28
1000576e:	9b05      	ldr	r3, [sp, #20]
10005770:	42b3      	cmp	r3, r6
10005772:	d800      	bhi.n	10005776 <tud_task_ext+0x47e>
10005774:	e155      	b.n	10005a22 <tud_task_ext+0x72a>
10005776:	7873      	ldrb	r3, [r6, #1]
10005778:	2201      	movs	r2, #1
1000577a:	2b0b      	cmp	r3, #11
1000577c:	d103      	bne.n	10005786 <tud_task_ext+0x48e>
1000577e:	7833      	ldrb	r3, [r6, #0]
10005780:	78f2      	ldrb	r2, [r6, #3]
10005782:	18f6      	adds	r6, r6, r3
10005784:	7873      	ldrb	r3, [r6, #1]
10005786:	2b04      	cmp	r3, #4
10005788:	d000      	beq.n	1000578c <tud_task_ext+0x494>
1000578a:	e144      	b.n	10005a16 <tud_task_ext+0x71e>
1000578c:	9b05      	ldr	r3, [sp, #20]
1000578e:	2700      	movs	r7, #0
10005790:	1b9b      	subs	r3, r3, r6
10005792:	b29b      	uxth	r3, r3
10005794:	9306      	str	r3, [sp, #24]
10005796:	9b04      	ldr	r3, [sp, #16]
10005798:	920b      	str	r2, [sp, #44]	@ 0x2c
1000579a:	781d      	ldrb	r5, [r3, #0]
1000579c:	2300      	movs	r3, #0
1000579e:	9303      	str	r3, [sp, #12]
100057a0:	e01b      	b.n	100057da <tud_task_ext+0x4e2>
100057a2:	9a09      	ldr	r2, [sp, #36]	@ 0x24
100057a4:	017b      	lsls	r3, r7, #5
100057a6:	6815      	ldr	r5, [r2, #0]
100057a8:	18ed      	adds	r5, r5, r3
100057aa:	2d00      	cmp	r5, #0
100057ac:	d100      	bne.n	100057b0 <tud_task_ext+0x4b8>
100057ae:	e132      	b.n	10005a16 <tud_task_ext+0x71e>
100057b0:	0031      	movs	r1, r6
100057b2:	4658      	mov	r0, fp
100057b4:	692b      	ldr	r3, [r5, #16]
100057b6:	9a06      	ldr	r2, [sp, #24]
100057b8:	4798      	blx	r3
100057ba:	4684      	mov	ip, r0
100057bc:	2808      	cmp	r0, #8
100057be:	d903      	bls.n	100057c8 <tud_task_ext+0x4d0>
100057c0:	9a06      	ldr	r2, [sp, #24]
100057c2:	4282      	cmp	r2, r0
100057c4:	d300      	bcc.n	100057c8 <tud_task_ext+0x4d0>
100057c6:	e113      	b.n	100059f0 <tud_task_ext+0x6f8>
100057c8:	9b04      	ldr	r3, [sp, #16]
100057ca:	3701      	adds	r7, #1
100057cc:	781d      	ldrb	r5, [r3, #0]
100057ce:	b2ff      	uxtb	r7, r7
100057d0:	1c6b      	adds	r3, r5, #1
100057d2:	9703      	str	r7, [sp, #12]
100057d4:	429f      	cmp	r7, r3
100057d6:	dd00      	ble.n	100057da <tud_task_ext+0x4e2>
100057d8:	e11d      	b.n	10005a16 <tud_task_ext+0x71e>
100057da:	42bd      	cmp	r5, r7
100057dc:	d8e1      	bhi.n	100057a2 <tud_task_ext+0x4aa>
100057de:	9b03      	ldr	r3, [sp, #12]
100057e0:	1b5d      	subs	r5, r3, r5
100057e2:	9b08      	ldr	r3, [sp, #32]
100057e4:	016d      	lsls	r5, r5, #5
100057e6:	469c      	mov	ip, r3
100057e8:	4465      	add	r5, ip
100057ea:	e7e1      	b.n	100057b0 <tud_task_ext+0x4b8>
100057ec:	786b      	ldrb	r3, [r5, #1]
100057ee:	aa0c      	add	r2, sp, #48	@ 0x30
100057f0:	3202      	adds	r2, #2
100057f2:	7013      	strb	r3, [r2, #0]
100057f4:	4658      	mov	r0, fp
100057f6:	2301      	movs	r3, #1
100057f8:	a90e      	add	r1, sp, #56	@ 0x38
100057fa:	f000 fa49 	bl	10005c90 <tud_control_xfer>
100057fe:	e591      	b.n	10005324 <tud_task_ext+0x2c>
10005800:	88e3      	ldrh	r3, [r4, #6]
10005802:	0a1a      	lsrs	r2, r3, #8
10005804:	b2d8      	uxtb	r0, r3
10005806:	2a0f      	cmp	r2, #15
10005808:	d900      	bls.n	1000580c <tud_task_ext+0x514>
1000580a:	e6f7      	b.n	100055fc <tud_task_ext+0x304>
1000580c:	4966      	ldr	r1, [pc, #408]	@ (100059a8 <tud_task_ext+0x6b0>)
1000580e:	0093      	lsls	r3, r2, #2
10005810:	58cb      	ldr	r3, [r1, r3]
10005812:	469f      	mov	pc, r3
10005814:	a80e      	add	r0, sp, #56	@ 0x38
10005816:	f000 fa9f 	bl	10005d58 <usbd_control_set_request>
1000581a:	4658      	mov	r0, fp
1000581c:	79a1      	ldrb	r1, [r4, #6]
1000581e:	f7ff fb95 	bl	10004f4c <dcd_set_address>
10005822:	2202      	movs	r2, #2
10005824:	782b      	ldrb	r3, [r5, #0]
10005826:	4313      	orrs	r3, r2
10005828:	702b      	strb	r3, [r5, #0]
1000582a:	e57b      	b.n	10005324 <tud_task_ext+0x2c>
1000582c:	88e3      	ldrh	r3, [r4, #6]
1000582e:	2b01      	cmp	r3, #1
10005830:	d000      	beq.n	10005834 <tud_task_ext+0x53c>
10005832:	e6e3      	b.n	100055fc <tud_task_ext+0x304>
10005834:	2208      	movs	r2, #8
10005836:	782b      	ldrb	r3, [r5, #0]
10005838:	4658      	mov	r0, fp
1000583a:	4393      	bics	r3, r2
1000583c:	a90e      	add	r1, sp, #56	@ 0x38
1000583e:	702b      	strb	r3, [r5, #0]
10005840:	f000 fa10 	bl	10005c64 <tud_control_status>
10005844:	e56e      	b.n	10005324 <tud_task_ext+0x2c>
10005846:	2002      	movs	r0, #2
10005848:	7829      	ldrb	r1, [r5, #0]
1000584a:	ab0c      	add	r3, sp, #48	@ 0x30
1000584c:	1c9a      	adds	r2, r3, #2
1000584e:	068b      	lsls	r3, r1, #26
10005850:	0889      	lsrs	r1, r1, #2
10005852:	0fdb      	lsrs	r3, r3, #31
10005854:	4001      	ands	r1, r0
10005856:	430b      	orrs	r3, r1
10005858:	8013      	strh	r3, [r2, #0]
1000585a:	4658      	mov	r0, fp
1000585c:	2302      	movs	r3, #2
1000585e:	a90e      	add	r1, sp, #56	@ 0x38
10005860:	f000 fa16 	bl	10005c90 <tud_control_xfer>
10005864:	e55e      	b.n	10005324 <tud_task_ext+0x2c>
10005866:	88e3      	ldrh	r3, [r4, #6]
10005868:	2b01      	cmp	r3, #1
1000586a:	d000      	beq.n	1000586e <tud_task_ext+0x576>
1000586c:	e6c6      	b.n	100055fc <tud_task_ext+0x304>
1000586e:	2208      	movs	r2, #8
10005870:	782b      	ldrb	r3, [r5, #0]
10005872:	4313      	orrs	r3, r2
10005874:	702b      	strb	r3, [r5, #0]
10005876:	e718      	b.n	100056aa <tud_task_ext+0x3b2>
10005878:	7a23      	ldrb	r3, [r4, #8]
1000587a:	2b0f      	cmp	r3, #15
1000587c:	d900      	bls.n	10005880 <tud_task_ext+0x588>
1000587e:	e6bd      	b.n	100055fc <tud_task_ext+0x304>
10005880:	18eb      	adds	r3, r5, r3
10005882:	791d      	ldrb	r5, [r3, #4]
10005884:	4b44      	ldr	r3, [pc, #272]	@ (10005998 <tud_task_ext+0x6a0>)
10005886:	781b      	ldrb	r3, [r3, #0]
10005888:	429d      	cmp	r5, r3
1000588a:	d228      	bcs.n	100058de <tud_task_ext+0x5e6>
1000588c:	4b44      	ldr	r3, [pc, #272]	@ (100059a0 <tud_task_ext+0x6a8>)
1000588e:	016d      	lsls	r5, r5, #5
10005890:	681b      	ldr	r3, [r3, #0]
10005892:	195d      	adds	r5, r3, r5
10005894:	2d00      	cmp	r5, #0
10005896:	d100      	bne.n	1000589a <tud_task_ext+0x5a2>
10005898:	e6b0      	b.n	100055fc <tud_task_ext+0x304>
1000589a:	6968      	ldr	r0, [r5, #20]
1000589c:	f000 fa56 	bl	10005d4c <usbd_control_set_complete_callback>
100058a0:	2101      	movs	r1, #1
100058a2:	4658      	mov	r0, fp
100058a4:	696b      	ldr	r3, [r5, #20]
100058a6:	aa0e      	add	r2, sp, #56	@ 0x38
100058a8:	4798      	blx	r3
100058aa:	e6b8      	b.n	1000561e <tud_task_ext+0x326>
100058ac:	2a00      	cmp	r2, #0
100058ae:	d000      	beq.n	100058b2 <tud_task_ext+0x5ba>
100058b0:	e6a4      	b.n	100055fc <tud_task_ext+0x304>
100058b2:	2300      	movs	r3, #0
100058b4:	4699      	mov	r9, r3
100058b6:	7962      	ldrb	r2, [r4, #5]
100058b8:	2002      	movs	r0, #2
100058ba:	0013      	movs	r3, r2
100058bc:	9203      	str	r2, [sp, #12]
100058be:	4383      	bics	r3, r0
100058c0:	2b01      	cmp	r3, #1
100058c2:	d015      	beq.n	100058f0 <tud_task_ext+0x5f8>
100058c4:	2a00      	cmp	r2, #0
100058c6:	d000      	beq.n	100058ca <tud_task_ext+0x5d2>
100058c8:	e698      	b.n	100055fc <tud_task_ext+0x304>
100058ca:	002b      	movs	r3, r5
100058cc:	4443      	add	r3, r8
100058ce:	4453      	add	r3, sl
100058d0:	3330      	adds	r3, #48	@ 0x30
100058d2:	791b      	ldrb	r3, [r3, #4]
100058d4:	aa0c      	add	r2, sp, #48	@ 0x30
100058d6:	079b      	lsls	r3, r3, #30
100058d8:	0fdb      	lsrs	r3, r3, #31
100058da:	3202      	adds	r2, #2
100058dc:	e7bc      	b.n	10005858 <tud_task_ext+0x560>
100058de:	1c5a      	adds	r2, r3, #1
100058e0:	42aa      	cmp	r2, r5
100058e2:	da00      	bge.n	100058e6 <tud_task_ext+0x5ee>
100058e4:	e68a      	b.n	100055fc <tud_task_ext+0x304>
100058e6:	1aed      	subs	r5, r5, r3
100058e8:	4b2c      	ldr	r3, [pc, #176]	@ (1000599c <tud_task_ext+0x6a4>)
100058ea:	016d      	lsls	r5, r5, #5
100058ec:	18ed      	adds	r5, r5, r3
100058ee:	e7d4      	b.n	1000589a <tud_task_ext+0x5a2>
100058f0:	88e3      	ldrh	r3, [r4, #6]
100058f2:	2b00      	cmp	r3, #0
100058f4:	d112      	bne.n	1000591c <tud_task_ext+0x624>
100058f6:	9b02      	ldr	r3, [sp, #8]
100058f8:	7818      	ldrb	r0, [r3, #0]
100058fa:	9b03      	ldr	r3, [sp, #12]
100058fc:	2b01      	cmp	r3, #1
100058fe:	d023      	beq.n	10005948 <tud_task_ext+0x650>
10005900:	f7ff fbea 	bl	100050d8 <dcd_edpt_stall>
10005904:	4643      	mov	r3, r8
10005906:	2102      	movs	r1, #2
10005908:	18eb      	adds	r3, r5, r3
1000590a:	4453      	add	r3, sl
1000590c:	3330      	adds	r3, #48	@ 0x30
1000590e:	791a      	ldrb	r2, [r3, #4]
10005910:	430a      	orrs	r2, r1
10005912:	2101      	movs	r1, #1
10005914:	711a      	strb	r2, [r3, #4]
10005916:	791a      	ldrb	r2, [r3, #4]
10005918:	430a      	orrs	r2, r1
1000591a:	711a      	strb	r2, [r3, #4]
1000591c:	464b      	mov	r3, r9
1000591e:	2b00      	cmp	r3, #0
10005920:	d100      	bne.n	10005924 <tud_task_ext+0x62c>
10005922:	e4ff      	b.n	10005324 <tud_task_ext+0x2c>
10005924:	6958      	ldr	r0, [r3, #20]
10005926:	f000 fa11 	bl	10005d4c <usbd_control_set_complete_callback>
1000592a:	464b      	mov	r3, r9
1000592c:	2101      	movs	r1, #1
1000592e:	695b      	ldr	r3, [r3, #20]
10005930:	aa0e      	add	r2, sp, #56	@ 0x38
10005932:	4658      	mov	r0, fp
10005934:	4798      	blx	r3
10005936:	2000      	movs	r0, #0
10005938:	f000 fa08 	bl	10005d4c <usbd_control_set_complete_callback>
1000593c:	2335      	movs	r3, #53	@ 0x35
1000593e:	5ceb      	ldrb	r3, [r5, r3]
10005940:	07db      	lsls	r3, r3, #31
10005942:	d500      	bpl.n	10005946 <tud_task_ext+0x64e>
10005944:	e4ee      	b.n	10005324 <tud_task_ext+0x2c>
10005946:	e6b0      	b.n	100056aa <tud_task_ext+0x3b2>
10005948:	f7ff fbe4 	bl	10005114 <dcd_edpt_clear_stall>
1000594c:	4643      	mov	r3, r8
1000594e:	2102      	movs	r1, #2
10005950:	18eb      	adds	r3, r5, r3
10005952:	4453      	add	r3, sl
10005954:	3330      	adds	r3, #48	@ 0x30
10005956:	791a      	ldrb	r2, [r3, #4]
10005958:	438a      	bics	r2, r1
1000595a:	711a      	strb	r2, [r3, #4]
1000595c:	791a      	ldrb	r2, [r3, #4]
1000595e:	9903      	ldr	r1, [sp, #12]
10005960:	438a      	bics	r2, r1
10005962:	711a      	strb	r2, [r3, #4]
10005964:	e7da      	b.n	1000591c <tud_task_ext+0x624>
10005966:	f7ff fc37 	bl	100051d8 <tud_umount_cb>
1000596a:	e69e      	b.n	100056aa <tud_task_ext+0x3b2>
1000596c:	2100      	movs	r1, #0
1000596e:	4658      	mov	r0, fp
10005970:	f7ff faf6 	bl	10004f60 <dcd_sof_enable>
10005974:	4658      	mov	r0, fp
10005976:	f7ff fb99 	bl	100050ac <dcd_edpt_close_all>
1000597a:	78ab      	ldrb	r3, [r5, #2]
1000597c:	4907      	ldr	r1, [pc, #28]	@ (1000599c <tud_task_ext+0x6a4>)
1000597e:	9303      	str	r3, [sp, #12]
10005980:	9104      	str	r1, [sp, #16]
10005982:	4b05      	ldr	r3, [pc, #20]	@ (10005998 <tud_task_ext+0x6a0>)
10005984:	4906      	ldr	r1, [pc, #24]	@ (100059a0 <tud_task_ext+0x6a8>)
10005986:	4698      	mov	r8, r3
10005988:	781a      	ldrb	r2, [r3, #0]
1000598a:	9105      	str	r1, [sp, #20]
1000598c:	2300      	movs	r3, #0
1000598e:	0029      	movs	r1, r5
10005990:	001d      	movs	r5, r3
10005992:	468a      	mov	sl, r1
10005994:	e01b      	b.n	100059ce <tud_task_ext+0x6d6>
10005996:	46c0      	nop			@ (mov r8, r8)
10005998:	2000278d 	.word	0x2000278d
1000599c:	10008ebc 	.word	0x10008ebc
100059a0:	20001c18 	.word	0x20001c18
100059a4:	20001ddc 	.word	0x20001ddc
100059a8:	10008e60 	.word	0x10008e60
100059ac:	9b05      	ldr	r3, [sp, #20]
100059ae:	016a      	lsls	r2, r5, #5
100059b0:	681b      	ldr	r3, [r3, #0]
100059b2:	189b      	adds	r3, r3, r2
100059b4:	2b00      	cmp	r3, #0
100059b6:	d04d      	beq.n	10005a54 <tud_task_ext+0x75c>
100059b8:	68db      	ldr	r3, [r3, #12]
100059ba:	4658      	mov	r0, fp
100059bc:	4798      	blx	r3
100059be:	4643      	mov	r3, r8
100059c0:	781a      	ldrb	r2, [r3, #0]
100059c2:	3501      	adds	r5, #1
100059c4:	b2ed      	uxtb	r5, r5
100059c6:	1c51      	adds	r1, r2, #1
100059c8:	002b      	movs	r3, r5
100059ca:	428d      	cmp	r5, r1
100059cc:	dc2e      	bgt.n	10005a2c <tud_task_ext+0x734>
100059ce:	4295      	cmp	r5, r2
100059d0:	d3ec      	bcc.n	100059ac <tud_task_ext+0x6b4>
100059d2:	1a9b      	subs	r3, r3, r2
100059d4:	9a04      	ldr	r2, [sp, #16]
100059d6:	015b      	lsls	r3, r3, #5
100059d8:	4694      	mov	ip, r2
100059da:	4463      	add	r3, ip
100059dc:	e7ec      	b.n	100059b8 <tud_task_ext+0x6c0>
100059de:	ab0c      	add	r3, sp, #48	@ 0x30
100059e0:	1c9a      	adds	r2, r3, #2
100059e2:	4658      	mov	r0, fp
100059e4:	2301      	movs	r3, #1
100059e6:	a90e      	add	r1, sp, #56	@ 0x38
100059e8:	7015      	strb	r5, [r2, #0]
100059ea:	f000 f951 	bl	10005c90 <tud_control_xfer>
100059ee:	e499      	b.n	10005324 <tud_task_ext+0x2c>
100059f0:	9a0b      	ldr	r2, [sp, #44]	@ 0x2c
100059f2:	2a01      	cmp	r2, #1
100059f4:	d04f      	beq.n	10005a96 <tud_task_ext+0x79e>
100059f6:	2a00      	cmp	r2, #0
100059f8:	d03c      	beq.n	10005a74 <tud_task_ext+0x77c>
100059fa:	2300      	movs	r3, #0
100059fc:	78b0      	ldrb	r0, [r6, #2]
100059fe:	e004      	b.n	10005a0a <tud_task_ext+0x712>
10005a00:	3301      	adds	r3, #1
10005a02:	b2db      	uxtb	r3, r3
10005a04:	710f      	strb	r7, [r1, #4]
10005a06:	4293      	cmp	r3, r2
10005a08:	d234      	bcs.n	10005a74 <tud_task_ext+0x77c>
10005a0a:	18c1      	adds	r1, r0, r3
10005a0c:	b2c9      	uxtb	r1, r1
10005a0e:	4441      	add	r1, r8
10005a10:	790d      	ldrb	r5, [r1, #4]
10005a12:	2dff      	cmp	r5, #255	@ 0xff
10005a14:	d0f4      	beq.n	10005a00 <tud_task_ext+0x708>
10005a16:	464e      	mov	r6, r9
10005a18:	4645      	mov	r5, r8
10005a1a:	4657      	mov	r7, sl
10005a1c:	2300      	movs	r3, #0
10005a1e:	706b      	strb	r3, [r5, #1]
10005a20:	e5ec      	b.n	100055fc <tud_task_ext+0x304>
10005a22:	464e      	mov	r6, r9
10005a24:	4657      	mov	r7, sl
10005a26:	f7ff fbd5 	bl	100051d4 <tud_mount_cb>
10005a2a:	e63e      	b.n	100056aa <tud_task_ext+0x3b2>
10005a2c:	4655      	mov	r5, sl
10005a2e:	2254      	movs	r2, #84	@ 0x54
10005a30:	2100      	movs	r1, #0
10005a32:	0028      	movs	r0, r5
10005a34:	f7fc fefa 	bl	1000282c <__wrap_memset>
10005a38:	2210      	movs	r2, #16
10005a3a:	21ff      	movs	r1, #255	@ 0xff
10005a3c:	1d28      	adds	r0, r5, #4
10005a3e:	f7fc fef5 	bl	1000282c <__wrap_memset>
10005a42:	0028      	movs	r0, r5
10005a44:	2220      	movs	r2, #32
10005a46:	21ff      	movs	r1, #255	@ 0xff
10005a48:	3014      	adds	r0, #20
10005a4a:	f7fc feef 	bl	1000282c <__wrap_memset>
10005a4e:	9b03      	ldr	r3, [sp, #12]
10005a50:	70ab      	strb	r3, [r5, #2]
10005a52:	e657      	b.n	10005704 <tud_task_ext+0x40c>
10005a54:	4655      	mov	r5, sl
10005a56:	e7fa      	b.n	10005a4e <tud_task_ext+0x756>
10005a58:	f7fe feaa 	bl	100047b0 <tud_descriptor_bos_cb>
10005a5c:	1e02      	subs	r2, r0, #0
10005a5e:	d100      	bne.n	10005a62 <tud_task_ext+0x76a>
10005a60:	e5cc      	b.n	100055fc <tud_task_ext+0x304>
10005a62:	78d3      	ldrb	r3, [r2, #3]
10005a64:	7891      	ldrb	r1, [r2, #2]
10005a66:	021b      	lsls	r3, r3, #8
10005a68:	430b      	orrs	r3, r1
10005a6a:	4658      	mov	r0, fp
10005a6c:	a90e      	add	r1, sp, #56	@ 0x38
10005a6e:	f000 f90f 	bl	10005c90 <tud_control_xfer>
10005a72:	e5d4      	b.n	1000561e <tud_task_ext+0x326>
10005a74:	4665      	mov	r5, ip
10005a76:	003b      	movs	r3, r7
10005a78:	002a      	movs	r2, r5
10005a7a:	0031      	movs	r1, r6
10005a7c:	980a      	ldr	r0, [sp, #40]	@ 0x28
10005a7e:	f000 fe7f 	bl	10006780 <tu_edpt_bind_driver>
10005a82:	46ac      	mov	ip, r5
10005a84:	9b04      	ldr	r3, [sp, #16]
10005a86:	9a03      	ldr	r2, [sp, #12]
10005a88:	781b      	ldrb	r3, [r3, #0]
10005a8a:	4466      	add	r6, ip
10005a8c:	3301      	adds	r3, #1
10005a8e:	4293      	cmp	r3, r2
10005a90:	db00      	blt.n	10005a94 <tud_task_ext+0x79c>
10005a92:	e66c      	b.n	1000576e <tud_task_ext+0x476>
10005a94:	e7bf      	b.n	10005a16 <tud_task_ext+0x71e>
10005a96:	4b17      	ldr	r3, [pc, #92]	@ (10005af4 <tud_task_ext+0x7fc>)
10005a98:	6929      	ldr	r1, [r5, #16]
10005a9a:	4299      	cmp	r1, r3
10005a9c:	d1ad      	bne.n	100059fa <tud_task_ext+0x702>
10005a9e:	9a07      	ldr	r2, [sp, #28]
10005aa0:	e7ab      	b.n	100059fa <tud_task_ext+0x702>
10005aa2:	f7ff fb93 	bl	100051cc <tud_descriptor_device_qualifier_cb>
10005aa6:	1e02      	subs	r2, r0, #0
10005aa8:	d100      	bne.n	10005aac <tud_task_ext+0x7b4>
10005aaa:	e5a7      	b.n	100055fc <tud_task_ext+0x304>
10005aac:	4658      	mov	r0, fp
10005aae:	7813      	ldrb	r3, [r2, #0]
10005ab0:	a90e      	add	r1, sp, #56	@ 0x38
10005ab2:	f000 f8ed 	bl	10005c90 <tud_control_xfer>
10005ab6:	e5b2      	b.n	1000561e <tud_task_ext+0x326>
10005ab8:	8921      	ldrh	r1, [r4, #8]
10005aba:	f7ff f8c3 	bl	10004c44 <tud_descriptor_string_cb>
10005abe:	1e02      	subs	r2, r0, #0
10005ac0:	d1f4      	bne.n	10005aac <tud_task_ext+0x7b4>
10005ac2:	e59b      	b.n	100055fc <tud_task_ext+0x304>
10005ac4:	2a02      	cmp	r2, #2
10005ac6:	d00f      	beq.n	10005ae8 <tud_task_ext+0x7f0>
10005ac8:	f7ff fb82 	bl	100051d0 <tud_descriptor_other_speed_configuration_cb>
10005acc:	1e02      	subs	r2, r0, #0
10005ace:	d1c8      	bne.n	10005a62 <tud_task_ext+0x76a>
10005ad0:	e594      	b.n	100055fc <tud_task_ext+0x304>
10005ad2:	f7ff f8af 	bl	10004c34 <tud_descriptor_device_cb>
10005ad6:	1e02      	subs	r2, r0, #0
10005ad8:	d100      	bne.n	10005adc <tud_task_ext+0x7e4>
10005ada:	e58f      	b.n	100055fc <tud_task_ext+0x304>
10005adc:	2312      	movs	r3, #18
10005ade:	4658      	mov	r0, fp
10005ae0:	a90e      	add	r1, sp, #56	@ 0x38
10005ae2:	f000 f8d5 	bl	10005c90 <tud_control_xfer>
10005ae6:	e59a      	b.n	1000561e <tud_task_ext+0x326>
10005ae8:	f7ff f8a8 	bl	10004c3c <tud_descriptor_configuration_cb>
10005aec:	1e02      	subs	r2, r0, #0
10005aee:	d1b8      	bne.n	10005a62 <tud_task_ext+0x76a>
10005af0:	e584      	b.n	100055fc <tud_task_ext+0x304>
10005af2:	46c0      	nop			@ (mov r8, r8)
10005af4:	10006149 	.word	0x10006149

10005af8 <usbd_open_edpt_pair>:
10005af8:	b5f8      	push	{r3, r4, r5, r6, r7, lr}
10005afa:	4657      	mov	r7, sl
10005afc:	464e      	mov	r6, r9
10005afe:	46de      	mov	lr, fp
10005b00:	4645      	mov	r5, r8
10005b02:	000c      	movs	r4, r1
10005b04:	b5e0      	push	{r5, r6, r7, lr}
10005b06:	0016      	movs	r6, r2
10005b08:	001f      	movs	r7, r3
10005b0a:	2a00      	cmp	r2, #0
10005b0c:	d03c      	beq.n	10005b88 <usbd_open_edpt_pair+0x90>
10005b0e:	2370      	movs	r3, #112	@ 0x70
10005b10:	4698      	mov	r8, r3
10005b12:	4b1e      	ldr	r3, [pc, #120]	@ (10005b8c <usbd_open_edpt_pair+0x94>)
10005b14:	2500      	movs	r5, #0
10005b16:	469b      	mov	fp, r3
10005b18:	4b1d      	ldr	r3, [pc, #116]	@ (10005b90 <usbd_open_edpt_pair+0x98>)
10005b1a:	469a      	mov	sl, r3
10005b1c:	e01a      	b.n	10005b54 <usbd_open_edpt_pair+0x5c>
10005b1e:	465b      	mov	r3, fp
10005b20:	781b      	ldrb	r3, [r3, #0]
10005b22:	0020      	movs	r0, r4
10005b24:	4699      	mov	r9, r3
10005b26:	4653      	mov	r3, sl
10005b28:	7899      	ldrb	r1, [r3, #2]
10005b2a:	f000 fdeb 	bl	10006704 <tu_edpt_validate>
10005b2e:	2800      	cmp	r0, #0
10005b30:	d01c      	beq.n	10005b6c <usbd_open_edpt_pair+0x74>
10005b32:	0021      	movs	r1, r4
10005b34:	4648      	mov	r0, r9
10005b36:	f7ff fa2f 	bl	10004f98 <dcd_edpt_open>
10005b3a:	2800      	cmp	r0, #0
10005b3c:	d016      	beq.n	10005b6c <usbd_open_edpt_pair+0x74>
10005b3e:	78a3      	ldrb	r3, [r4, #2]
10005b40:	09da      	lsrs	r2, r3, #7
10005b42:	2a01      	cmp	r2, #1
10005b44:	d019      	beq.n	10005b7a <usbd_open_edpt_pair+0x82>
10005b46:	9a0a      	ldr	r2, [sp, #40]	@ 0x28
10005b48:	3501      	adds	r5, #1
10005b4a:	7013      	strb	r3, [r2, #0]
10005b4c:	7823      	ldrb	r3, [r4, #0]
10005b4e:	18e4      	adds	r4, r4, r3
10005b50:	42b5      	cmp	r5, r6
10005b52:	da19      	bge.n	10005b88 <usbd_open_edpt_pair+0x90>
10005b54:	7863      	ldrb	r3, [r4, #1]
10005b56:	2b05      	cmp	r3, #5
10005b58:	d108      	bne.n	10005b6c <usbd_open_edpt_pair+0x74>
10005b5a:	78e3      	ldrb	r3, [r4, #3]
10005b5c:	079b      	lsls	r3, r3, #30
10005b5e:	0f9b      	lsrs	r3, r3, #30
10005b60:	42bb      	cmp	r3, r7
10005b62:	d103      	bne.n	10005b6c <usbd_open_edpt_pair+0x74>
10005b64:	4642      	mov	r2, r8
10005b66:	78a3      	ldrb	r3, [r4, #2]
10005b68:	421a      	tst	r2, r3
10005b6a:	d0d8      	beq.n	10005b1e <usbd_open_edpt_pair+0x26>
10005b6c:	2000      	movs	r0, #0
10005b6e:	bcf0      	pop	{r4, r5, r6, r7}
10005b70:	46bb      	mov	fp, r7
10005b72:	46b2      	mov	sl, r6
10005b74:	46a9      	mov	r9, r5
10005b76:	46a0      	mov	r8, r4
10005b78:	bdf8      	pop	{r3, r4, r5, r6, r7, pc}
10005b7a:	9a0b      	ldr	r2, [sp, #44]	@ 0x2c
10005b7c:	3501      	adds	r5, #1
10005b7e:	7013      	strb	r3, [r2, #0]
10005b80:	7823      	ldrb	r3, [r4, #0]
10005b82:	18e4      	adds	r4, r4, r3
10005b84:	42b5      	cmp	r5, r6
10005b86:	dbe5      	blt.n	10005b54 <usbd_open_edpt_pair+0x5c>
10005b88:	2001      	movs	r0, #1
10005b8a:	e7f0      	b.n	10005b6e <usbd_open_edpt_pair+0x76>
10005b8c:	20001194 	.word	0x20001194
10005b90:	20001dc8 	.word	0x20001dc8

10005b94 <usbd_edpt_open>:
10005b94:	2270      	movs	r2, #112	@ 0x70
10005b96:	b570      	push	{r4, r5, r6, lr}
10005b98:	788b      	ldrb	r3, [r1, #2]
10005b9a:	000c      	movs	r4, r1
10005b9c:	421a      	tst	r2, r3
10005b9e:	d001      	beq.n	10005ba4 <usbd_edpt_open+0x10>
10005ba0:	2000      	movs	r0, #0
10005ba2:	bd70      	pop	{r4, r5, r6, pc}
10005ba4:	4b06      	ldr	r3, [pc, #24]	@ (10005bc0 <usbd_edpt_open+0x2c>)
10005ba6:	0020      	movs	r0, r4
10005ba8:	781d      	ldrb	r5, [r3, #0]
10005baa:	4b06      	ldr	r3, [pc, #24]	@ (10005bc4 <usbd_edpt_open+0x30>)
10005bac:	7899      	ldrb	r1, [r3, #2]
10005bae:	f000 fda9 	bl	10006704 <tu_edpt_validate>
10005bb2:	2800      	cmp	r0, #0
10005bb4:	d0f4      	beq.n	10005ba0 <usbd_edpt_open+0xc>
10005bb6:	0021      	movs	r1, r4
10005bb8:	0028      	movs	r0, r5
10005bba:	f7ff f9ed 	bl	10004f98 <dcd_edpt_open>
10005bbe:	e7f0      	b.n	10005ba2 <usbd_edpt_open+0xe>
10005bc0:	20001194 	.word	0x20001194
10005bc4:	20001dc8 	.word	0x20001dc8

10005bc8 <usbd_edpt_claim>:
10005bc8:	000b      	movs	r3, r1
10005bca:	207f      	movs	r0, #127	@ 0x7f
10005bcc:	b510      	push	{r4, lr}
10005bce:	4018      	ands	r0, r3
10005bd0:	09db      	lsrs	r3, r3, #7
10005bd2:	3334      	adds	r3, #52	@ 0x34
10005bd4:	0040      	lsls	r0, r0, #1
10005bd6:	4a04      	ldr	r2, [pc, #16]	@ (10005be8 <usbd_edpt_claim+0x20>)
10005bd8:	18c0      	adds	r0, r0, r3
10005bda:	4b04      	ldr	r3, [pc, #16]	@ (10005bec <usbd_edpt_claim+0x24>)
10005bdc:	6811      	ldr	r1, [r2, #0]
10005bde:	18c0      	adds	r0, r0, r3
10005be0:	f000 fd4c 	bl	1000667c <tu_edpt_claim>
10005be4:	bd10      	pop	{r4, pc}
10005be6:	46c0      	nop			@ (mov r8, r8)
10005be8:	20001e1c 	.word	0x20001e1c
10005bec:	20001dc8 	.word	0x20001dc8

10005bf0 <usbd_edpt_release>:
10005bf0:	000b      	movs	r3, r1
10005bf2:	207f      	movs	r0, #127	@ 0x7f
10005bf4:	b510      	push	{r4, lr}
10005bf6:	4018      	ands	r0, r3
10005bf8:	09db      	lsrs	r3, r3, #7
10005bfa:	3334      	adds	r3, #52	@ 0x34
10005bfc:	0040      	lsls	r0, r0, #1
10005bfe:	4a04      	ldr	r2, [pc, #16]	@ (10005c10 <usbd_edpt_release+0x20>)
10005c00:	18c0      	adds	r0, r0, r3
10005c02:	4b04      	ldr	r3, [pc, #16]	@ (10005c14 <usbd_edpt_release+0x24>)
10005c04:	6811      	ldr	r1, [r2, #0]
10005c06:	18c0      	adds	r0, r0, r3
10005c08:	f000 fd60 	bl	100066cc <tu_edpt_release>
10005c0c:	bd10      	pop	{r4, pc}
10005c0e:	46c0      	nop			@ (mov r8, r8)
10005c10:	20001e1c 	.word	0x20001e1c
10005c14:	20001dc8 	.word	0x20001dc8

10005c18 <usbd_edpt_xfer>:
10005c18:	b570      	push	{r4, r5, r6, lr}
10005c1a:	247f      	movs	r4, #127	@ 0x7f
10005c1c:	480f      	ldr	r0, [pc, #60]	@ (10005c5c <usbd_edpt_xfer+0x44>)
10005c1e:	400c      	ands	r4, r1
10005c20:	0064      	lsls	r4, r4, #1
10005c22:	1904      	adds	r4, r0, r4
10005c24:	09cd      	lsrs	r5, r1, #7
10005c26:	1964      	adds	r4, r4, r5
10005c28:	3430      	adds	r4, #48	@ 0x30
10005c2a:	7920      	ldrb	r0, [r4, #4]
10005c2c:	07c0      	lsls	r0, r0, #31
10005c2e:	d501      	bpl.n	10005c34 <usbd_edpt_xfer+0x1c>
10005c30:	2000      	movs	r0, #0
10005c32:	bd70      	pop	{r4, r5, r6, pc}
10005c34:	2601      	movs	r6, #1
10005c36:	7925      	ldrb	r5, [r4, #4]
10005c38:	4809      	ldr	r0, [pc, #36]	@ (10005c60 <usbd_edpt_xfer+0x48>)
10005c3a:	4335      	orrs	r5, r6
10005c3c:	7800      	ldrb	r0, [r0, #0]
10005c3e:	7125      	strb	r5, [r4, #4]
10005c40:	f7ff fa38 	bl	100050b4 <dcd_edpt_xfer>
10005c44:	2800      	cmp	r0, #0
10005c46:	d1f4      	bne.n	10005c32 <usbd_edpt_xfer+0x1a>
10005c48:	2201      	movs	r2, #1
10005c4a:	7923      	ldrb	r3, [r4, #4]
10005c4c:	4393      	bics	r3, r2
10005c4e:	7123      	strb	r3, [r4, #4]
10005c50:	7923      	ldrb	r3, [r4, #4]
10005c52:	3203      	adds	r2, #3
10005c54:	4393      	bics	r3, r2
10005c56:	7123      	strb	r3, [r4, #4]
10005c58:	e7ea      	b.n	10005c30 <usbd_edpt_xfer+0x18>
10005c5a:	46c0      	nop			@ (mov r8, r8)
10005c5c:	20001dc8 	.word	0x20001dc8
10005c60:	20001194 	.word	0x20001194

10005c64 <tud_control_status>:
10005c64:	b570      	push	{r4, r5, r6, lr}
10005c66:	4c09      	ldr	r4, [pc, #36]	@ (10005c8c <tud_control_status+0x28>)
10005c68:	0006      	movs	r6, r0
10005c6a:	2208      	movs	r2, #8
10005c6c:	0020      	movs	r0, r4
10005c6e:	000d      	movs	r5, r1
10005c70:	f7fc fde2 	bl	10002838 <__wrap___aeabi_memcpy>
10005c74:	2300      	movs	r3, #0
10005c76:	2180      	movs	r1, #128	@ 0x80
10005c78:	60e3      	str	r3, [r4, #12]
10005c7a:	60a3      	str	r3, [r4, #8]
10005c7c:	782b      	ldrb	r3, [r5, #0]
10005c7e:	0030      	movs	r0, r6
10005c80:	4399      	bics	r1, r3
10005c82:	2200      	movs	r2, #0
10005c84:	2300      	movs	r3, #0
10005c86:	f7ff ffc7 	bl	10005c18 <usbd_edpt_xfer>
10005c8a:	bd70      	pop	{r4, r5, r6, pc}
10005c8c:	20001da8 	.word	0x20001da8

10005c90 <tud_control_xfer>:
10005c90:	b5f8      	push	{r3, r4, r5, r6, r7, lr}
10005c92:	46ce      	mov	lr, r9
10005c94:	4647      	mov	r7, r8
10005c96:	4690      	mov	r8, r2
10005c98:	4e25      	ldr	r6, [pc, #148]	@ (10005d30 <tud_control_xfer+0xa0>)
10005c9a:	b580      	push	{r7, lr}
10005c9c:	4681      	mov	r9, r0
10005c9e:	2208      	movs	r2, #8
10005ca0:	0030      	movs	r0, r6
10005ca2:	000d      	movs	r5, r1
10005ca4:	001f      	movs	r7, r3
10005ca6:	f7fc fdc7 	bl	10002838 <__wrap___aeabi_memcpy>
10005caa:	4643      	mov	r3, r8
10005cac:	60b3      	str	r3, [r6, #8]
10005cae:	2300      	movs	r3, #0
10005cb0:	81f3      	strh	r3, [r6, #14]
10005cb2:	79ec      	ldrb	r4, [r5, #7]
10005cb4:	79ab      	ldrb	r3, [r5, #6]
10005cb6:	0224      	lsls	r4, r4, #8
10005cb8:	431c      	orrs	r4, r3
10005cba:	1c23      	adds	r3, r4, #0
10005cbc:	42bc      	cmp	r4, r7
10005cbe:	d900      	bls.n	10005cc2 <tud_control_xfer+0x32>
10005cc0:	1c3b      	adds	r3, r7, #0
10005cc2:	b29f      	uxth	r7, r3
10005cc4:	81b3      	strh	r3, [r6, #12]
10005cc6:	2c00      	cmp	r4, #0
10005cc8:	d00d      	beq.n	10005ce6 <tud_control_xfer+0x56>
10005cca:	2f00      	cmp	r7, #0
10005ccc:	d017      	beq.n	10005cfe <tud_control_xfer+0x6e>
10005cce:	4642      	mov	r2, r8
10005cd0:	2a00      	cmp	r2, #0
10005cd2:	d02b      	beq.n	10005d2c <tud_control_xfer+0x9c>
10005cd4:	2f40      	cmp	r7, #64	@ 0x40
10005cd6:	d81b      	bhi.n	10005d10 <tud_control_xfer+0x80>
10005cd8:	b29f      	uxth	r7, r3
10005cda:	7833      	ldrb	r3, [r6, #0]
10005cdc:	2b7f      	cmp	r3, #127	@ 0x7f
10005cde:	d81c      	bhi.n	10005d1a <tud_control_xfer+0x8a>
10005ce0:	2100      	movs	r1, #0
10005ce2:	4a14      	ldr	r2, [pc, #80]	@ (10005d34 <tud_control_xfer+0xa4>)
10005ce4:	e00f      	b.n	10005d06 <tud_control_xfer+0x76>
10005ce6:	2180      	movs	r1, #128	@ 0x80
10005ce8:	782b      	ldrb	r3, [r5, #0]
10005cea:	2200      	movs	r2, #0
10005cec:	4399      	bics	r1, r3
10005cee:	4648      	mov	r0, r9
10005cf0:	2300      	movs	r3, #0
10005cf2:	f7ff ff91 	bl	10005c18 <usbd_edpt_xfer>
10005cf6:	bcc0      	pop	{r6, r7}
10005cf8:	46b9      	mov	r9, r7
10005cfa:	46b0      	mov	r8, r6
10005cfc:	bdf8      	pop	{r3, r4, r5, r6, r7, pc}
10005cfe:	237f      	movs	r3, #127	@ 0x7f
10005d00:	2200      	movs	r2, #0
10005d02:	7831      	ldrb	r1, [r6, #0]
10005d04:	4399      	bics	r1, r3
10005d06:	003b      	movs	r3, r7
10005d08:	4648      	mov	r0, r9
10005d0a:	f7ff ff85 	bl	10005c18 <usbd_edpt_xfer>
10005d0e:	e7f2      	b.n	10005cf6 <tud_control_xfer+0x66>
10005d10:	2340      	movs	r3, #64	@ 0x40
10005d12:	b29f      	uxth	r7, r3
10005d14:	7833      	ldrb	r3, [r6, #0]
10005d16:	2b7f      	cmp	r3, #127	@ 0x7f
10005d18:	d9e2      	bls.n	10005ce0 <tud_control_xfer+0x50>
10005d1a:	4c06      	ldr	r4, [pc, #24]	@ (10005d34 <tud_control_xfer+0xa4>)
10005d1c:	003a      	movs	r2, r7
10005d1e:	4641      	mov	r1, r8
10005d20:	0020      	movs	r0, r4
10005d22:	f7fc fd89 	bl	10002838 <__wrap___aeabi_memcpy>
10005d26:	2180      	movs	r1, #128	@ 0x80
10005d28:	0022      	movs	r2, r4
10005d2a:	e7ec      	b.n	10005d06 <tud_control_xfer+0x76>
10005d2c:	2000      	movs	r0, #0
10005d2e:	e7e2      	b.n	10005cf6 <tud_control_xfer+0x66>
10005d30:	20001da8 	.word	0x20001da8
10005d34:	20001d68 	.word	0x20001d68

10005d38 <usbd_control_reset>:
10005d38:	b510      	push	{r4, lr}
10005d3a:	2214      	movs	r2, #20
10005d3c:	2100      	movs	r1, #0
10005d3e:	4802      	ldr	r0, [pc, #8]	@ (10005d48 <usbd_control_reset+0x10>)
10005d40:	f7fc fd74 	bl	1000282c <__wrap_memset>
10005d44:	bd10      	pop	{r4, pc}
10005d46:	46c0      	nop			@ (mov r8, r8)
10005d48:	20001da8 	.word	0x20001da8

10005d4c <usbd_control_set_complete_callback>:
10005d4c:	4b01      	ldr	r3, [pc, #4]	@ (10005d54 <usbd_control_set_complete_callback+0x8>)
10005d4e:	6118      	str	r0, [r3, #16]
10005d50:	4770      	bx	lr
10005d52:	46c0      	nop			@ (mov r8, r8)
10005d54:	20001da8 	.word	0x20001da8

10005d58 <usbd_control_set_request>:
10005d58:	b510      	push	{r4, lr}
10005d5a:	4c05      	ldr	r4, [pc, #20]	@ (10005d70 <usbd_control_set_request+0x18>)
10005d5c:	0001      	movs	r1, r0
10005d5e:	2208      	movs	r2, #8
10005d60:	0020      	movs	r0, r4
10005d62:	f7fc fd69 	bl	10002838 <__wrap___aeabi_memcpy>
10005d66:	2300      	movs	r3, #0
10005d68:	60a3      	str	r3, [r4, #8]
10005d6a:	60e3      	str	r3, [r4, #12]
10005d6c:	bd10      	pop	{r4, pc}
10005d6e:	46c0      	nop			@ (mov r8, r8)
10005d70:	20001da8 	.word	0x20001da8

10005d74 <usbd_control_xfer_cb>:
10005d74:	b570      	push	{r4, r5, r6, lr}
10005d76:	4c38      	ldr	r4, [pc, #224]	@ (10005e58 <usbd_control_xfer_cb+0xe4>)
10005d78:	001d      	movs	r5, r3
10005d7a:	7823      	ldrb	r3, [r4, #0]
10005d7c:	0006      	movs	r6, r0
10005d7e:	09da      	lsrs	r2, r3, #7
10005d80:	09c9      	lsrs	r1, r1, #7
10005d82:	428a      	cmp	r2, r1
10005d84:	d010      	beq.n	10005da8 <usbd_control_xfer_cb+0x34>
10005d86:	2000      	movs	r0, #0
10005d88:	2d00      	cmp	r5, #0
10005d8a:	d000      	beq.n	10005d8e <usbd_control_xfer_cb+0x1a>
10005d8c:	bd70      	pop	{r4, r5, r6, pc}
10005d8e:	0021      	movs	r1, r4
10005d90:	0030      	movs	r0, r6
10005d92:	f7ff f8f3 	bl	10004f7c <dcd_edpt0_status_complete>
10005d96:	6923      	ldr	r3, [r4, #16]
10005d98:	2b00      	cmp	r3, #0
10005d9a:	d003      	beq.n	10005da4 <usbd_control_xfer_cb+0x30>
10005d9c:	0022      	movs	r2, r4
10005d9e:	2103      	movs	r1, #3
10005da0:	0030      	movs	r0, r6
10005da2:	4798      	blx	r3
10005da4:	2001      	movs	r0, #1
10005da6:	e7f1      	b.n	10005d8c <usbd_control_xfer_cb+0x18>
10005da8:	2b7f      	cmp	r3, #127	@ 0x7f
10005daa:	d806      	bhi.n	10005dba <usbd_control_xfer_cb+0x46>
10005dac:	68a0      	ldr	r0, [r4, #8]
10005dae:	2800      	cmp	r0, #0
10005db0:	d034      	beq.n	10005e1c <usbd_control_xfer_cb+0xa8>
10005db2:	002a      	movs	r2, r5
10005db4:	4929      	ldr	r1, [pc, #164]	@ (10005e5c <usbd_control_xfer_cb+0xe8>)
10005db6:	f7fc fd3f 	bl	10002838 <__wrap___aeabi_memcpy>
10005dba:	89e2      	ldrh	r2, [r4, #14]
10005dbc:	68a1      	ldr	r1, [r4, #8]
10005dbe:	1952      	adds	r2, r2, r5
10005dc0:	88e3      	ldrh	r3, [r4, #6]
10005dc2:	b292      	uxth	r2, r2
10005dc4:	1949      	adds	r1, r1, r5
10005dc6:	81e2      	strh	r2, [r4, #14]
10005dc8:	60a1      	str	r1, [r4, #8]
10005dca:	4293      	cmp	r3, r2
10005dcc:	d014      	beq.n	10005df8 <usbd_control_xfer_cb+0x84>
10005dce:	2d3f      	cmp	r5, #63	@ 0x3f
10005dd0:	d912      	bls.n	10005df8 <usbd_control_xfer_cb+0x84>
10005dd2:	89a3      	ldrh	r3, [r4, #12]
10005dd4:	1a98      	subs	r0, r3, r2
10005dd6:	1c05      	adds	r5, r0, #0
10005dd8:	b280      	uxth	r0, r0
10005dda:	2840      	cmp	r0, #64	@ 0x40
10005ddc:	d82a      	bhi.n	10005e34 <usbd_control_xfer_cb+0xc0>
10005dde:	7820      	ldrb	r0, [r4, #0]
10005de0:	b2ad      	uxth	r5, r5
10005de2:	287f      	cmp	r0, #127	@ 0x7f
10005de4:	d828      	bhi.n	10005e38 <usbd_control_xfer_cb+0xc4>
10005de6:	2100      	movs	r1, #0
10005de8:	429a      	cmp	r2, r3
10005dea:	d032      	beq.n	10005e52 <usbd_control_xfer_cb+0xde>
10005dec:	4a1b      	ldr	r2, [pc, #108]	@ (10005e5c <usbd_control_xfer_cb+0xe8>)
10005dee:	002b      	movs	r3, r5
10005df0:	0030      	movs	r0, r6
10005df2:	f7ff ff11 	bl	10005c18 <usbd_edpt_xfer>
10005df6:	e7c9      	b.n	10005d8c <usbd_control_xfer_cb+0x18>
10005df8:	6923      	ldr	r3, [r4, #16]
10005dfa:	2b00      	cmp	r3, #0
10005dfc:	d005      	beq.n	10005e0a <usbd_control_xfer_cb+0x96>
10005dfe:	0022      	movs	r2, r4
10005e00:	2102      	movs	r1, #2
10005e02:	0030      	movs	r0, r6
10005e04:	4798      	blx	r3
10005e06:	2800      	cmp	r0, #0
10005e08:	d00a      	beq.n	10005e20 <usbd_control_xfer_cb+0xac>
10005e0a:	2180      	movs	r1, #128	@ 0x80
10005e0c:	7823      	ldrb	r3, [r4, #0]
10005e0e:	2200      	movs	r2, #0
10005e10:	4399      	bics	r1, r3
10005e12:	0030      	movs	r0, r6
10005e14:	2300      	movs	r3, #0
10005e16:	f7ff feff 	bl	10005c18 <usbd_edpt_xfer>
10005e1a:	e7b7      	b.n	10005d8c <usbd_control_xfer_cb+0x18>
10005e1c:	2000      	movs	r0, #0
10005e1e:	e7b5      	b.n	10005d8c <usbd_control_xfer_cb+0x18>
10005e20:	2100      	movs	r1, #0
10005e22:	0030      	movs	r0, r6
10005e24:	f7ff f958 	bl	100050d8 <dcd_edpt_stall>
10005e28:	0030      	movs	r0, r6
10005e2a:	2180      	movs	r1, #128	@ 0x80
10005e2c:	f7ff f954 	bl	100050d8 <dcd_edpt_stall>
10005e30:	2001      	movs	r0, #1
10005e32:	e7ab      	b.n	10005d8c <usbd_control_xfer_cb+0x18>
10005e34:	2540      	movs	r5, #64	@ 0x40
10005e36:	e7d2      	b.n	10005dde <usbd_control_xfer_cb+0x6a>
10005e38:	429a      	cmp	r2, r3
10005e3a:	d007      	beq.n	10005e4c <usbd_control_xfer_cb+0xd8>
10005e3c:	4c07      	ldr	r4, [pc, #28]	@ (10005e5c <usbd_control_xfer_cb+0xe8>)
10005e3e:	002a      	movs	r2, r5
10005e40:	0020      	movs	r0, r4
10005e42:	f7fc fcf9 	bl	10002838 <__wrap___aeabi_memcpy>
10005e46:	2180      	movs	r1, #128	@ 0x80
10005e48:	0022      	movs	r2, r4
10005e4a:	e7d0      	b.n	10005dee <usbd_control_xfer_cb+0x7a>
10005e4c:	2180      	movs	r1, #128	@ 0x80
10005e4e:	2200      	movs	r2, #0
10005e50:	e7cd      	b.n	10005dee <usbd_control_xfer_cb+0x7a>
10005e52:	2200      	movs	r2, #0
10005e54:	e7cb      	b.n	10005dee <usbd_control_xfer_cb+0x7a>
10005e56:	46c0      	nop			@ (mov r8, r8)
10005e58:	20001da8 	.word	0x20001da8
10005e5c:	20001d68 	.word	0x20001d68

10005e60 <_prep_out_transaction.isra.0>:
10005e60:	b570      	push	{r4, r5, r6, lr}
10005e62:	0004      	movs	r4, r0
10005e64:	f7ff f9be 	bl	100051e4 <tud_mounted>
10005e68:	2800      	cmp	r0, #0
10005e6a:	d100      	bne.n	10005e6e <_prep_out_transaction.isra.0+0xe>
10005e6c:	bd70      	pop	{r4, r5, r6, pc}
10005e6e:	f7ff f9c1 	bl	100051f4 <tud_suspended>
10005e72:	2800      	cmp	r0, #0
10005e74:	d1fa      	bne.n	10005e6c <_prep_out_transaction.isra.0+0xc>
10005e76:	23c8      	movs	r3, #200	@ 0xc8
10005e78:	4363      	muls	r3, r4
10005e7a:	4d12      	ldr	r5, [pc, #72]	@ (10005ec4 <_prep_out_transaction.isra.0+0x64>)
10005e7c:	18ee      	adds	r6, r5, r3
10005e7e:	78f1      	ldrb	r1, [r6, #3]
10005e80:	2900      	cmp	r1, #0
10005e82:	d0f3      	beq.n	10005e6c <_prep_out_transaction.isra.0+0xc>
10005e84:	3310      	adds	r3, #16
10005e86:	195d      	adds	r5, r3, r5
10005e88:	0028      	movs	r0, r5
10005e8a:	f000 fdf3 	bl	10006a74 <tu_fifo_remaining>
10005e8e:	283f      	cmp	r0, #63	@ 0x3f
10005e90:	d9ec      	bls.n	10005e6c <_prep_out_transaction.isra.0+0xc>
10005e92:	2000      	movs	r0, #0
10005e94:	78f1      	ldrb	r1, [r6, #3]
10005e96:	f7ff fe97 	bl	10005bc8 <usbd_edpt_claim>
10005e9a:	2800      	cmp	r0, #0
10005e9c:	d0e6      	beq.n	10005e6c <_prep_out_transaction.isra.0+0xc>
10005e9e:	0028      	movs	r0, r5
10005ea0:	f000 fde8 	bl	10006a74 <tu_fifo_remaining>
10005ea4:	78f1      	ldrb	r1, [r6, #3]
10005ea6:	283f      	cmp	r0, #63	@ 0x3f
10005ea8:	d907      	bls.n	10005eba <_prep_out_transaction.isra.0+0x5a>
10005eaa:	4b07      	ldr	r3, [pc, #28]	@ (10005ec8 <_prep_out_transaction.isra.0+0x68>)
10005eac:	01e2      	lsls	r2, r4, #7
10005eae:	18d2      	adds	r2, r2, r3
10005eb0:	2000      	movs	r0, #0
10005eb2:	2340      	movs	r3, #64	@ 0x40
10005eb4:	f7ff feb0 	bl	10005c18 <usbd_edpt_xfer>
10005eb8:	e7d8      	b.n	10005e6c <_prep_out_transaction.isra.0+0xc>
10005eba:	2000      	movs	r0, #0
10005ebc:	f7ff fe98 	bl	10005bf0 <usbd_edpt_release>
10005ec0:	e7d4      	b.n	10005e6c <_prep_out_transaction.isra.0+0xc>
10005ec2:	46c0      	nop			@ (mov r8, r8)
10005ec4:	20001ca0 	.word	0x20001ca0
10005ec8:	20001c1c 	.word	0x20001c1c

10005ecc <tud_cdc_n_connected>:
10005ecc:	b510      	push	{r4, lr}
10005ece:	0004      	movs	r4, r0
10005ed0:	f7ff f988 	bl	100051e4 <tud_mounted>
10005ed4:	2800      	cmp	r0, #0
10005ed6:	d101      	bne.n	10005edc <tud_cdc_n_connected+0x10>
10005ed8:	2000      	movs	r0, #0
10005eda:	bd10      	pop	{r4, pc}
10005edc:	f7ff f98a 	bl	100051f4 <tud_suspended>
10005ee0:	2800      	cmp	r0, #0
10005ee2:	d1f9      	bne.n	10005ed8 <tud_cdc_n_connected+0xc>
10005ee4:	22c8      	movs	r2, #200	@ 0xc8
10005ee6:	4362      	muls	r2, r4
10005ee8:	4b02      	ldr	r3, [pc, #8]	@ (10005ef4 <tud_cdc_n_connected+0x28>)
10005eea:	3001      	adds	r0, #1
10005eec:	189b      	adds	r3, r3, r2
10005eee:	791b      	ldrb	r3, [r3, #4]
10005ef0:	4018      	ands	r0, r3
10005ef2:	e7f2      	b.n	10005eda <tud_cdc_n_connected+0xe>
10005ef4:	20001ca0 	.word	0x20001ca0

10005ef8 <tud_cdc_n_available>:
10005ef8:	23c8      	movs	r3, #200	@ 0xc8
10005efa:	b510      	push	{r4, lr}
10005efc:	4343      	muls	r3, r0
10005efe:	4802      	ldr	r0, [pc, #8]	@ (10005f08 <tud_cdc_n_available+0x10>)
10005f00:	1818      	adds	r0, r3, r0
10005f02:	f000 fd99 	bl	10006a38 <tu_fifo_count>
10005f06:	bd10      	pop	{r4, pc}
10005f08:	20001cb0 	.word	0x20001cb0

10005f0c <tud_cdc_n_read>:
10005f0c:	b5f8      	push	{r3, r4, r5, r6, r7, lr}
10005f0e:	24c8      	movs	r4, #200	@ 0xc8
10005f10:	2380      	movs	r3, #128	@ 0x80
10005f12:	4344      	muls	r4, r0
10005f14:	4f1c      	ldr	r7, [pc, #112]	@ (10005f88 <tud_cdc_n_read+0x7c>)
10005f16:	3410      	adds	r4, #16
10005f18:	0005      	movs	r5, r0
10005f1a:	193c      	adds	r4, r7, r4
10005f1c:	025b      	lsls	r3, r3, #9
10005f1e:	429a      	cmp	r2, r3
10005f20:	d300      	bcc.n	10005f24 <tud_cdc_n_read+0x18>
10005f22:	4a1a      	ldr	r2, [pc, #104]	@ (10005f8c <tud_cdc_n_read+0x80>)
10005f24:	0020      	movs	r0, r4
10005f26:	b292      	uxth	r2, r2
10005f28:	f000 fe08 	bl	10006b3c <tu_fifo_read_n>
10005f2c:	0006      	movs	r6, r0
10005f2e:	f7ff f959 	bl	100051e4 <tud_mounted>
10005f32:	2800      	cmp	r0, #0
10005f34:	d101      	bne.n	10005f3a <tud_cdc_n_read+0x2e>
10005f36:	0030      	movs	r0, r6
10005f38:	bdf8      	pop	{r3, r4, r5, r6, r7, pc}
10005f3a:	f7ff f95b 	bl	100051f4 <tud_suspended>
10005f3e:	2800      	cmp	r0, #0
10005f40:	d1f9      	bne.n	10005f36 <tud_cdc_n_read+0x2a>
10005f42:	23c8      	movs	r3, #200	@ 0xc8
10005f44:	436b      	muls	r3, r5
10005f46:	18ff      	adds	r7, r7, r3
10005f48:	78fb      	ldrb	r3, [r7, #3]
10005f4a:	2b00      	cmp	r3, #0
10005f4c:	d0f3      	beq.n	10005f36 <tud_cdc_n_read+0x2a>
10005f4e:	0020      	movs	r0, r4
10005f50:	f000 fd90 	bl	10006a74 <tu_fifo_remaining>
10005f54:	283f      	cmp	r0, #63	@ 0x3f
10005f56:	d9ee      	bls.n	10005f36 <tud_cdc_n_read+0x2a>
10005f58:	2000      	movs	r0, #0
10005f5a:	78f9      	ldrb	r1, [r7, #3]
10005f5c:	f7ff fe34 	bl	10005bc8 <usbd_edpt_claim>
10005f60:	2800      	cmp	r0, #0
10005f62:	d0e8      	beq.n	10005f36 <tud_cdc_n_read+0x2a>
10005f64:	0020      	movs	r0, r4
10005f66:	f000 fd85 	bl	10006a74 <tu_fifo_remaining>
10005f6a:	78f9      	ldrb	r1, [r7, #3]
10005f6c:	283f      	cmp	r0, #63	@ 0x3f
10005f6e:	d907      	bls.n	10005f80 <tud_cdc_n_read+0x74>
10005f70:	4b07      	ldr	r3, [pc, #28]	@ (10005f90 <tud_cdc_n_read+0x84>)
10005f72:	01ea      	lsls	r2, r5, #7
10005f74:	18d2      	adds	r2, r2, r3
10005f76:	2000      	movs	r0, #0
10005f78:	2340      	movs	r3, #64	@ 0x40
10005f7a:	f7ff fe4d 	bl	10005c18 <usbd_edpt_xfer>
10005f7e:	e7da      	b.n	10005f36 <tud_cdc_n_read+0x2a>
10005f80:	2000      	movs	r0, #0
10005f82:	f7ff fe35 	bl	10005bf0 <usbd_edpt_release>
10005f86:	e7d6      	b.n	10005f36 <tud_cdc_n_read+0x2a>
10005f88:	20001ca0 	.word	0x20001ca0
10005f8c:	0000ffff 	.word	0x0000ffff
10005f90:	20001c1c 	.word	0x20001c1c

10005f94 <tud_cdc_n_write_flush>:
10005f94:	b5f8      	push	{r3, r4, r5, r6, r7, lr}
10005f96:	0004      	movs	r4, r0
10005f98:	f7ff f924 	bl	100051e4 <tud_mounted>
10005f9c:	2800      	cmp	r0, #0
10005f9e:	d101      	bne.n	10005fa4 <tud_cdc_n_write_flush+0x10>
10005fa0:	2000      	movs	r0, #0
10005fa2:	bdf8      	pop	{r3, r4, r5, r6, r7, pc}
10005fa4:	f7ff f926 	bl	100051f4 <tud_suspended>
10005fa8:	2800      	cmp	r0, #0
10005faa:	d1f9      	bne.n	10005fa0 <tud_cdc_n_write_flush+0xc>
10005fac:	25c8      	movs	r5, #200	@ 0xc8
10005fae:	4365      	muls	r5, r4
10005fb0:	002e      	movs	r6, r5
10005fb2:	4f13      	ldr	r7, [pc, #76]	@ (10006000 <tud_cdc_n_write_flush+0x6c>)
10005fb4:	3624      	adds	r6, #36	@ 0x24
10005fb6:	19f6      	adds	r6, r6, r7
10005fb8:	0030      	movs	r0, r6
10005fba:	f000 fd3d 	bl	10006a38 <tu_fifo_count>
10005fbe:	2800      	cmp	r0, #0
10005fc0:	d0ee      	beq.n	10005fa0 <tud_cdc_n_write_flush+0xc>
10005fc2:	197f      	adds	r7, r7, r5
10005fc4:	2000      	movs	r0, #0
10005fc6:	78b9      	ldrb	r1, [r7, #2]
10005fc8:	f7ff fdfe 	bl	10005bc8 <usbd_edpt_claim>
10005fcc:	2800      	cmp	r0, #0
10005fce:	d0e7      	beq.n	10005fa0 <tud_cdc_n_write_flush+0xc>
10005fd0:	4d0c      	ldr	r5, [pc, #48]	@ (10006004 <tud_cdc_n_write_flush+0x70>)
10005fd2:	01e4      	lsls	r4, r4, #7
10005fd4:	1965      	adds	r5, r4, r5
10005fd6:	0029      	movs	r1, r5
10005fd8:	2240      	movs	r2, #64	@ 0x40
10005fda:	0030      	movs	r0, r6
10005fdc:	f000 fdae 	bl	10006b3c <tu_fifo_read_n>
10005fe0:	78b9      	ldrb	r1, [r7, #2]
10005fe2:	1e04      	subs	r4, r0, #0
10005fe4:	d008      	beq.n	10005ff8 <tud_cdc_n_write_flush+0x64>
10005fe6:	0003      	movs	r3, r0
10005fe8:	002a      	movs	r2, r5
10005fea:	2000      	movs	r0, #0
10005fec:	f7ff fe14 	bl	10005c18 <usbd_edpt_xfer>
10005ff0:	2800      	cmp	r0, #0
10005ff2:	d0d5      	beq.n	10005fa0 <tud_cdc_n_write_flush+0xc>
10005ff4:	0020      	movs	r0, r4
10005ff6:	e7d4      	b.n	10005fa2 <tud_cdc_n_write_flush+0xe>
10005ff8:	2000      	movs	r0, #0
10005ffa:	f7ff fdf9 	bl	10005bf0 <usbd_edpt_release>
10005ffe:	e7cf      	b.n	10005fa0 <tud_cdc_n_write_flush+0xc>
10006000:	20001ca0 	.word	0x20001ca0
10006004:	20001c5c 	.word	0x20001c5c

10006008 <tud_cdc_n_write>:
10006008:	b570      	push	{r4, r5, r6, lr}
1000600a:	24c8      	movs	r4, #200	@ 0xc8
1000600c:	4344      	muls	r4, r0
1000600e:	4b0c      	ldr	r3, [pc, #48]	@ (10006040 <tud_cdc_n_write+0x38>)
10006010:	0005      	movs	r5, r0
10006012:	18e4      	adds	r4, r4, r3
10006014:	2380      	movs	r3, #128	@ 0x80
10006016:	025b      	lsls	r3, r3, #9
10006018:	429a      	cmp	r2, r3
1000601a:	d300      	bcc.n	1000601e <tud_cdc_n_write+0x16>
1000601c:	4a09      	ldr	r2, [pc, #36]	@ (10006044 <tud_cdc_n_write+0x3c>)
1000601e:	0020      	movs	r0, r4
10006020:	b292      	uxth	r2, r2
10006022:	f000 fe51 	bl	10006cc8 <tu_fifo_write_n>
10006026:	0006      	movs	r6, r0
10006028:	0020      	movs	r0, r4
1000602a:	f000 fd05 	bl	10006a38 <tu_fifo_count>
1000602e:	283f      	cmp	r0, #63	@ 0x3f
10006030:	d801      	bhi.n	10006036 <tud_cdc_n_write+0x2e>
10006032:	0030      	movs	r0, r6
10006034:	bd70      	pop	{r4, r5, r6, pc}
10006036:	0028      	movs	r0, r5
10006038:	f7ff ffac 	bl	10005f94 <tud_cdc_n_write_flush>
1000603c:	e7f9      	b.n	10006032 <tud_cdc_n_write+0x2a>
1000603e:	46c0      	nop			@ (mov r8, r8)
10006040:	20001cc4 	.word	0x20001cc4
10006044:	0000ffff 	.word	0x0000ffff

10006048 <tud_cdc_n_write_available>:
10006048:	23c8      	movs	r3, #200	@ 0xc8
1000604a:	b510      	push	{r4, lr}
1000604c:	4343      	muls	r3, r0
1000604e:	4802      	ldr	r0, [pc, #8]	@ (10006058 <tud_cdc_n_write_available+0x10>)
10006050:	1818      	adds	r0, r3, r0
10006052:	f000 fd0f 	bl	10006a74 <tu_fifo_remaining>
10006056:	bd10      	pop	{r4, pc}
10006058:	20001cc4 	.word	0x20001cc4

1000605c <cdcd_init>:
1000605c:	b5f0      	push	{r4, r5, r6, r7, lr}
1000605e:	2500      	movs	r5, #0
10006060:	4c18      	ldr	r4, [pc, #96]	@ (100060c4 <cdcd_init+0x68>)
10006062:	b083      	sub	sp, #12
10006064:	22c8      	movs	r2, #200	@ 0xc8
10006066:	2100      	movs	r1, #0
10006068:	0020      	movs	r0, r4
1000606a:	f7fc fbdf 	bl	1000282c <__wrap_memset>
1000606e:	4b16      	ldr	r3, [pc, #88]	@ (100060c8 <cdcd_init+0x6c>)
10006070:	0021      	movs	r1, r4
10006072:	701d      	strb	r5, [r3, #0]
10006074:	23ff      	movs	r3, #255	@ 0xff
10006076:	7163      	strb	r3, [r4, #5]
10006078:	23e1      	movs	r3, #225	@ 0xe1
1000607a:	025b      	lsls	r3, r3, #9
1000607c:	60a3      	str	r3, [r4, #8]
1000607e:	0020      	movs	r0, r4
10006080:	2308      	movs	r3, #8
10006082:	2240      	movs	r2, #64	@ 0x40
10006084:	73a3      	strb	r3, [r4, #14]
10006086:	3138      	adds	r1, #56	@ 0x38
10006088:	9500      	str	r5, [sp, #0]
1000608a:	3b07      	subs	r3, #7
1000608c:	3010      	adds	r0, #16
1000608e:	f000 fc9d 	bl	100069cc <tu_fifo_config>
10006092:	0027      	movs	r7, r4
10006094:	2301      	movs	r3, #1
10006096:	0021      	movs	r1, r4
10006098:	0020      	movs	r0, r4
1000609a:	0026      	movs	r6, r4
1000609c:	2240      	movs	r2, #64	@ 0x40
1000609e:	3178      	adds	r1, #120	@ 0x78
100060a0:	9300      	str	r3, [sp, #0]
100060a2:	37b8      	adds	r7, #184	@ 0xb8
100060a4:	3024      	adds	r0, #36	@ 0x24
100060a6:	f000 fc91 	bl	100069cc <tu_fifo_config>
100060aa:	36c0      	adds	r6, #192	@ 0xc0
100060ac:	0038      	movs	r0, r7
100060ae:	f7fa fc5d 	bl	1000096c <mutex_init>
100060b2:	0030      	movs	r0, r6
100060b4:	f7fa fc5a 	bl	1000096c <mutex_init>
100060b8:	61e5      	str	r5, [r4, #28]
100060ba:	6227      	str	r7, [r4, #32]
100060bc:	6326      	str	r6, [r4, #48]	@ 0x30
100060be:	6365      	str	r5, [r4, #52]	@ 0x34
100060c0:	b003      	add	sp, #12
100060c2:	bdf0      	pop	{r4, r5, r6, r7, pc}
100060c4:	20001ca0 	.word	0x20001ca0
100060c8:	20001c9c 	.word	0x20001c9c

100060cc <cdcd_deinit>:
100060cc:	4a0a      	ldr	r2, [pc, #40]	@ (100060f8 <cdcd_deinit+0x2c>)
100060ce:	6b11      	ldr	r1, [r2, #48]	@ 0x30
100060d0:	6a13      	ldr	r3, [r2, #32]
100060d2:	2900      	cmp	r1, #0
100060d4:	d00c      	beq.n	100060f0 <cdcd_deinit+0x24>
100060d6:	2b00      	cmp	r3, #0
100060d8:	d007      	beq.n	100060ea <cdcd_deinit+0x1e>
100060da:	2300      	movs	r3, #0
100060dc:	61d3      	str	r3, [r2, #28]
100060de:	6353      	str	r3, [r2, #52]	@ 0x34
100060e0:	6313      	str	r3, [r2, #48]	@ 0x30
100060e2:	2300      	movs	r3, #0
100060e4:	6213      	str	r3, [r2, #32]
100060e6:	2001      	movs	r0, #1
100060e8:	4770      	bx	lr
100060ea:	6353      	str	r3, [r2, #52]	@ 0x34
100060ec:	6313      	str	r3, [r2, #48]	@ 0x30
100060ee:	e7fa      	b.n	100060e6 <cdcd_deinit+0x1a>
100060f0:	2b00      	cmp	r3, #0
100060f2:	d0f8      	beq.n	100060e6 <cdcd_deinit+0x1a>
100060f4:	61d1      	str	r1, [r2, #28]
100060f6:	e7f4      	b.n	100060e2 <cdcd_deinit+0x16>
100060f8:	20001ca0 	.word	0x20001ca0

100060fc <cdcd_reset>:
100060fc:	b570      	push	{r4, r5, r6, lr}
100060fe:	4c0f      	ldr	r4, [pc, #60]	@ (1000613c <cdcd_reset+0x40>)
10006100:	2205      	movs	r2, #5
10006102:	2100      	movs	r1, #0
10006104:	0020      	movs	r0, r4
10006106:	f7fc fb91 	bl	1000282c <__wrap_memset>
1000610a:	4d0d      	ldr	r5, [pc, #52]	@ (10006140 <cdcd_reset+0x44>)
1000610c:	782b      	ldrb	r3, [r5, #0]
1000610e:	07da      	lsls	r2, r3, #31
10006110:	d507      	bpl.n	10006122 <cdcd_reset+0x26>
10006112:	4c0c      	ldr	r4, [pc, #48]	@ (10006144 <cdcd_reset+0x48>)
10006114:	079b      	lsls	r3, r3, #30
10006116:	d50c      	bpl.n	10006132 <cdcd_reset+0x36>
10006118:	2101      	movs	r1, #1
1000611a:	0020      	movs	r0, r4
1000611c:	f000 feb0 	bl	10006e80 <tu_fifo_set_overwritable>
10006120:	bd70      	pop	{r4, r5, r6, pc}
10006122:	0020      	movs	r0, r4
10006124:	3010      	adds	r0, #16
10006126:	f000 fe8b 	bl	10006e40 <tu_fifo_clear>
1000612a:	782b      	ldrb	r3, [r5, #0]
1000612c:	4c05      	ldr	r4, [pc, #20]	@ (10006144 <cdcd_reset+0x48>)
1000612e:	079b      	lsls	r3, r3, #30
10006130:	d4f2      	bmi.n	10006118 <cdcd_reset+0x1c>
10006132:	0020      	movs	r0, r4
10006134:	f000 fe84 	bl	10006e40 <tu_fifo_clear>
10006138:	e7ee      	b.n	10006118 <cdcd_reset+0x1c>
1000613a:	46c0      	nop			@ (mov r8, r8)
1000613c:	20001ca0 	.word	0x20001ca0
10006140:	20001c9c 	.word	0x20001c9c
10006144:	20001cc4 	.word	0x20001cc4

10006148 <cdcd_open>:
10006148:	b5f0      	push	{r4, r5, r6, r7, lr}
1000614a:	794b      	ldrb	r3, [r1, #5]
1000614c:	0006      	movs	r6, r0
1000614e:	b083      	sub	sp, #12
10006150:	2b02      	cmp	r3, #2
10006152:	d102      	bne.n	1000615a <cdcd_open+0x12>
10006154:	798b      	ldrb	r3, [r1, #6]
10006156:	2b02      	cmp	r3, #2
10006158:	d003      	beq.n	10006162 <cdcd_open+0x1a>
1000615a:	2500      	movs	r5, #0
1000615c:	0028      	movs	r0, r5
1000615e:	b003      	add	sp, #12
10006160:	bdf0      	pop	{r4, r5, r6, r7, pc}
10006162:	4f20      	ldr	r7, [pc, #128]	@ (100061e4 <cdcd_open+0x9c>)
10006164:	78bb      	ldrb	r3, [r7, #2]
10006166:	2b00      	cmp	r3, #0
10006168:	d1f7      	bne.n	1000615a <cdcd_open+0x12>
1000616a:	788b      	ldrb	r3, [r1, #2]
1000616c:	2509      	movs	r5, #9
1000616e:	703b      	strb	r3, [r7, #0]
10006170:	780c      	ldrb	r4, [r1, #0]
10006172:	190c      	adds	r4, r1, r4
10006174:	7863      	ldrb	r3, [r4, #1]
10006176:	2b24      	cmp	r3, #36	@ 0x24
10006178:	d007      	beq.n	1000618a <cdcd_open+0x42>
1000617a:	e00c      	b.n	10006196 <cdcd_open+0x4e>
1000617c:	7823      	ldrb	r3, [r4, #0]
1000617e:	18e4      	adds	r4, r4, r3
10006180:	195d      	adds	r5, r3, r5
10006182:	7863      	ldrb	r3, [r4, #1]
10006184:	b2ad      	uxth	r5, r5
10006186:	2b24      	cmp	r3, #36	@ 0x24
10006188:	d105      	bne.n	10006196 <cdcd_open+0x4e>
1000618a:	4295      	cmp	r5, r2
1000618c:	d9f6      	bls.n	1000617c <cdcd_open+0x34>
1000618e:	2000      	movs	r0, #0
10006190:	f7ff fe66 	bl	10005e60 <_prep_out_transaction.isra.0>
10006194:	e7e2      	b.n	1000615c <cdcd_open+0x14>
10006196:	001a      	movs	r2, r3
10006198:	2b05      	cmp	r3, #5
1000619a:	d015      	beq.n	100061c8 <cdcd_open+0x80>
1000619c:	2a04      	cmp	r2, #4
1000619e:	d1f6      	bne.n	1000618e <cdcd_open+0x46>
100061a0:	7963      	ldrb	r3, [r4, #5]
100061a2:	2b0a      	cmp	r3, #10
100061a4:	d1f3      	bne.n	1000618e <cdcd_open+0x46>
100061a6:	4b10      	ldr	r3, [pc, #64]	@ (100061e8 <cdcd_open+0xa0>)
100061a8:	7827      	ldrb	r7, [r4, #0]
100061aa:	9301      	str	r3, [sp, #4]
100061ac:	3301      	adds	r3, #1
100061ae:	9300      	str	r3, [sp, #0]
100061b0:	0030      	movs	r0, r6
100061b2:	2302      	movs	r3, #2
100061b4:	19e1      	adds	r1, r4, r7
100061b6:	3a02      	subs	r2, #2
100061b8:	f7ff fc9e 	bl	10005af8 <usbd_open_edpt_pair>
100061bc:	2800      	cmp	r0, #0
100061be:	d0cc      	beq.n	1000615a <cdcd_open+0x12>
100061c0:	350e      	adds	r5, #14
100061c2:	19ed      	adds	r5, r5, r7
100061c4:	b2ad      	uxth	r5, r5
100061c6:	e7e2      	b.n	1000618e <cdcd_open+0x46>
100061c8:	0021      	movs	r1, r4
100061ca:	0030      	movs	r0, r6
100061cc:	f7ff fce2 	bl	10005b94 <usbd_edpt_open>
100061d0:	2800      	cmp	r0, #0
100061d2:	d0c2      	beq.n	1000615a <cdcd_open+0x12>
100061d4:	78a3      	ldrb	r3, [r4, #2]
100061d6:	707b      	strb	r3, [r7, #1]
100061d8:	7823      	ldrb	r3, [r4, #0]
100061da:	195d      	adds	r5, r3, r5
100061dc:	18e4      	adds	r4, r4, r3
100061de:	7862      	ldrb	r2, [r4, #1]
100061e0:	b2ad      	uxth	r5, r5
100061e2:	e7db      	b.n	1000619c <cdcd_open+0x54>
100061e4:	20001ca0 	.word	0x20001ca0
100061e8:	20001ca2 	.word	0x20001ca2

100061ec <cdcd_control_xfer_cb>:
100061ec:	b5f8      	push	{r3, r4, r5, r6, r7, lr}
100061ee:	2360      	movs	r3, #96	@ 0x60
100061f0:	0014      	movs	r4, r2
100061f2:	7812      	ldrb	r2, [r2, #0]
100061f4:	0005      	movs	r5, r0
100061f6:	4013      	ands	r3, r2
100061f8:	2000      	movs	r0, #0
100061fa:	2b20      	cmp	r3, #32
100061fc:	d107      	bne.n	1000620e <cdcd_control_xfer_cb+0x22>
100061fe:	4a30      	ldr	r2, [pc, #192]	@ (100062c0 <cdcd_control_xfer_cb+0xd4>)
10006200:	7963      	ldrb	r3, [r4, #5]
10006202:	7927      	ldrb	r7, [r4, #4]
10006204:	7816      	ldrb	r6, [r2, #0]
10006206:	021b      	lsls	r3, r3, #8
10006208:	433b      	orrs	r3, r7
1000620a:	429e      	cmp	r6, r3
1000620c:	d000      	beq.n	10006210 <cdcd_control_xfer_cb+0x24>
1000620e:	bdf8      	pop	{r3, r4, r5, r6, r7, pc}
10006210:	7863      	ldrb	r3, [r4, #1]
10006212:	2b22      	cmp	r3, #34	@ 0x22
10006214:	d01a      	beq.n	1000624c <cdcd_control_xfer_cb+0x60>
10006216:	d807      	bhi.n	10006228 <cdcd_control_xfer_cb+0x3c>
10006218:	2b20      	cmp	r3, #32
1000621a:	d034      	beq.n	10006286 <cdcd_control_xfer_cb+0x9a>
1000621c:	2b21      	cmp	r3, #33	@ 0x21
1000621e:	d1f6      	bne.n	1000620e <cdcd_control_xfer_cb+0x22>
10006220:	2901      	cmp	r1, #1
10006222:	d03e      	beq.n	100062a2 <cdcd_control_xfer_cb+0xb6>
10006224:	2001      	movs	r0, #1
10006226:	e7f2      	b.n	1000620e <cdcd_control_xfer_cb+0x22>
10006228:	2b23      	cmp	r3, #35	@ 0x23
1000622a:	d1f0      	bne.n	1000620e <cdcd_control_xfer_cb+0x22>
1000622c:	2901      	cmp	r1, #1
1000622e:	d040      	beq.n	100062b2 <cdcd_control_xfer_cb+0xc6>
10006230:	2903      	cmp	r1, #3
10006232:	d1f7      	bne.n	10006224 <cdcd_control_xfer_cb+0x38>
10006234:	4b23      	ldr	r3, [pc, #140]	@ (100062c4 <cdcd_control_xfer_cb+0xd8>)
10006236:	2b00      	cmp	r3, #0
10006238:	d0f4      	beq.n	10006224 <cdcd_control_xfer_cb+0x38>
1000623a:	78e1      	ldrb	r1, [r4, #3]
1000623c:	78a3      	ldrb	r3, [r4, #2]
1000623e:	0209      	lsls	r1, r1, #8
10006240:	2000      	movs	r0, #0
10006242:	4319      	orrs	r1, r3
10006244:	e000      	b.n	10006248 <cdcd_control_xfer_cb+0x5c>
10006246:	bf00      	nop
10006248:	2001      	movs	r0, #1
1000624a:	e7e0      	b.n	1000620e <cdcd_control_xfer_cb+0x22>
1000624c:	2901      	cmp	r1, #1
1000624e:	d030      	beq.n	100062b2 <cdcd_control_xfer_cb+0xc6>
10006250:	2903      	cmp	r1, #3
10006252:	d1e7      	bne.n	10006224 <cdcd_control_xfer_cb+0x38>
10006254:	2501      	movs	r5, #1
10006256:	002e      	movs	r6, r5
10006258:	78a3      	ldrb	r3, [r4, #2]
1000625a:	78e4      	ldrb	r4, [r4, #3]
1000625c:	3902      	subs	r1, #2
1000625e:	0224      	lsls	r4, r4, #8
10006260:	431c      	orrs	r4, r3
10006262:	7114      	strb	r4, [r2, #4]
10006264:	4026      	ands	r6, r4
10006266:	3224      	adds	r2, #36	@ 0x24
10006268:	0010      	movs	r0, r2
1000626a:	4071      	eors	r1, r6
1000626c:	f000 fe08 	bl	10006e80 <tu_fifo_set_overwritable>
10006270:	4b15      	ldr	r3, [pc, #84]	@ (100062c8 <cdcd_control_xfer_cb+0xdc>)
10006272:	2b00      	cmp	r3, #0
10006274:	d0d6      	beq.n	10006224 <cdcd_control_xfer_cb+0x38>
10006276:	0862      	lsrs	r2, r4, #1
10006278:	2000      	movs	r0, #0
1000627a:	0031      	movs	r1, r6
1000627c:	402a      	ands	r2, r5
1000627e:	e000      	b.n	10006282 <cdcd_control_xfer_cb+0x96>
10006280:	bf00      	nop
10006282:	2001      	movs	r0, #1
10006284:	e7c3      	b.n	1000620e <cdcd_control_xfer_cb+0x22>
10006286:	2901      	cmp	r1, #1
10006288:	d00b      	beq.n	100062a2 <cdcd_control_xfer_cb+0xb6>
1000628a:	2903      	cmp	r1, #3
1000628c:	d1ca      	bne.n	10006224 <cdcd_control_xfer_cb+0x38>
1000628e:	4b0f      	ldr	r3, [pc, #60]	@ (100062cc <cdcd_control_xfer_cb+0xe0>)
10006290:	2b00      	cmp	r3, #0
10006292:	d0c7      	beq.n	10006224 <cdcd_control_xfer_cb+0x38>
10006294:	3208      	adds	r2, #8
10006296:	2000      	movs	r0, #0
10006298:	0011      	movs	r1, r2
1000629a:	f7fe faad 	bl	100047f8 <tud_cdc_line_coding_cb>
1000629e:	2001      	movs	r0, #1
100062a0:	e7b5      	b.n	1000620e <cdcd_control_xfer_cb+0x22>
100062a2:	2307      	movs	r3, #7
100062a4:	0021      	movs	r1, r4
100062a6:	0028      	movs	r0, r5
100062a8:	4a09      	ldr	r2, [pc, #36]	@ (100062d0 <cdcd_control_xfer_cb+0xe4>)
100062aa:	f7ff fcf1 	bl	10005c90 <tud_control_xfer>
100062ae:	2001      	movs	r0, #1
100062b0:	e7ad      	b.n	1000620e <cdcd_control_xfer_cb+0x22>
100062b2:	0021      	movs	r1, r4
100062b4:	0028      	movs	r0, r5
100062b6:	f7ff fcd5 	bl	10005c64 <tud_control_status>
100062ba:	2001      	movs	r0, #1
100062bc:	e7a7      	b.n	1000620e <cdcd_control_xfer_cb+0x22>
100062be:	46c0      	nop			@ (mov r8, r8)
100062c0:	20001ca0 	.word	0x20001ca0
	...
100062cc:	100047f9 	.word	0x100047f9
100062d0:	20001ca8 	.word	0x20001ca8

100062d4 <cdcd_xfer_cb>:
100062d4:	b5f0      	push	{r4, r5, r6, r7, lr}
100062d6:	464f      	mov	r7, r9
100062d8:	4646      	mov	r6, r8
100062da:	46d6      	mov	lr, sl
100062dc:	b5c0      	push	{r6, r7, lr}
100062de:	4d36      	ldr	r5, [pc, #216]	@ (100063b8 <cdcd_xfer_cb+0xe4>)
100062e0:	4680      	mov	r8, r0
100062e2:	78ea      	ldrb	r2, [r5, #3]
100062e4:	000c      	movs	r4, r1
100062e6:	001f      	movs	r7, r3
100062e8:	428a      	cmp	r2, r1
100062ea:	d03c      	beq.n	10006366 <cdcd_xfer_cb+0x92>
100062ec:	78ab      	ldrb	r3, [r5, #2]
100062ee:	428b      	cmp	r3, r1
100062f0:	d010      	beq.n	10006314 <cdcd_xfer_cb+0x40>
100062f2:	2000      	movs	r0, #0
100062f4:	bce0      	pop	{r5, r6, r7}
100062f6:	46ba      	mov	sl, r7
100062f8:	46b1      	mov	r9, r6
100062fa:	46a8      	mov	r8, r5
100062fc:	bdf0      	pop	{r4, r5, r6, r7, pc}
100062fe:	4b2f      	ldr	r3, [pc, #188]	@ (100063bc <cdcd_xfer_cb+0xe8>)
10006300:	2b00      	cmp	r3, #0
10006302:	d004      	beq.n	1000630e <cdcd_xfer_cb+0x3a>
10006304:	482e      	ldr	r0, [pc, #184]	@ (100063c0 <cdcd_xfer_cb+0xec>)
10006306:	f000 fbad 	bl	10006a64 <tu_fifo_empty>
1000630a:	2800      	cmp	r0, #0
1000630c:	d051      	beq.n	100063b2 <cdcd_xfer_cb+0xde>
1000630e:	2000      	movs	r0, #0
10006310:	f7ff fda6 	bl	10005e60 <_prep_out_transaction.isra.0>
10006314:	78ab      	ldrb	r3, [r5, #2]
10006316:	42a3      	cmp	r3, r4
10006318:	d001      	beq.n	1000631e <cdcd_xfer_cb+0x4a>
1000631a:	2001      	movs	r0, #1
1000631c:	e7ea      	b.n	100062f4 <cdcd_xfer_cb+0x20>
1000631e:	4b29      	ldr	r3, [pc, #164]	@ (100063c4 <cdcd_xfer_cb+0xf0>)
10006320:	2b00      	cmp	r3, #0
10006322:	d002      	beq.n	1000632a <cdcd_xfer_cb+0x56>
10006324:	2000      	movs	r0, #0
10006326:	e000      	b.n	1000632a <cdcd_xfer_cb+0x56>
10006328:	bf00      	nop
1000632a:	2000      	movs	r0, #0
1000632c:	f7ff fe32 	bl	10005f94 <tud_cdc_n_write_flush>
10006330:	2800      	cmp	r0, #0
10006332:	d1f2      	bne.n	1000631a <cdcd_xfer_cb+0x46>
10006334:	4c24      	ldr	r4, [pc, #144]	@ (100063c8 <cdcd_xfer_cb+0xf4>)
10006336:	0020      	movs	r0, r4
10006338:	f000 fb7e 	bl	10006a38 <tu_fifo_count>
1000633c:	2800      	cmp	r0, #0
1000633e:	d1ec      	bne.n	1000631a <cdcd_xfer_cb+0x46>
10006340:	2f00      	cmp	r7, #0
10006342:	d0ea      	beq.n	1000631a <cdcd_xfer_cb+0x46>
10006344:	06bf      	lsls	r7, r7, #26
10006346:	d1e8      	bne.n	1000631a <cdcd_xfer_cb+0x46>
10006348:	3c24      	subs	r4, #36	@ 0x24
1000634a:	4640      	mov	r0, r8
1000634c:	78a1      	ldrb	r1, [r4, #2]
1000634e:	f7ff fc3b 	bl	10005bc8 <usbd_edpt_claim>
10006352:	2800      	cmp	r0, #0
10006354:	d0e1      	beq.n	1000631a <cdcd_xfer_cb+0x46>
10006356:	2300      	movs	r3, #0
10006358:	2200      	movs	r2, #0
1000635a:	4640      	mov	r0, r8
1000635c:	78a1      	ldrb	r1, [r4, #2]
1000635e:	f7ff fc5b 	bl	10005c18 <usbd_edpt_xfer>
10006362:	2001      	movs	r0, #1
10006364:	e7c6      	b.n	100062f4 <cdcd_xfer_cb+0x20>
10006366:	b29a      	uxth	r2, r3
10006368:	2310      	movs	r3, #16
1000636a:	469a      	mov	sl, r3
1000636c:	4e17      	ldr	r6, [pc, #92]	@ (100063cc <cdcd_xfer_cb+0xf8>)
1000636e:	44aa      	add	sl, r5
10006370:	0031      	movs	r1, r6
10006372:	4650      	mov	r0, sl
10006374:	f000 fca8 	bl	10006cc8 <tu_fifo_write_n>
10006378:	4b15      	ldr	r3, [pc, #84]	@ (100063d0 <cdcd_xfer_cb+0xfc>)
1000637a:	2b00      	cmp	r3, #0
1000637c:	d0bf      	beq.n	100062fe <cdcd_xfer_cb+0x2a>
1000637e:	796b      	ldrb	r3, [r5, #5]
10006380:	2bff      	cmp	r3, #255	@ 0xff
10006382:	d0bc      	beq.n	100062fe <cdcd_xfer_cb+0x2a>
10006384:	2f00      	cmp	r7, #0
10006386:	d0ba      	beq.n	100062fe <cdcd_xfer_cb+0x2a>
10006388:	19f2      	adds	r2, r6, r7
1000638a:	4691      	mov	r9, r2
1000638c:	e003      	b.n	10006396 <cdcd_xfer_cb+0xc2>
1000638e:	3601      	adds	r6, #1
10006390:	454e      	cmp	r6, r9
10006392:	d0b4      	beq.n	100062fe <cdcd_xfer_cb+0x2a>
10006394:	796b      	ldrb	r3, [r5, #5]
10006396:	7832      	ldrb	r2, [r6, #0]
10006398:	429a      	cmp	r2, r3
1000639a:	d1f8      	bne.n	1000638e <cdcd_xfer_cb+0xba>
1000639c:	4650      	mov	r0, sl
1000639e:	f000 fb61 	bl	10006a64 <tu_fifo_empty>
100063a2:	2800      	cmp	r0, #0
100063a4:	d1f3      	bne.n	1000638e <cdcd_xfer_cb+0xba>
100063a6:	4653      	mov	r3, sl
100063a8:	3b10      	subs	r3, #16
100063aa:	7959      	ldrb	r1, [r3, #5]
100063ac:	e000      	b.n	100063b0 <cdcd_xfer_cb+0xdc>
100063ae:	bf00      	nop
100063b0:	e7ed      	b.n	1000638e <cdcd_xfer_cb+0xba>
100063b2:	e000      	b.n	100063b6 <cdcd_xfer_cb+0xe2>
100063b4:	bf00      	nop
100063b6:	e7aa      	b.n	1000630e <cdcd_xfer_cb+0x3a>
100063b8:	20001ca0 	.word	0x20001ca0
100063bc:	00000000 	.word	0x00000000
100063c0:	20001cb0 	.word	0x20001cb0
100063c4:	00000000 	.word	0x00000000
100063c8:	20001cc4 	.word	0x20001cc4
100063cc:	20001c1c 	.word	0x20001c1c
100063d0:	00000000 	.word	0x00000000

100063d4 <vendord_init>:
100063d4:	2293      	movs	r2, #147	@ 0x93
100063d6:	b5f0      	push	{r4, r5, r6, r7, lr}
100063d8:	4c13      	ldr	r4, [pc, #76]	@ (10006428 <vendord_init+0x54>)
100063da:	b085      	sub	sp, #20
100063dc:	2100      	movs	r1, #0
100063de:	0020      	movs	r0, r4
100063e0:	0092      	lsls	r2, r2, #2
100063e2:	f7fc fa23 	bl	1000282c <__wrap_memset>
100063e6:	0023      	movs	r3, r4
100063e8:	0020      	movs	r0, r4
100063ea:	2680      	movs	r6, #128	@ 0x80
100063ec:	2740      	movs	r7, #64	@ 0x40
100063ee:	4d0f      	ldr	r5, [pc, #60]	@ (1000642c <vendord_init+0x58>)
100063f0:	334d      	adds	r3, #77	@ 0x4d
100063f2:	0076      	lsls	r6, r6, #1
100063f4:	33ff      	adds	r3, #255	@ 0xff
100063f6:	3029      	adds	r0, #41	@ 0x29
100063f8:	9502      	str	r5, [sp, #8]
100063fa:	9300      	str	r3, [sp, #0]
100063fc:	2200      	movs	r2, #0
100063fe:	2300      	movs	r3, #0
10006400:	2100      	movs	r1, #0
10006402:	9703      	str	r7, [sp, #12]
10006404:	9601      	str	r6, [sp, #4]
10006406:	30ff      	adds	r0, #255	@ 0xff
10006408:	f000 f9d4 	bl	100067b4 <tu_edpt_stream_init>
1000640c:	3540      	adds	r5, #64	@ 0x40
1000640e:	1d20      	adds	r0, r4, #4
10006410:	3428      	adds	r4, #40	@ 0x28
10006412:	2300      	movs	r3, #0
10006414:	2201      	movs	r2, #1
10006416:	2100      	movs	r1, #0
10006418:	9703      	str	r7, [sp, #12]
1000641a:	9502      	str	r5, [sp, #8]
1000641c:	9601      	str	r6, [sp, #4]
1000641e:	9400      	str	r4, [sp, #0]
10006420:	f000 f9c8 	bl	100067b4 <tu_edpt_stream_init>
10006424:	b005      	add	sp, #20
10006426:	bdf0      	pop	{r4, r5, r6, r7, pc}
10006428:	20001f64 	.word	0x20001f64
1000642c:	20001ee4 	.word	0x20001ee4

10006430 <vendord_deinit>:
10006430:	b510      	push	{r4, lr}
10006432:	4c05      	ldr	r4, [pc, #20]	@ (10006448 <vendord_deinit+0x18>)
10006434:	0020      	movs	r0, r4
10006436:	f000 f9f3 	bl	10006820 <tu_edpt_stream_deinit>
1000643a:	0020      	movs	r0, r4
1000643c:	3825      	subs	r0, #37	@ 0x25
1000643e:	38ff      	subs	r0, #255	@ 0xff
10006440:	f000 f9ee 	bl	10006820 <tu_edpt_stream_deinit>
10006444:	2001      	movs	r0, #1
10006446:	bd10      	pop	{r4, pc}
10006448:	2000208c 	.word	0x2000208c

1000644c <vendord_reset>:
1000644c:	b570      	push	{r4, r5, r6, lr}
1000644e:	4c08      	ldr	r4, [pc, #32]	@ (10006470 <vendord_reset+0x24>)
10006450:	2500      	movs	r5, #0
10006452:	0020      	movs	r0, r4
10006454:	3031      	adds	r0, #49	@ 0x31
10006456:	30ff      	adds	r0, #255	@ 0xff
10006458:	7025      	strb	r5, [r4, #0]
1000645a:	f000 fcf1 	bl	10006e40 <tu_fifo_clear>
1000645e:	0020      	movs	r0, r4
10006460:	300c      	adds	r0, #12
10006462:	f000 fced 	bl	10006e40 <tu_fifo_clear>
10006466:	232a      	movs	r3, #42	@ 0x2a
10006468:	33ff      	adds	r3, #255	@ 0xff
1000646a:	54e5      	strb	r5, [r4, r3]
1000646c:	7165      	strb	r5, [r4, #5]
1000646e:	bd70      	pop	{r4, r5, r6, pc}
10006470:	20001f64 	.word	0x20001f64

10006474 <vendord_open>:
10006474:	b5f8      	push	{r3, r4, r5, r6, r7, lr}
10006476:	4657      	mov	r7, sl
10006478:	4645      	mov	r5, r8
1000647a:	46de      	mov	lr, fp
1000647c:	464e      	mov	r6, r9
1000647e:	b5e0      	push	{r5, r6, r7, lr}
10006480:	794b      	ldrb	r3, [r1, #5]
10006482:	4680      	mov	r8, r0
10006484:	000f      	movs	r7, r1
10006486:	2bff      	cmp	r3, #255	@ 0xff
10006488:	d15b      	bne.n	10006542 <vendord_open+0xce>
1000648a:	4b40      	ldr	r3, [pc, #256]	@ (1000658c <vendord_open+0x118>)
1000648c:	4699      	mov	r9, r3
1000648e:	232a      	movs	r3, #42	@ 0x2a
10006490:	4649      	mov	r1, r9
10006492:	33ff      	adds	r3, #255	@ 0xff
10006494:	5ccb      	ldrb	r3, [r1, r3]
10006496:	2b00      	cmp	r3, #0
10006498:	d153      	bne.n	10006542 <vendord_open+0xce>
1000649a:	794e      	ldrb	r6, [r1, #5]
1000649c:	2e00      	cmp	r6, #0
1000649e:	d150      	bne.n	10006542 <vendord_open+0xce>
100064a0:	78bb      	ldrb	r3, [r7, #2]
100064a2:	783c      	ldrb	r4, [r7, #0]
100064a4:	700b      	strb	r3, [r1, #0]
100064a6:	793b      	ldrb	r3, [r7, #4]
100064a8:	193c      	adds	r4, r7, r4
100064aa:	2b00      	cmp	r3, #0
100064ac:	d046      	beq.n	1000653c <vendord_open+0xc8>
100064ae:	2398      	movs	r3, #152	@ 0x98
100064b0:	005b      	lsls	r3, r3, #1
100064b2:	444b      	add	r3, r9
100064b4:	469a      	mov	sl, r3
100064b6:	230c      	movs	r3, #12
100064b8:	444b      	add	r3, r9
100064ba:	469b      	mov	fp, r3
100064bc:	18a5      	adds	r5, r4, r2
100064be:	e003      	b.n	100064c8 <vendord_open+0x54>
100064c0:	42ac      	cmp	r4, r5
100064c2:	d23b      	bcs.n	1000653c <vendord_open+0xc8>
100064c4:	7823      	ldrb	r3, [r4, #0]
100064c6:	18e4      	adds	r4, r4, r3
100064c8:	7863      	ldrb	r3, [r4, #1]
100064ca:	2b05      	cmp	r3, #5
100064cc:	d1f8      	bne.n	100064c0 <vendord_open+0x4c>
100064ce:	42ac      	cmp	r4, r5
100064d0:	d234      	bcs.n	1000653c <vendord_open+0xc8>
100064d2:	0021      	movs	r1, r4
100064d4:	4640      	mov	r0, r8
100064d6:	f7ff fb5d 	bl	10005b94 <usbd_edpt_open>
100064da:	2800      	cmp	r0, #0
100064dc:	d031      	beq.n	10006542 <vendord_open+0xce>
100064de:	78a3      	ldrb	r3, [r4, #2]
100064e0:	3601      	adds	r6, #1
100064e2:	b2f6      	uxtb	r6, r6
100064e4:	09db      	lsrs	r3, r3, #7
100064e6:	2b01      	cmp	r3, #1
100064e8:	d032      	beq.n	10006550 <vendord_open+0xdc>
100064ea:	4650      	mov	r0, sl
100064ec:	f000 fca8 	bl	10006e40 <tu_fifo_clear>
100064f0:	232a      	movs	r3, #42	@ 0x2a
100064f2:	4649      	mov	r1, r9
100064f4:	78a2      	ldrb	r2, [r4, #2]
100064f6:	33ff      	adds	r3, #255	@ 0xff
100064f8:	54ca      	strb	r2, [r1, r3]
100064fa:	7963      	ldrb	r3, [r4, #5]
100064fc:	7922      	ldrb	r2, [r4, #4]
100064fe:	021b      	lsls	r3, r3, #8
10006500:	4313      	orrs	r3, r2
10006502:	4a23      	ldr	r2, [pc, #140]	@ (10006590 <vendord_open+0x11c>)
10006504:	055b      	lsls	r3, r3, #21
10006506:	4694      	mov	ip, r2
10006508:	0d5b      	lsrs	r3, r3, #21
1000650a:	2194      	movs	r1, #148	@ 0x94
1000650c:	4463      	add	r3, ip
1000650e:	425a      	negs	r2, r3
10006510:	4153      	adcs	r3, r2
10006512:	464a      	mov	r2, r9
10006514:	2002      	movs	r0, #2
10006516:	0049      	lsls	r1, r1, #1
10006518:	5c52      	ldrb	r2, [r2, r1]
1000651a:	005b      	lsls	r3, r3, #1
1000651c:	4382      	bics	r2, r0
1000651e:	4313      	orrs	r3, r2
10006520:	464a      	mov	r2, r9
10006522:	5453      	strb	r3, [r2, r1]
10006524:	4651      	mov	r1, sl
10006526:	4640      	mov	r0, r8
10006528:	3908      	subs	r1, #8
1000652a:	f000 f9e3 	bl	100068f4 <tu_edpt_stream_read_xfer>
1000652e:	2800      	cmp	r0, #0
10006530:	d007      	beq.n	10006542 <vendord_open+0xce>
10006532:	7823      	ldrb	r3, [r4, #0]
10006534:	18e4      	adds	r4, r4, r3
10006536:	793b      	ldrb	r3, [r7, #4]
10006538:	42b3      	cmp	r3, r6
1000653a:	d8c5      	bhi.n	100064c8 <vendord_open+0x54>
1000653c:	1be0      	subs	r0, r4, r7
1000653e:	b280      	uxth	r0, r0
10006540:	e000      	b.n	10006544 <vendord_open+0xd0>
10006542:	2000      	movs	r0, #0
10006544:	bcf0      	pop	{r4, r5, r6, r7}
10006546:	46bb      	mov	fp, r7
10006548:	46b2      	mov	sl, r6
1000654a:	46a9      	mov	r9, r5
1000654c:	46a0      	mov	r8, r4
1000654e:	bdf8      	pop	{r3, r4, r5, r6, r7, pc}
10006550:	4658      	mov	r0, fp
10006552:	f000 fc75 	bl	10006e40 <tu_fifo_clear>
10006556:	465a      	mov	r2, fp
10006558:	78a3      	ldrb	r3, [r4, #2]
1000655a:	3a0c      	subs	r2, #12
1000655c:	7153      	strb	r3, [r2, #5]
1000655e:	7963      	ldrb	r3, [r4, #5]
10006560:	7921      	ldrb	r1, [r4, #4]
10006562:	021b      	lsls	r3, r3, #8
10006564:	430b      	orrs	r3, r1
10006566:	490a      	ldr	r1, [pc, #40]	@ (10006590 <vendord_open+0x11c>)
10006568:	055b      	lsls	r3, r3, #21
1000656a:	468c      	mov	ip, r1
1000656c:	0d5b      	lsrs	r3, r3, #21
1000656e:	4463      	add	r3, ip
10006570:	4259      	negs	r1, r3
10006572:	414b      	adcs	r3, r1
10006574:	2002      	movs	r0, #2
10006576:	7911      	ldrb	r1, [r2, #4]
10006578:	005b      	lsls	r3, r3, #1
1000657a:	4381      	bics	r1, r0
1000657c:	430b      	orrs	r3, r1
1000657e:	4659      	mov	r1, fp
10006580:	2000      	movs	r0, #0
10006582:	3908      	subs	r1, #8
10006584:	7113      	strb	r3, [r2, #4]
10006586:	f000 f981 	bl	1000688c <tu_edpt_stream_write_xfer>
1000658a:	e7d2      	b.n	10006532 <vendord_open+0xbe>
1000658c:	20001f64 	.word	0x20001f64
10006590:	fffffe00 	.word	0xfffffe00

10006594 <vendord_xfer_cb>:
10006594:	b5f8      	push	{r3, r4, r5, r6, r7, lr}
10006596:	252a      	movs	r5, #42	@ 0x2a
10006598:	0006      	movs	r6, r0
1000659a:	481f      	ldr	r0, [pc, #124]	@ (10006618 <vendord_xfer_cb+0x84>)
1000659c:	35ff      	adds	r5, #255	@ 0xff
1000659e:	5d45      	ldrb	r5, [r0, r5]
100065a0:	001f      	movs	r7, r3
100065a2:	428d      	cmp	r5, r1
100065a4:	d015      	beq.n	100065d2 <vendord_xfer_cb+0x3e>
100065a6:	7943      	ldrb	r3, [r0, #5]
100065a8:	428b      	cmp	r3, r1
100065aa:	d001      	beq.n	100065b0 <vendord_xfer_cb+0x1c>
100065ac:	2000      	movs	r0, #0
100065ae:	bdf8      	pop	{r3, r4, r5, r6, r7, pc}
100065b0:	4b1a      	ldr	r3, [pc, #104]	@ (1000661c <vendord_xfer_cb+0x88>)
100065b2:	2b00      	cmp	r3, #0
100065b4:	d004      	beq.n	100065c0 <vendord_xfer_cb+0x2c>
100065b6:	0439      	lsls	r1, r7, #16
100065b8:	2000      	movs	r0, #0
100065ba:	0c09      	lsrs	r1, r1, #16
100065bc:	e000      	b.n	100065c0 <vendord_xfer_cb+0x2c>
100065be:	bf00      	nop
100065c0:	4c17      	ldr	r4, [pc, #92]	@ (10006620 <vendord_xfer_cb+0x8c>)
100065c2:	0030      	movs	r0, r6
100065c4:	0021      	movs	r1, r4
100065c6:	f000 f961 	bl	1000688c <tu_edpt_stream_write_xfer>
100065ca:	2800      	cmp	r0, #0
100065cc:	d01d      	beq.n	1000660a <vendord_xfer_cb+0x76>
100065ce:	2001      	movs	r0, #1
100065d0:	e7ed      	b.n	100065ae <vendord_xfer_cb+0x1a>
100065d2:	239a      	movs	r3, #154	@ 0x9a
100065d4:	005b      	lsls	r3, r3, #1
100065d6:	5ac3      	ldrh	r3, [r0, r3]
100065d8:	2b00      	cmp	r3, #0
100065da:	d10d      	bne.n	100065f8 <vendord_xfer_cb+0x64>
100065dc:	4b11      	ldr	r3, [pc, #68]	@ (10006624 <vendord_xfer_cb+0x90>)
100065de:	2b00      	cmp	r3, #0
100065e0:	d004      	beq.n	100065ec <vendord_xfer_cb+0x58>
100065e2:	2000      	movs	r0, #0
100065e4:	4910      	ldr	r1, [pc, #64]	@ (10006628 <vendord_xfer_cb+0x94>)
100065e6:	b2ba      	uxth	r2, r7
100065e8:	e000      	b.n	100065ec <vendord_xfer_cb+0x58>
100065ea:	bf00      	nop
100065ec:	0030      	movs	r0, r6
100065ee:	490f      	ldr	r1, [pc, #60]	@ (1000662c <vendord_xfer_cb+0x98>)
100065f0:	f000 f980 	bl	100068f4 <tu_edpt_stream_read_xfer>
100065f4:	2001      	movs	r0, #1
100065f6:	e7da      	b.n	100065ae <vendord_xfer_cb+0x1a>
100065f8:	2396      	movs	r3, #150	@ 0x96
100065fa:	005b      	lsls	r3, r3, #1
100065fc:	58c1      	ldr	r1, [r0, r3]
100065fe:	3031      	adds	r0, #49	@ 0x31
10006600:	b2ba      	uxth	r2, r7
10006602:	30ff      	adds	r0, #255	@ 0xff
10006604:	f000 fb60 	bl	10006cc8 <tu_fifo_write_n>
10006608:	e7e8      	b.n	100065dc <vendord_xfer_cb+0x48>
1000660a:	003a      	movs	r2, r7
1000660c:	0021      	movs	r1, r4
1000660e:	0030      	movs	r0, r6
10006610:	f000 f908 	bl	10006824 <tu_edpt_stream_write_zlp_if_needed>
10006614:	2001      	movs	r0, #1
10006616:	e7ca      	b.n	100065ae <vendord_xfer_cb+0x1a>
10006618:	20001f64 	.word	0x20001f64
1000661c:	00000000 	.word	0x00000000
10006620:	20001f68 	.word	0x20001f68
10006624:	00000000 	.word	0x00000000
10006628:	20001ee4 	.word	0x20001ee4
1000662c:	2000208c 	.word	0x2000208c

10006630 <tusb_rhport_init>:
10006630:	b500      	push	{lr}
10006632:	0003      	movs	r3, r0
10006634:	b083      	sub	sp, #12
10006636:	2900      	cmp	r1, #0
10006638:	d010      	beq.n	1000665c <tusb_rhport_init+0x2c>
1000663a:	2000      	movs	r0, #0
1000663c:	2b01      	cmp	r3, #1
1000663e:	d807      	bhi.n	10006650 <tusb_rhport_init+0x20>
10006640:	780a      	ldrb	r2, [r1, #0]
10006642:	2a00      	cmp	r2, #0
10006644:	d004      	beq.n	10006650 <tusb_rhport_init+0x20>
10006646:	480c      	ldr	r0, [pc, #48]	@ (10006678 <tusb_rhport_init+0x48>)
10006648:	54c2      	strb	r2, [r0, r3]
1000664a:	2001      	movs	r0, #1
1000664c:	2a01      	cmp	r2, #1
1000664e:	d001      	beq.n	10006654 <tusb_rhport_init+0x24>
10006650:	b003      	add	sp, #12
10006652:	bd00      	pop	{pc}
10006654:	0018      	movs	r0, r3
10006656:	f7fe fdd5 	bl	10005204 <tud_rhport_init>
1000665a:	e7f9      	b.n	10006650 <tusb_rhport_init+0x20>
1000665c:	2301      	movs	r3, #1
1000665e:	466a      	mov	r2, sp
10006660:	2000      	movs	r0, #0
10006662:	a901      	add	r1, sp, #4
10006664:	8093      	strh	r3, [r2, #4]
10006666:	f7fe fdcd 	bl	10005204 <tud_rhport_init>
1000666a:	2800      	cmp	r0, #0
1000666c:	d0f0      	beq.n	10006650 <tusb_rhport_init+0x20>
1000666e:	2201      	movs	r2, #1
10006670:	4b01      	ldr	r3, [pc, #4]	@ (10006678 <tusb_rhport_init+0x48>)
10006672:	701a      	strb	r2, [r3, #0]
10006674:	e7ec      	b.n	10006650 <tusb_rhport_init+0x20>
10006676:	46c0      	nop			@ (mov r8, r8)
10006678:	20001dbc 	.word	0x20001dbc

1000667c <tu_edpt_claim>:
1000667c:	7803      	ldrb	r3, [r0, #0]
1000667e:	b570      	push	{r4, r5, r6, lr}
10006680:	07db      	lsls	r3, r3, #31
10006682:	0004      	movs	r4, r0
10006684:	000e      	movs	r6, r1
10006686:	0fdd      	lsrs	r5, r3, #31
10006688:	2b00      	cmp	r3, #0
1000668a:	d117      	bne.n	100066bc <tu_edpt_claim+0x40>
1000668c:	7803      	ldrb	r3, [r0, #0]
1000668e:	075b      	lsls	r3, r3, #29
10006690:	d501      	bpl.n	10006696 <tu_edpt_claim+0x1a>
10006692:	0028      	movs	r0, r5
10006694:	bd70      	pop	{r4, r5, r6, pc}
10006696:	2101      	movs	r1, #1
10006698:	0030      	movs	r0, r6
1000669a:	4249      	negs	r1, r1
1000669c:	f001 fff0 	bl	10008680 <__mutex_enter_timeout_ms_veneer>
100066a0:	7823      	ldrb	r3, [r4, #0]
100066a2:	07db      	lsls	r3, r3, #31
100066a4:	0fdd      	lsrs	r5, r3, #31
100066a6:	2b00      	cmp	r3, #0
100066a8:	d10a      	bne.n	100066c0 <tu_edpt_claim+0x44>
100066aa:	7823      	ldrb	r3, [r4, #0]
100066ac:	075b      	lsls	r3, r3, #29
100066ae:	d408      	bmi.n	100066c2 <tu_edpt_claim+0x46>
100066b0:	2204      	movs	r2, #4
100066b2:	7823      	ldrb	r3, [r4, #0]
100066b4:	2501      	movs	r5, #1
100066b6:	4313      	orrs	r3, r2
100066b8:	7023      	strb	r3, [r4, #0]
100066ba:	e002      	b.n	100066c2 <tu_edpt_claim+0x46>
100066bc:	2500      	movs	r5, #0
100066be:	e7e8      	b.n	10006692 <tu_edpt_claim+0x16>
100066c0:	2500      	movs	r5, #0
100066c2:	0030      	movs	r0, r6
100066c4:	f001 ffbc 	bl	10008640 <__mutex_exit_veneer>
100066c8:	e7e3      	b.n	10006692 <tu_edpt_claim+0x16>
100066ca:	46c0      	nop			@ (mov r8, r8)

100066cc <tu_edpt_release>:
100066cc:	b570      	push	{r4, r5, r6, lr}
100066ce:	000c      	movs	r4, r1
100066d0:	2101      	movs	r1, #1
100066d2:	0006      	movs	r6, r0
100066d4:	4249      	negs	r1, r1
100066d6:	0020      	movs	r0, r4
100066d8:	f001 ffd2 	bl	10008680 <__mutex_enter_timeout_ms_veneer>
100066dc:	7833      	ldrb	r3, [r6, #0]
100066de:	075b      	lsls	r3, r3, #29
100066e0:	0fdd      	lsrs	r5, r3, #31
100066e2:	2b00      	cmp	r3, #0
100066e4:	db04      	blt.n	100066f0 <tu_edpt_release+0x24>
100066e6:	0020      	movs	r0, r4
100066e8:	f001 ffaa 	bl	10008640 <__mutex_exit_veneer>
100066ec:	0028      	movs	r0, r5
100066ee:	bd70      	pop	{r4, r5, r6, pc}
100066f0:	7833      	ldrb	r3, [r6, #0]
100066f2:	07db      	lsls	r3, r3, #31
100066f4:	d404      	bmi.n	10006700 <tu_edpt_release+0x34>
100066f6:	2204      	movs	r2, #4
100066f8:	7833      	ldrb	r3, [r6, #0]
100066fa:	4393      	bics	r3, r2
100066fc:	7033      	strb	r3, [r6, #0]
100066fe:	e7f2      	b.n	100066e6 <tu_edpt_release+0x1a>
10006700:	2500      	movs	r5, #0
10006702:	e7f0      	b.n	100066e6 <tu_edpt_release+0x1a>

10006704 <tu_edpt_validate>:
10006704:	7943      	ldrb	r3, [r0, #5]
10006706:	7902      	ldrb	r2, [r0, #4]
10006708:	021b      	lsls	r3, r3, #8
1000670a:	4313      	orrs	r3, r2
1000670c:	78c2      	ldrb	r2, [r0, #3]
1000670e:	055b      	lsls	r3, r3, #21
10006710:	0792      	lsls	r2, r2, #30
10006712:	0d5b      	lsrs	r3, r3, #21
10006714:	0f92      	lsrs	r2, r2, #30
10006716:	2a02      	cmp	r2, #2
10006718:	d01d      	beq.n	10006756 <tu_edpt_validate+0x52>
1000671a:	2a03      	cmp	r2, #3
1000671c:	d00c      	beq.n	10006738 <tu_edpt_validate+0x34>
1000671e:	2000      	movs	r0, #0
10006720:	2a01      	cmp	r2, #1
10006722:	d108      	bne.n	10006736 <tu_edpt_validate+0x32>
10006724:	3902      	subs	r1, #2
10006726:	424a      	negs	r2, r1
10006728:	4151      	adcs	r1, r2
1000672a:	4a12      	ldr	r2, [pc, #72]	@ (10006774 <tu_edpt_validate+0x70>)
1000672c:	4694      	mov	ip, r2
1000672e:	4461      	add	r1, ip
10006730:	4299      	cmp	r1, r3
10006732:	4140      	adcs	r0, r0
10006734:	b2c0      	uxtb	r0, r0
10006736:	4770      	bx	lr
10006738:	3902      	subs	r1, #2
1000673a:	1e4a      	subs	r2, r1, #1
1000673c:	4191      	sbcs	r1, r2
1000673e:	4a0e      	ldr	r2, [pc, #56]	@ (10006778 <tu_edpt_validate+0x74>)
10006740:	4249      	negs	r1, r1
10006742:	4011      	ands	r1, r2
10006744:	2280      	movs	r2, #128	@ 0x80
10006746:	00d2      	lsls	r2, r2, #3
10006748:	4694      	mov	ip, r2
1000674a:	2000      	movs	r0, #0
1000674c:	4461      	add	r1, ip
1000674e:	4299      	cmp	r1, r3
10006750:	4140      	adcs	r0, r0
10006752:	b2c0      	uxtb	r0, r0
10006754:	e7ef      	b.n	10006736 <tu_edpt_validate+0x32>
10006756:	2902      	cmp	r1, #2
10006758:	d005      	beq.n	10006766 <tu_edpt_validate+0x62>
1000675a:	2000      	movs	r0, #0
1000675c:	2240      	movs	r2, #64	@ 0x40
1000675e:	429a      	cmp	r2, r3
10006760:	4140      	adcs	r0, r0
10006762:	b2c0      	uxtb	r0, r0
10006764:	e7e7      	b.n	10006736 <tu_edpt_validate+0x32>
10006766:	4a05      	ldr	r2, [pc, #20]	@ (1000677c <tu_edpt_validate+0x78>)
10006768:	1898      	adds	r0, r3, r2
1000676a:	4243      	negs	r3, r0
1000676c:	4158      	adcs	r0, r3
1000676e:	b2c0      	uxtb	r0, r0
10006770:	e7e1      	b.n	10006736 <tu_edpt_validate+0x32>
10006772:	46c0      	nop			@ (mov r8, r8)
10006774:	000003ff 	.word	0x000003ff
10006778:	fffffc40 	.word	0xfffffc40
1000677c:	fffffe00 	.word	0xfffffe00

10006780 <tu_edpt_bind_driver>:
10006780:	188a      	adds	r2, r1, r2
10006782:	b570      	push	{r4, r5, r6, lr}
10006784:	4291      	cmp	r1, r2
10006786:	d207      	bcs.n	10006798 <tu_edpt_bind_driver+0x18>
10006788:	267f      	movs	r6, #127	@ 0x7f
1000678a:	784c      	ldrb	r4, [r1, #1]
1000678c:	2c05      	cmp	r4, #5
1000678e:	d004      	beq.n	1000679a <tu_edpt_bind_driver+0x1a>
10006790:	780c      	ldrb	r4, [r1, #0]
10006792:	1909      	adds	r1, r1, r4
10006794:	428a      	cmp	r2, r1
10006796:	d8f8      	bhi.n	1000678a <tu_edpt_bind_driver+0xa>
10006798:	bd70      	pop	{r4, r5, r6, pc}
1000679a:	0034      	movs	r4, r6
1000679c:	788d      	ldrb	r5, [r1, #2]
1000679e:	402c      	ands	r4, r5
100067a0:	0064      	lsls	r4, r4, #1
100067a2:	1904      	adds	r4, r0, r4
100067a4:	09ed      	lsrs	r5, r5, #7
100067a6:	5563      	strb	r3, [r4, r5]
100067a8:	780c      	ldrb	r4, [r1, #0]
100067aa:	1909      	adds	r1, r1, r4
100067ac:	428a      	cmp	r2, r1
100067ae:	d8ec      	bhi.n	1000678a <tu_edpt_bind_driver+0xa>
100067b0:	e7f2      	b.n	10006798 <tu_edpt_bind_driver+0x18>
100067b2:	46c0      	nop			@ (mov r8, r8)

100067b4 <tu_edpt_stream_init>:
100067b4:	b5f0      	push	{r4, r5, r6, r7, lr}
100067b6:	46c6      	mov	lr, r8
100067b8:	b500      	push	{lr}
100067ba:	b082      	sub	sp, #8
100067bc:	0015      	movs	r5, r2
100067be:	aa08      	add	r2, sp, #32
100067c0:	ca40      	ldmia	r2!, {r6}
100067c2:	0004      	movs	r4, r0
100067c4:	8817      	ldrh	r7, [r2, #0]
100067c6:	466a      	mov	r2, sp
100067c8:	8d92      	ldrh	r2, [r2, #44]	@ 0x2c
100067ca:	2001      	movs	r0, #1
100067cc:	4690      	mov	r8, r2
100067ce:	000a      	movs	r2, r1
100067d0:	7821      	ldrb	r1, [r4, #0]
100067d2:	4002      	ands	r2, r0
100067d4:	4381      	bics	r1, r0
100067d6:	0020      	movs	r0, r4
100067d8:	4311      	orrs	r1, r2
100067da:	7021      	strb	r1, [r4, #0]
100067dc:	003a      	movs	r2, r7
100067de:	9300      	str	r3, [sp, #0]
100067e0:	0031      	movs	r1, r6
100067e2:	2301      	movs	r3, #1
100067e4:	3008      	adds	r0, #8
100067e6:	f000 f8f1 	bl	100069cc <tu_fifo_config>
100067ea:	2e00      	cmp	r6, #0
100067ec:	d001      	beq.n	100067f2 <tu_edpt_stream_init+0x3e>
100067ee:	2f00      	cmp	r7, #0
100067f0:	d108      	bne.n	10006804 <tu_edpt_stream_init+0x50>
100067f2:	9b0a      	ldr	r3, [sp, #40]	@ 0x28
100067f4:	2001      	movs	r0, #1
100067f6:	6063      	str	r3, [r4, #4]
100067f8:	4643      	mov	r3, r8
100067fa:	8063      	strh	r3, [r4, #2]
100067fc:	b002      	add	sp, #8
100067fe:	bc80      	pop	{r7}
10006800:	46b8      	mov	r8, r7
10006802:	bdf0      	pop	{r4, r5, r6, r7, pc}
10006804:	0026      	movs	r6, r4
10006806:	361c      	adds	r6, #28
10006808:	0030      	movs	r0, r6
1000680a:	f7fa f8af 	bl	1000096c <mutex_init>
1000680e:	2300      	movs	r3, #0
10006810:	2d00      	cmp	r5, #0
10006812:	d001      	beq.n	10006818 <tu_edpt_stream_init+0x64>
10006814:	0033      	movs	r3, r6
10006816:	2600      	movs	r6, #0
10006818:	6163      	str	r3, [r4, #20]
1000681a:	61a6      	str	r6, [r4, #24]
1000681c:	e7e9      	b.n	100067f2 <tu_edpt_stream_init+0x3e>
1000681e:	46c0      	nop			@ (mov r8, r8)

10006820 <tu_edpt_stream_deinit>:
10006820:	2001      	movs	r0, #1
10006822:	4770      	bx	lr

10006824 <tu_edpt_stream_write_zlp_if_needed>:
10006824:	b5f8      	push	{r3, r4, r5, r6, r7, lr}
10006826:	2402      	movs	r4, #2
10006828:	780b      	ldrb	r3, [r1, #0]
1000682a:	0007      	movs	r7, r0
1000682c:	401c      	ands	r4, r3
1000682e:	4263      	negs	r3, r4
10006830:	415c      	adcs	r4, r3
10006832:	4b14      	ldr	r3, [pc, #80]	@ (10006884 <tu_edpt_stream_write_zlp_if_needed+0x60>)
10006834:	4264      	negs	r4, r4
10006836:	401c      	ands	r4, r3
10006838:	4b13      	ldr	r3, [pc, #76]	@ (10006888 <tu_edpt_stream_write_zlp_if_needed+0x64>)
1000683a:	0008      	movs	r0, r1
1000683c:	469c      	mov	ip, r3
1000683e:	3008      	adds	r0, #8
10006840:	000d      	movs	r5, r1
10006842:	0016      	movs	r6, r2
10006844:	4464      	add	r4, ip
10006846:	f000 f8f7 	bl	10006a38 <tu_fifo_count>
1000684a:	2800      	cmp	r0, #0
1000684c:	d107      	bne.n	1000685e <tu_edpt_stream_write_zlp_if_needed+0x3a>
1000684e:	2e00      	cmp	r6, #0
10006850:	d005      	beq.n	1000685e <tu_edpt_stream_write_zlp_if_needed+0x3a>
10006852:	4234      	tst	r4, r6
10006854:	d103      	bne.n	1000685e <tu_edpt_stream_write_zlp_if_needed+0x3a>
10006856:	2401      	movs	r4, #1
10006858:	782b      	ldrb	r3, [r5, #0]
1000685a:	421c      	tst	r4, r3
1000685c:	d001      	beq.n	10006862 <tu_edpt_stream_write_zlp_if_needed+0x3e>
1000685e:	2000      	movs	r0, #0
10006860:	bdf8      	pop	{r3, r4, r5, r6, r7, pc}
10006862:	0038      	movs	r0, r7
10006864:	7869      	ldrb	r1, [r5, #1]
10006866:	f7ff f9af 	bl	10005bc8 <usbd_edpt_claim>
1000686a:	2800      	cmp	r0, #0
1000686c:	d0f7      	beq.n	1000685e <tu_edpt_stream_write_zlp_if_needed+0x3a>
1000686e:	782b      	ldrb	r3, [r5, #0]
10006870:	421c      	tst	r4, r3
10006872:	d1f4      	bne.n	1000685e <tu_edpt_stream_write_zlp_if_needed+0x3a>
10006874:	2300      	movs	r3, #0
10006876:	2200      	movs	r2, #0
10006878:	0038      	movs	r0, r7
1000687a:	7869      	ldrb	r1, [r5, #1]
1000687c:	f7ff f9cc 	bl	10005c18 <usbd_edpt_xfer>
10006880:	e7ee      	b.n	10006860 <tu_edpt_stream_write_zlp_if_needed+0x3c>
10006882:	46c0      	nop			@ (mov r8, r8)
10006884:	fffffe40 	.word	0xfffffe40
10006888:	000001ff 	.word	0x000001ff

1000688c <tu_edpt_stream_write_xfer>:
1000688c:	b5f8      	push	{r3, r4, r5, r6, r7, lr}
1000688e:	000d      	movs	r5, r1
10006890:	3508      	adds	r5, #8
10006892:	0006      	movs	r6, r0
10006894:	0028      	movs	r0, r5
10006896:	000c      	movs	r4, r1
10006898:	f000 f8ce 	bl	10006a38 <tu_fifo_count>
1000689c:	2800      	cmp	r0, #0
1000689e:	d003      	beq.n	100068a8 <tu_edpt_stream_write_xfer+0x1c>
100068a0:	2701      	movs	r7, #1
100068a2:	7823      	ldrb	r3, [r4, #0]
100068a4:	421f      	tst	r7, r3
100068a6:	d001      	beq.n	100068ac <tu_edpt_stream_write_xfer+0x20>
100068a8:	2000      	movs	r0, #0
100068aa:	bdf8      	pop	{r3, r4, r5, r6, r7, pc}
100068ac:	0030      	movs	r0, r6
100068ae:	7861      	ldrb	r1, [r4, #1]
100068b0:	f7ff f98a 	bl	10005bc8 <usbd_edpt_claim>
100068b4:	2800      	cmp	r0, #0
100068b6:	d0f7      	beq.n	100068a8 <tu_edpt_stream_write_xfer+0x1c>
100068b8:	0028      	movs	r0, r5
100068ba:	8862      	ldrh	r2, [r4, #2]
100068bc:	6861      	ldr	r1, [r4, #4]
100068be:	f000 f93d 	bl	10006b3c <tu_fifo_read_n>
100068c2:	7823      	ldrb	r3, [r4, #0]
100068c4:	0005      	movs	r5, r0
100068c6:	401f      	ands	r7, r3
100068c8:	2800      	cmp	r0, #0
100068ca:	d00b      	beq.n	100068e4 <tu_edpt_stream_write_xfer+0x58>
100068cc:	2f00      	cmp	r7, #0
100068ce:	d1eb      	bne.n	100068a8 <tu_edpt_stream_write_xfer+0x1c>
100068d0:	0003      	movs	r3, r0
100068d2:	6862      	ldr	r2, [r4, #4]
100068d4:	0030      	movs	r0, r6
100068d6:	7861      	ldrb	r1, [r4, #1]
100068d8:	f7ff f99e 	bl	10005c18 <usbd_edpt_xfer>
100068dc:	2800      	cmp	r0, #0
100068de:	d0e3      	beq.n	100068a8 <tu_edpt_stream_write_xfer+0x1c>
100068e0:	0028      	movs	r0, r5
100068e2:	e7e2      	b.n	100068aa <tu_edpt_stream_write_xfer+0x1e>
100068e4:	2f00      	cmp	r7, #0
100068e6:	d1df      	bne.n	100068a8 <tu_edpt_stream_write_xfer+0x1c>
100068e8:	0030      	movs	r0, r6
100068ea:	7861      	ldrb	r1, [r4, #1]
100068ec:	f7ff f980 	bl	10005bf0 <usbd_edpt_release>
100068f0:	e7da      	b.n	100068a8 <tu_edpt_stream_write_xfer+0x1c>
100068f2:	46c0      	nop			@ (mov r8, r8)

100068f4 <tu_edpt_stream_read_xfer>:
100068f4:	b5f8      	push	{r3, r4, r5, r6, r7, lr}
100068f6:	46ce      	mov	lr, r9
100068f8:	4647      	mov	r7, r8
100068fa:	b580      	push	{r7, lr}
100068fc:	898a      	ldrh	r2, [r1, #12]
100068fe:	0006      	movs	r6, r0
10006900:	000c      	movs	r4, r1
10006902:	780b      	ldrb	r3, [r1, #0]
10006904:	2a00      	cmp	r2, #0
10006906:	d107      	bne.n	10006918 <tu_edpt_stream_read_xfer+0x24>
10006908:	2501      	movs	r5, #1
1000690a:	421d      	tst	r5, r3
1000690c:	d040      	beq.n	10006990 <tu_edpt_stream_read_xfer+0x9c>
1000690e:	2000      	movs	r0, #0
10006910:	bcc0      	pop	{r6, r7}
10006912:	46b9      	mov	r9, r7
10006914:	46b0      	mov	r8, r6
10006916:	bdf8      	pop	{r3, r4, r5, r6, r7, pc}
10006918:	079b      	lsls	r3, r3, #30
1000691a:	d433      	bmi.n	10006984 <tu_edpt_stream_read_xfer+0x90>
1000691c:	4b2a      	ldr	r3, [pc, #168]	@ (100069c8 <tu_edpt_stream_read_xfer+0xd4>)
1000691e:	2540      	movs	r5, #64	@ 0x40
10006920:	4699      	mov	r9, r3
10006922:	0027      	movs	r7, r4
10006924:	3708      	adds	r7, #8
10006926:	0038      	movs	r0, r7
10006928:	f000 f8a4 	bl	10006a74 <tu_fifo_remaining>
1000692c:	4285      	cmp	r5, r0
1000692e:	d8ee      	bhi.n	1000690e <tu_edpt_stream_read_xfer+0x1a>
10006930:	2201      	movs	r2, #1
10006932:	7823      	ldrb	r3, [r4, #0]
10006934:	4690      	mov	r8, r2
10006936:	421a      	tst	r2, r3
10006938:	d1e9      	bne.n	1000690e <tu_edpt_stream_read_xfer+0x1a>
1000693a:	0030      	movs	r0, r6
1000693c:	7861      	ldrb	r1, [r4, #1]
1000693e:	f7ff f943 	bl	10005bc8 <usbd_edpt_claim>
10006942:	2800      	cmp	r0, #0
10006944:	d0e3      	beq.n	1000690e <tu_edpt_stream_read_xfer+0x1a>
10006946:	0038      	movs	r0, r7
10006948:	f000 f894 	bl	10006a74 <tu_fifo_remaining>
1000694c:	4642      	mov	r2, r8
1000694e:	7823      	ldrb	r3, [r4, #0]
10006950:	401a      	ands	r2, r3
10006952:	4285      	cmp	r5, r0
10006954:	d831      	bhi.n	100069ba <tu_edpt_stream_read_xfer+0xc6>
10006956:	2a00      	cmp	r2, #0
10006958:	d1d9      	bne.n	1000690e <tu_edpt_stream_read_xfer+0x1a>
1000695a:	464a      	mov	r2, r9
1000695c:	8863      	ldrh	r3, [r4, #2]
1000695e:	4002      	ands	r2, r0
10006960:	1c1d      	adds	r5, r3, #0
10006962:	4293      	cmp	r3, r2
10006964:	d900      	bls.n	10006968 <tu_edpt_stream_read_xfer+0x74>
10006966:	1c15      	adds	r5, r2, #0
10006968:	b2ad      	uxth	r5, r5
1000696a:	2200      	movs	r2, #0
1000696c:	7861      	ldrb	r1, [r4, #1]
1000696e:	2d00      	cmp	r5, #0
10006970:	d000      	beq.n	10006974 <tu_edpt_stream_read_xfer+0x80>
10006972:	6862      	ldr	r2, [r4, #4]
10006974:	002b      	movs	r3, r5
10006976:	0030      	movs	r0, r6
10006978:	f7ff f94e 	bl	10005c18 <usbd_edpt_xfer>
1000697c:	2800      	cmp	r0, #0
1000697e:	d0c6      	beq.n	1000690e <tu_edpt_stream_read_xfer+0x1a>
10006980:	0028      	movs	r0, r5
10006982:	e7c5      	b.n	10006910 <tu_edpt_stream_read_xfer+0x1c>
10006984:	23fe      	movs	r3, #254	@ 0xfe
10006986:	2580      	movs	r5, #128	@ 0x80
10006988:	021b      	lsls	r3, r3, #8
1000698a:	4699      	mov	r9, r3
1000698c:	00ad      	lsls	r5, r5, #2
1000698e:	e7c8      	b.n	10006922 <tu_edpt_stream_read_xfer+0x2e>
10006990:	7849      	ldrb	r1, [r1, #1]
10006992:	f7ff f919 	bl	10005bc8 <usbd_edpt_claim>
10006996:	2800      	cmp	r0, #0
10006998:	d0b9      	beq.n	1000690e <tu_edpt_stream_read_xfer+0x1a>
1000699a:	7823      	ldrb	r3, [r4, #0]
1000699c:	421d      	tst	r5, r3
1000699e:	d1b6      	bne.n	1000690e <tu_edpt_stream_read_xfer+0x1a>
100069a0:	8863      	ldrh	r3, [r4, #2]
100069a2:	2200      	movs	r2, #0
100069a4:	7861      	ldrb	r1, [r4, #1]
100069a6:	2b00      	cmp	r3, #0
100069a8:	d000      	beq.n	100069ac <tu_edpt_stream_read_xfer+0xb8>
100069aa:	6862      	ldr	r2, [r4, #4]
100069ac:	0030      	movs	r0, r6
100069ae:	f7ff f933 	bl	10005c18 <usbd_edpt_xfer>
100069b2:	2800      	cmp	r0, #0
100069b4:	d0ab      	beq.n	1000690e <tu_edpt_stream_read_xfer+0x1a>
100069b6:	8860      	ldrh	r0, [r4, #2]
100069b8:	e7aa      	b.n	10006910 <tu_edpt_stream_read_xfer+0x1c>
100069ba:	2a00      	cmp	r2, #0
100069bc:	d1a7      	bne.n	1000690e <tu_edpt_stream_read_xfer+0x1a>
100069be:	0030      	movs	r0, r6
100069c0:	7861      	ldrb	r1, [r4, #1]
100069c2:	f7ff f915 	bl	10005bf0 <usbd_edpt_release>
100069c6:	e7a2      	b.n	1000690e <tu_edpt_stream_read_xfer+0x1a>
100069c8:	0000ffc0 	.word	0x0000ffc0

100069cc <tu_fifo_config>:
100069cc:	b5f0      	push	{r4, r5, r6, r7, lr}
100069ce:	46c6      	mov	lr, r8
100069d0:	b500      	push	{lr}
100069d2:	0004      	movs	r4, r0
100069d4:	4668      	mov	r0, sp
100069d6:	7e05      	ldrb	r5, [r0, #24]
100069d8:	2080      	movs	r0, #128	@ 0x80
100069da:	4688      	mov	r8, r1
100069dc:	0017      	movs	r7, r2
100069de:	001e      	movs	r6, r3
100069e0:	0200      	lsls	r0, r0, #8
100069e2:	4282      	cmp	r2, r0
100069e4:	d826      	bhi.n	10006a34 <tu_fifo_config+0x68>
100069e6:	68e0      	ldr	r0, [r4, #12]
100069e8:	2800      	cmp	r0, #0
100069ea:	d003      	beq.n	100069f4 <tu_fifo_config+0x28>
100069ec:	2101      	movs	r1, #1
100069ee:	4249      	negs	r1, r1
100069f0:	f001 fe46 	bl	10008680 <__mutex_enter_timeout_ms_veneer>
100069f4:	6920      	ldr	r0, [r4, #16]
100069f6:	2800      	cmp	r0, #0
100069f8:	d003      	beq.n	10006a02 <tu_fifo_config+0x36>
100069fa:	2101      	movs	r1, #1
100069fc:	4249      	negs	r1, r1
100069fe:	f001 fe3f 	bl	10008680 <__mutex_enter_timeout_ms_veneer>
10006a02:	4643      	mov	r3, r8
10006a04:	6023      	str	r3, [r4, #0]
10006a06:	0473      	lsls	r3, r6, #17
10006a08:	0c5b      	lsrs	r3, r3, #17
10006a0a:	03ed      	lsls	r5, r5, #15
10006a0c:	431d      	orrs	r5, r3
10006a0e:	2300      	movs	r3, #0
10006a10:	68e0      	ldr	r0, [r4, #12]
10006a12:	8163      	strh	r3, [r4, #10]
10006a14:	80a7      	strh	r7, [r4, #4]
10006a16:	80e5      	strh	r5, [r4, #6]
10006a18:	8123      	strh	r3, [r4, #8]
10006a1a:	2800      	cmp	r0, #0
10006a1c:	d001      	beq.n	10006a22 <tu_fifo_config+0x56>
10006a1e:	f001 fe0f 	bl	10008640 <__mutex_exit_veneer>
10006a22:	6920      	ldr	r0, [r4, #16]
10006a24:	2800      	cmp	r0, #0
10006a26:	d001      	beq.n	10006a2c <tu_fifo_config+0x60>
10006a28:	f001 fe0a 	bl	10008640 <__mutex_exit_veneer>
10006a2c:	2001      	movs	r0, #1
10006a2e:	bc80      	pop	{r7}
10006a30:	46b8      	mov	r8, r7
10006a32:	bdf0      	pop	{r4, r5, r6, r7, pc}
10006a34:	2000      	movs	r0, #0
10006a36:	e7fa      	b.n	10006a2e <tu_fifo_config+0x62>

10006a38 <tu_fifo_count>:
10006a38:	b510      	push	{r4, lr}
10006a3a:	8904      	ldrh	r4, [r0, #8]
10006a3c:	8941      	ldrh	r1, [r0, #10]
10006a3e:	8882      	ldrh	r2, [r0, #4]
10006a40:	b2a3      	uxth	r3, r4
10006a42:	b288      	uxth	r0, r1
10006a44:	428c      	cmp	r4, r1
10006a46:	d307      	bcc.n	10006a58 <tu_fifo_count+0x20>
10006a48:	1a1b      	subs	r3, r3, r0
10006a4a:	b29b      	uxth	r3, r3
10006a4c:	1c10      	adds	r0, r2, #0
10006a4e:	429a      	cmp	r2, r3
10006a50:	d900      	bls.n	10006a54 <tu_fifo_count+0x1c>
10006a52:	1c18      	adds	r0, r3, #0
10006a54:	b280      	uxth	r0, r0
10006a56:	bd10      	pop	{r4, pc}
10006a58:	0051      	lsls	r1, r2, #1
10006a5a:	1a09      	subs	r1, r1, r0
10006a5c:	185b      	adds	r3, r3, r1
10006a5e:	b29b      	uxth	r3, r3
10006a60:	e7f4      	b.n	10006a4c <tu_fifo_count+0x14>
10006a62:	46c0      	nop			@ (mov r8, r8)

10006a64 <tu_fifo_empty>:
10006a64:	8903      	ldrh	r3, [r0, #8]
10006a66:	8940      	ldrh	r0, [r0, #10]
10006a68:	1a18      	subs	r0, r3, r0
10006a6a:	4243      	negs	r3, r0
10006a6c:	4158      	adcs	r0, r3
10006a6e:	b2c0      	uxtb	r0, r0
10006a70:	4770      	bx	lr
10006a72:	46c0      	nop			@ (mov r8, r8)

10006a74 <tu_fifo_remaining>:
10006a74:	b510      	push	{r4, lr}
10006a76:	8904      	ldrh	r4, [r0, #8]
10006a78:	8941      	ldrh	r1, [r0, #10]
10006a7a:	8882      	ldrh	r2, [r0, #4]
10006a7c:	b2a3      	uxth	r3, r4
10006a7e:	b288      	uxth	r0, r1
10006a80:	428c      	cmp	r4, r1
10006a82:	d307      	bcc.n	10006a94 <tu_fifo_remaining+0x20>
10006a84:	1a1b      	subs	r3, r3, r0
10006a86:	b29b      	uxth	r3, r3
10006a88:	2000      	movs	r0, #0
10006a8a:	429a      	cmp	r2, r3
10006a8c:	d901      	bls.n	10006a92 <tu_fifo_remaining+0x1e>
10006a8e:	1ad2      	subs	r2, r2, r3
10006a90:	b290      	uxth	r0, r2
10006a92:	bd10      	pop	{r4, pc}
10006a94:	0051      	lsls	r1, r2, #1
10006a96:	1a09      	subs	r1, r1, r0
10006a98:	185b      	adds	r3, r3, r1
10006a9a:	b29b      	uxth	r3, r3
10006a9c:	e7f4      	b.n	10006a88 <tu_fifo_remaining+0x14>
10006a9e:	46c0      	nop			@ (mov r8, r8)

10006aa0 <tu_fifo_read>:
10006aa0:	b570      	push	{r4, r5, r6, lr}
10006aa2:	0004      	movs	r4, r0
10006aa4:	6900      	ldr	r0, [r0, #16]
10006aa6:	000e      	movs	r6, r1
10006aa8:	2800      	cmp	r0, #0
10006aaa:	d003      	beq.n	10006ab4 <tu_fifo_read+0x14>
10006aac:	2101      	movs	r1, #1
10006aae:	4249      	negs	r1, r1
10006ab0:	f001 fde6 	bl	10008680 <__mutex_enter_timeout_ms_veneer>
10006ab4:	8925      	ldrh	r5, [r4, #8]
10006ab6:	8960      	ldrh	r0, [r4, #10]
10006ab8:	88a2      	ldrh	r2, [r4, #4]
10006aba:	b2a9      	uxth	r1, r5
10006abc:	b283      	uxth	r3, r0
10006abe:	4285      	cmp	r5, r0
10006ac0:	d332      	bcc.n	10006b28 <tu_fifo_read+0x88>
10006ac2:	1acd      	subs	r5, r1, r3
10006ac4:	b2ad      	uxth	r5, r5
10006ac6:	2d00      	cmp	r5, #0
10006ac8:	d028      	beq.n	10006b1c <tu_fifo_read+0x7c>
10006aca:	42aa      	cmp	r2, r5
10006acc:	d208      	bcs.n	10006ae0 <tu_fifo_read+0x40>
10006ace:	4291      	cmp	r1, r2
10006ad0:	d32f      	bcc.n	10006b32 <tu_fifo_read+0x92>
10006ad2:	1a89      	subs	r1, r1, r2
10006ad4:	b28b      	uxth	r3, r1
10006ad6:	8163      	strh	r3, [r4, #10]
10006ad8:	429a      	cmp	r2, r3
10006ada:	d803      	bhi.n	10006ae4 <tu_fifo_read+0x44>
10006adc:	1a9b      	subs	r3, r3, r2
10006ade:	b29b      	uxth	r3, r3
10006ae0:	429a      	cmp	r2, r3
10006ae2:	d9fb      	bls.n	10006adc <tu_fifo_read+0x3c>
10006ae4:	88e2      	ldrh	r2, [r4, #6]
10006ae6:	6821      	ldr	r1, [r4, #0]
10006ae8:	0452      	lsls	r2, r2, #17
10006aea:	0c52      	lsrs	r2, r2, #17
10006aec:	4353      	muls	r3, r2
10006aee:	0030      	movs	r0, r6
10006af0:	18c9      	adds	r1, r1, r3
10006af2:	f7fb fea1 	bl	10002838 <__wrap___aeabi_memcpy>
10006af6:	8963      	ldrh	r3, [r4, #10]
10006af8:	2501      	movs	r5, #1
10006afa:	1c59      	adds	r1, r3, #1
10006afc:	b289      	uxth	r1, r1
10006afe:	88a2      	ldrh	r2, [r4, #4]
10006b00:	428b      	cmp	r3, r1
10006b02:	d90d      	bls.n	10006b20 <tu_fifo_read+0x80>
10006b04:	2100      	movs	r1, #0
10006b06:	0052      	lsls	r2, r2, #1
10006b08:	1a89      	subs	r1, r1, r2
10006b0a:	b289      	uxth	r1, r1
10006b0c:	6920      	ldr	r0, [r4, #16]
10006b0e:	8161      	strh	r1, [r4, #10]
10006b10:	2800      	cmp	r0, #0
10006b12:	d001      	beq.n	10006b18 <tu_fifo_read+0x78>
10006b14:	f001 fd94 	bl	10008640 <__mutex_exit_veneer>
10006b18:	0028      	movs	r0, r5
10006b1a:	bd70      	pop	{r4, r5, r6, pc}
10006b1c:	8961      	ldrh	r1, [r4, #10]
10006b1e:	b289      	uxth	r1, r1
10006b20:	0052      	lsls	r2, r2, #1
10006b22:	4291      	cmp	r1, r2
10006b24:	dbf2      	blt.n	10006b0c <tu_fifo_read+0x6c>
10006b26:	e7ef      	b.n	10006b08 <tu_fifo_read+0x68>
10006b28:	0055      	lsls	r5, r2, #1
10006b2a:	1aed      	subs	r5, r5, r3
10006b2c:	194d      	adds	r5, r1, r5
10006b2e:	b2ad      	uxth	r5, r5
10006b30:	e7c9      	b.n	10006ac6 <tu_fifo_read+0x26>
10006b32:	1889      	adds	r1, r1, r2
10006b34:	b28b      	uxth	r3, r1
10006b36:	8163      	strh	r3, [r4, #10]
10006b38:	e7ce      	b.n	10006ad8 <tu_fifo_read+0x38>
10006b3a:	46c0      	nop			@ (mov r8, r8)

10006b3c <tu_fifo_read_n>:
10006b3c:	b5f0      	push	{r4, r5, r6, r7, lr}
10006b3e:	4646      	mov	r6, r8
10006b40:	464f      	mov	r7, r9
10006b42:	46d6      	mov	lr, sl
10006b44:	b5c0      	push	{r6, r7, lr}
10006b46:	0006      	movs	r6, r0
10006b48:	6900      	ldr	r0, [r0, #16]
10006b4a:	4689      	mov	r9, r1
10006b4c:	4690      	mov	r8, r2
10006b4e:	2800      	cmp	r0, #0
10006b50:	d003      	beq.n	10006b5a <tu_fifo_read_n+0x1e>
10006b52:	2101      	movs	r1, #1
10006b54:	4249      	negs	r1, r1
10006b56:	f001 fd93 	bl	10008680 <__mutex_enter_timeout_ms_veneer>
10006b5a:	8931      	ldrh	r1, [r6, #8]
10006b5c:	8972      	ldrh	r2, [r6, #10]
10006b5e:	88b5      	ldrh	r5, [r6, #4]
10006b60:	b28b      	uxth	r3, r1
10006b62:	b294      	uxth	r4, r2
10006b64:	4291      	cmp	r1, r2
10006b66:	d354      	bcc.n	10006c12 <tu_fifo_read_n+0xd6>
10006b68:	1b1f      	subs	r7, r3, r4
10006b6a:	b2bf      	uxth	r7, r7
10006b6c:	2f00      	cmp	r7, #0
10006b6e:	d04a      	beq.n	10006c06 <tu_fifo_read_n+0xca>
10006b70:	42bd      	cmp	r5, r7
10006b72:	d205      	bcs.n	10006b80 <tu_fifo_read_n+0x44>
10006b74:	42ab      	cmp	r3, r5
10006b76:	d251      	bcs.n	10006c1c <tu_fifo_read_n+0xe0>
10006b78:	195b      	adds	r3, r3, r5
10006b7a:	b29c      	uxth	r4, r3
10006b7c:	002f      	movs	r7, r5
10006b7e:	8174      	strh	r4, [r6, #10]
10006b80:	4643      	mov	r3, r8
10006b82:	45b8      	cmp	r8, r7
10006b84:	d83d      	bhi.n	10006c02 <tu_fifo_read_n+0xc6>
10006b86:	b29f      	uxth	r7, r3
10006b88:	42a5      	cmp	r5, r4
10006b8a:	d803      	bhi.n	10006b94 <tu_fifo_read_n+0x58>
10006b8c:	1b64      	subs	r4, r4, r5
10006b8e:	b2a4      	uxth	r4, r4
10006b90:	42a5      	cmp	r5, r4
10006b92:	d9fb      	bls.n	10006b8c <tu_fifo_read_n+0x50>
10006b94:	88f2      	ldrh	r2, [r6, #6]
10006b96:	6831      	ldr	r1, [r6, #0]
10006b98:	0452      	lsls	r2, r2, #17
10006b9a:	0c52      	lsrs	r2, r2, #17
10006b9c:	4690      	mov	r8, r2
10006b9e:	4362      	muls	r2, r4
10006ba0:	1b2b      	subs	r3, r5, r4
10006ba2:	b29b      	uxth	r3, r3
10006ba4:	1889      	adds	r1, r1, r2
10006ba6:	4642      	mov	r2, r8
10006ba8:	429f      	cmp	r7, r3
10006baa:	d925      	bls.n	10006bf8 <tu_fifo_read_n+0xbc>
10006bac:	4353      	muls	r3, r2
10006bae:	b29b      	uxth	r3, r3
10006bb0:	001a      	movs	r2, r3
10006bb2:	4648      	mov	r0, r9
10006bb4:	469a      	mov	sl, r3
10006bb6:	f7fb fe3f 	bl	10002838 <__wrap___aeabi_memcpy>
10006bba:	4643      	mov	r3, r8
10006bbc:	4648      	mov	r0, r9
10006bbe:	1b7d      	subs	r5, r7, r5
10006bc0:	1964      	adds	r4, r4, r5
10006bc2:	435c      	muls	r4, r3
10006bc4:	6831      	ldr	r1, [r6, #0]
10006bc6:	4450      	add	r0, sl
10006bc8:	b2a2      	uxth	r2, r4
10006bca:	f7fb fe35 	bl	10002838 <__wrap___aeabi_memcpy>
10006bce:	8971      	ldrh	r1, [r6, #10]
10006bd0:	88b5      	ldrh	r5, [r6, #4]
10006bd2:	19cb      	adds	r3, r1, r7
10006bd4:	b29b      	uxth	r3, r3
10006bd6:	006a      	lsls	r2, r5, #1
10006bd8:	4299      	cmp	r1, r3
10006bda:	d916      	bls.n	10006c0a <tu_fifo_read_n+0xce>
10006bdc:	1a9b      	subs	r3, r3, r2
10006bde:	b29b      	uxth	r3, r3
10006be0:	6930      	ldr	r0, [r6, #16]
10006be2:	8173      	strh	r3, [r6, #10]
10006be4:	2800      	cmp	r0, #0
10006be6:	d001      	beq.n	10006bec <tu_fifo_read_n+0xb0>
10006be8:	f001 fd2a 	bl	10008640 <__mutex_exit_veneer>
10006bec:	0038      	movs	r0, r7
10006bee:	bce0      	pop	{r5, r6, r7}
10006bf0:	46ba      	mov	sl, r7
10006bf2:	46b1      	mov	r9, r6
10006bf4:	46a8      	mov	r8, r5
10006bf6:	bdf0      	pop	{r4, r5, r6, r7, pc}
10006bf8:	4648      	mov	r0, r9
10006bfa:	437a      	muls	r2, r7
10006bfc:	f7fb fe1c 	bl	10002838 <__wrap___aeabi_memcpy>
10006c00:	e7e5      	b.n	10006bce <tu_fifo_read_n+0x92>
10006c02:	1c3b      	adds	r3, r7, #0
10006c04:	e7bf      	b.n	10006b86 <tu_fifo_read_n+0x4a>
10006c06:	8973      	ldrh	r3, [r6, #10]
10006c08:	b29b      	uxth	r3, r3
10006c0a:	006a      	lsls	r2, r5, #1
10006c0c:	4293      	cmp	r3, r2
10006c0e:	dbe7      	blt.n	10006be0 <tu_fifo_read_n+0xa4>
10006c10:	e7e4      	b.n	10006bdc <tu_fifo_read_n+0xa0>
10006c12:	006f      	lsls	r7, r5, #1
10006c14:	1b3f      	subs	r7, r7, r4
10006c16:	19df      	adds	r7, r3, r7
10006c18:	b2bf      	uxth	r7, r7
10006c1a:	e7a7      	b.n	10006b6c <tu_fifo_read_n+0x30>
10006c1c:	1b5b      	subs	r3, r3, r5
10006c1e:	b29c      	uxth	r4, r3
10006c20:	e7ac      	b.n	10006b7c <tu_fifo_read_n+0x40>
10006c22:	46c0      	nop			@ (mov r8, r8)

10006c24 <tu_fifo_write>:
10006c24:	b5f8      	push	{r3, r4, r5, r6, r7, lr}
10006c26:	0004      	movs	r4, r0
10006c28:	68c0      	ldr	r0, [r0, #12]
10006c2a:	000e      	movs	r6, r1
10006c2c:	2800      	cmp	r0, #0
10006c2e:	d003      	beq.n	10006c38 <tu_fifo_write+0x14>
10006c30:	2101      	movs	r1, #1
10006c32:	4249      	negs	r1, r1
10006c34:	f001 fd24 	bl	10008680 <__mutex_enter_timeout_ms_veneer>
10006c38:	8925      	ldrh	r5, [r4, #8]
10006c3a:	8920      	ldrh	r0, [r4, #8]
10006c3c:	8961      	ldrh	r1, [r4, #10]
10006c3e:	88a2      	ldrh	r2, [r4, #4]
10006c40:	b2ad      	uxth	r5, r5
10006c42:	b283      	uxth	r3, r0
10006c44:	b28f      	uxth	r7, r1
10006c46:	4288      	cmp	r0, r1
10006c48:	d329      	bcc.n	10006c9e <tu_fifo_write+0x7a>
10006c4a:	1bdb      	subs	r3, r3, r7
10006c4c:	b29b      	uxth	r3, r3
10006c4e:	429a      	cmp	r2, r3
10006c50:	d809      	bhi.n	10006c66 <tu_fifo_write+0x42>
10006c52:	79e7      	ldrb	r7, [r4, #7]
10006c54:	09ff      	lsrs	r7, r7, #7
10006c56:	d106      	bne.n	10006c66 <tu_fifo_write+0x42>
10006c58:	68e0      	ldr	r0, [r4, #12]
10006c5a:	2800      	cmp	r0, #0
10006c5c:	d001      	beq.n	10006c62 <tu_fifo_write+0x3e>
10006c5e:	f001 fcef 	bl	10008640 <__mutex_exit_veneer>
10006c62:	0038      	movs	r0, r7
10006c64:	bdf8      	pop	{r3, r4, r5, r6, r7, pc}
10006c66:	002b      	movs	r3, r5
10006c68:	4295      	cmp	r5, r2
10006c6a:	d31d      	bcc.n	10006ca8 <tu_fifo_write+0x84>
10006c6c:	1a9b      	subs	r3, r3, r2
10006c6e:	b29b      	uxth	r3, r3
10006c70:	4293      	cmp	r3, r2
10006c72:	d2fb      	bcs.n	10006c6c <tu_fifo_write+0x48>
10006c74:	88e2      	ldrh	r2, [r4, #6]
10006c76:	6820      	ldr	r0, [r4, #0]
10006c78:	0452      	lsls	r2, r2, #17
10006c7a:	0c52      	lsrs	r2, r2, #17
10006c7c:	4353      	muls	r3, r2
10006c7e:	0031      	movs	r1, r6
10006c80:	18c0      	adds	r0, r0, r3
10006c82:	f7fb fdd9 	bl	10002838 <__wrap___aeabi_memcpy>
10006c86:	1c6b      	adds	r3, r5, #1
10006c88:	b29b      	uxth	r3, r3
10006c8a:	88a2      	ldrh	r2, [r4, #4]
10006c8c:	429d      	cmp	r5, r3
10006c8e:	d917      	bls.n	10006cc0 <tu_fifo_write+0x9c>
10006c90:	2300      	movs	r3, #0
10006c92:	0052      	lsls	r2, r2, #1
10006c94:	1a9b      	subs	r3, r3, r2
10006c96:	b29b      	uxth	r3, r3
10006c98:	2701      	movs	r7, #1
10006c9a:	8123      	strh	r3, [r4, #8]
10006c9c:	e7dc      	b.n	10006c58 <tu_fifo_write+0x34>
10006c9e:	0051      	lsls	r1, r2, #1
10006ca0:	1bc9      	subs	r1, r1, r7
10006ca2:	185b      	adds	r3, r3, r1
10006ca4:	b29b      	uxth	r3, r3
10006ca6:	e7d2      	b.n	10006c4e <tu_fifo_write+0x2a>
10006ca8:	88e2      	ldrh	r2, [r4, #6]
10006caa:	6820      	ldr	r0, [r4, #0]
10006cac:	0452      	lsls	r2, r2, #17
10006cae:	0c52      	lsrs	r2, r2, #17
10006cb0:	4353      	muls	r3, r2
10006cb2:	0031      	movs	r1, r6
10006cb4:	18c0      	adds	r0, r0, r3
10006cb6:	f7fb fdbf 	bl	10002838 <__wrap___aeabi_memcpy>
10006cba:	3501      	adds	r5, #1
10006cbc:	88a2      	ldrh	r2, [r4, #4]
10006cbe:	b2ab      	uxth	r3, r5
10006cc0:	0052      	lsls	r2, r2, #1
10006cc2:	4293      	cmp	r3, r2
10006cc4:	dbe8      	blt.n	10006c98 <tu_fifo_write+0x74>
10006cc6:	e7e5      	b.n	10006c94 <tu_fifo_write+0x70>

10006cc8 <tu_fifo_write_n>:
10006cc8:	b5f0      	push	{r4, r5, r6, r7, lr}
10006cca:	464e      	mov	r6, r9
10006ccc:	4657      	mov	r7, sl
10006cce:	46de      	mov	lr, fp
10006cd0:	4645      	mov	r5, r8
10006cd2:	b5e0      	push	{r5, r6, r7, lr}
10006cd4:	4689      	mov	r9, r1
10006cd6:	0006      	movs	r6, r0
10006cd8:	0017      	movs	r7, r2
10006cda:	b083      	sub	sp, #12
10006cdc:	2a00      	cmp	r2, #0
10006cde:	d067      	beq.n	10006db0 <tu_fifo_write_n+0xe8>
10006ce0:	68c0      	ldr	r0, [r0, #12]
10006ce2:	2800      	cmp	r0, #0
10006ce4:	d003      	beq.n	10006cee <tu_fifo_write_n+0x26>
10006ce6:	2101      	movs	r1, #1
10006ce8:	4249      	negs	r1, r1
10006cea:	f001 fcc9 	bl	10008680 <__mutex_enter_timeout_ms_veneer>
10006cee:	8933      	ldrh	r3, [r6, #8]
10006cf0:	79f2      	ldrb	r2, [r6, #7]
10006cf2:	b29b      	uxth	r3, r3
10006cf4:	4698      	mov	r8, r3
10006cf6:	8973      	ldrh	r3, [r6, #10]
10006cf8:	88b5      	ldrh	r5, [r6, #4]
10006cfa:	b29b      	uxth	r3, r3
10006cfc:	09d2      	lsrs	r2, r2, #7
10006cfe:	d140      	bne.n	10006d82 <tu_fifo_write_n+0xba>
10006d00:	4598      	cmp	r8, r3
10006d02:	d25e      	bcs.n	10006dc2 <tu_fifo_write_n+0xfa>
10006d04:	006a      	lsls	r2, r5, #1
10006d06:	1ad3      	subs	r3, r2, r3
10006d08:	4443      	add	r3, r8
10006d0a:	b29b      	uxth	r3, r3
10006d0c:	42ab      	cmp	r3, r5
10006d0e:	d25d      	bcs.n	10006dcc <tu_fifo_write_n+0x104>
10006d10:	1aeb      	subs	r3, r5, r3
10006d12:	1c1a      	adds	r2, r3, #0
10006d14:	b29b      	uxth	r3, r3
10006d16:	42bb      	cmp	r3, r7
10006d18:	d900      	bls.n	10006d1c <tu_fifo_write_n+0x54>
10006d1a:	1c3a      	adds	r2, r7, #0
10006d1c:	b297      	uxth	r7, r2
10006d1e:	1b7b      	subs	r3, r7, r5
10006d20:	b29b      	uxth	r3, r3
10006d22:	9301      	str	r3, [sp, #4]
10006d24:	88f3      	ldrh	r3, [r6, #6]
10006d26:	045b      	lsls	r3, r3, #17
10006d28:	0c5b      	lsrs	r3, r3, #17
10006d2a:	469a      	mov	sl, r3
10006d2c:	4643      	mov	r3, r8
10006d2e:	19db      	adds	r3, r3, r7
10006d30:	b29b      	uxth	r3, r3
10006d32:	469b      	mov	fp, r3
10006d34:	4644      	mov	r4, r8
10006d36:	45a8      	cmp	r8, r5
10006d38:	d303      	bcc.n	10006d42 <tu_fifo_write_n+0x7a>
10006d3a:	1b64      	subs	r4, r4, r5
10006d3c:	b2a4      	uxth	r4, r4
10006d3e:	42ac      	cmp	r4, r5
10006d40:	d2fb      	bcs.n	10006d3a <tu_fifo_write_n+0x72>
10006d42:	4653      	mov	r3, sl
10006d44:	4363      	muls	r3, r4
10006d46:	6830      	ldr	r0, [r6, #0]
10006d48:	1b2d      	subs	r5, r5, r4
10006d4a:	b2ad      	uxth	r5, r5
10006d4c:	18c0      	adds	r0, r0, r3
10006d4e:	42bd      	cmp	r5, r7
10006d50:	d34b      	bcc.n	10006dea <tu_fifo_write_n+0x122>
10006d52:	4652      	mov	r2, sl
10006d54:	4649      	mov	r1, r9
10006d56:	437a      	muls	r2, r7
10006d58:	f7fb fd6e 	bl	10002838 <__wrap___aeabi_memcpy>
10006d5c:	88b3      	ldrh	r3, [r6, #4]
10006d5e:	005b      	lsls	r3, r3, #1
10006d60:	45d8      	cmp	r8, fp
10006d62:	d801      	bhi.n	10006d68 <tu_fifo_write_n+0xa0>
10006d64:	459b      	cmp	fp, r3
10006d66:	db03      	blt.n	10006d70 <tu_fifo_write_n+0xa8>
10006d68:	465a      	mov	r2, fp
10006d6a:	1ad3      	subs	r3, r2, r3
10006d6c:	b29b      	uxth	r3, r3
10006d6e:	469b      	mov	fp, r3
10006d70:	465b      	mov	r3, fp
10006d72:	003d      	movs	r5, r7
10006d74:	8133      	strh	r3, [r6, #8]
10006d76:	68f0      	ldr	r0, [r6, #12]
10006d78:	2800      	cmp	r0, #0
10006d7a:	d01a      	beq.n	10006db2 <tu_fifo_write_n+0xea>
10006d7c:	f001 fc60 	bl	10008640 <__mutex_exit_veneer>
10006d80:	e017      	b.n	10006db2 <tu_fifo_write_n+0xea>
10006d82:	88f2      	ldrh	r2, [r6, #6]
10006d84:	0452      	lsls	r2, r2, #17
10006d86:	0c52      	lsrs	r2, r2, #17
10006d88:	4692      	mov	sl, r2
10006d8a:	42af      	cmp	r7, r5
10006d8c:	d220      	bcs.n	10006dd0 <tu_fifo_write_n+0x108>
10006d8e:	4598      	cmp	r8, r3
10006d90:	d34d      	bcc.n	10006e2e <tu_fifo_write_n+0x166>
10006d92:	4642      	mov	r2, r8
10006d94:	1ad2      	subs	r2, r2, r3
10006d96:	b292      	uxth	r2, r2
10006d98:	0069      	lsls	r1, r5, #1
10006d9a:	1b78      	subs	r0, r7, r5
10006d9c:	b280      	uxth	r0, r0
10006d9e:	19d2      	adds	r2, r2, r7
10006da0:	9001      	str	r0, [sp, #4]
10006da2:	428a      	cmp	r2, r1
10006da4:	da33      	bge.n	10006e0e <tu_fifo_write_n+0x146>
10006da6:	4643      	mov	r3, r8
10006da8:	18fb      	adds	r3, r7, r3
10006daa:	b29b      	uxth	r3, r3
10006dac:	469b      	mov	fp, r3
10006dae:	e7c1      	b.n	10006d34 <tu_fifo_write_n+0x6c>
10006db0:	2500      	movs	r5, #0
10006db2:	0028      	movs	r0, r5
10006db4:	b003      	add	sp, #12
10006db6:	bcf0      	pop	{r4, r5, r6, r7}
10006db8:	46bb      	mov	fp, r7
10006dba:	46b2      	mov	sl, r6
10006dbc:	46a9      	mov	r9, r5
10006dbe:	46a0      	mov	r8, r4
10006dc0:	bdf0      	pop	{r4, r5, r6, r7, pc}
10006dc2:	4642      	mov	r2, r8
10006dc4:	1ad3      	subs	r3, r2, r3
10006dc6:	b29b      	uxth	r3, r3
10006dc8:	42ab      	cmp	r3, r5
10006dca:	d3a1      	bcc.n	10006d10 <tu_fifo_write_n+0x48>
10006dcc:	2500      	movs	r5, #0
10006dce:	e7d2      	b.n	10006d76 <tu_fifo_write_n+0xae>
10006dd0:	2d00      	cmp	r5, #0
10006dd2:	d0d0      	beq.n	10006d76 <tu_fifo_write_n+0xae>
10006dd4:	1b7f      	subs	r7, r7, r5
10006dd6:	4357      	muls	r7, r2
10006dd8:	4698      	mov	r8, r3
10006dda:	195a      	adds	r2, r3, r5
10006ddc:	2300      	movs	r3, #0
10006dde:	b292      	uxth	r2, r2
10006de0:	44b9      	add	r9, r7
10006de2:	4693      	mov	fp, r2
10006de4:	002f      	movs	r7, r5
10006de6:	9301      	str	r3, [sp, #4]
10006de8:	e7a4      	b.n	10006d34 <tu_fifo_write_n+0x6c>
10006dea:	4653      	mov	r3, sl
10006dec:	435d      	muls	r5, r3
10006dee:	b2ad      	uxth	r5, r5
10006df0:	002a      	movs	r2, r5
10006df2:	4649      	mov	r1, r9
10006df4:	f7fb fd20 	bl	10002838 <__wrap___aeabi_memcpy>
10006df8:	9b01      	ldr	r3, [sp, #4]
10006dfa:	0029      	movs	r1, r5
10006dfc:	18e2      	adds	r2, r4, r3
10006dfe:	4653      	mov	r3, sl
10006e00:	435a      	muls	r2, r3
10006e02:	6830      	ldr	r0, [r6, #0]
10006e04:	b292      	uxth	r2, r2
10006e06:	4449      	add	r1, r9
10006e08:	f7fb fd16 	bl	10002838 <__wrap___aeabi_memcpy>
10006e0c:	e7a6      	b.n	10006d5c <tu_fifo_write_n+0x94>
10006e0e:	195a      	adds	r2, r3, r5
10006e10:	b292      	uxth	r2, r2
10006e12:	4693      	mov	fp, r2
10006e14:	1bd2      	subs	r2, r2, r7
10006e16:	b292      	uxth	r2, r2
10006e18:	4690      	mov	r8, r2
10006e1a:	4293      	cmp	r3, r2
10006e1c:	d90c      	bls.n	10006e38 <tu_fifo_write_n+0x170>
10006e1e:	4643      	mov	r3, r8
10006e20:	1a59      	subs	r1, r3, r1
10006e22:	b28b      	uxth	r3, r1
10006e24:	4698      	mov	r8, r3
10006e26:	18fb      	adds	r3, r7, r3
10006e28:	b29b      	uxth	r3, r3
10006e2a:	469b      	mov	fp, r3
10006e2c:	e782      	b.n	10006d34 <tu_fifo_write_n+0x6c>
10006e2e:	0069      	lsls	r1, r5, #1
10006e30:	1aca      	subs	r2, r1, r3
10006e32:	4442      	add	r2, r8
10006e34:	b292      	uxth	r2, r2
10006e36:	e7b0      	b.n	10006d9a <tu_fifo_write_n+0xd2>
10006e38:	4291      	cmp	r1, r2
10006e3a:	dd00      	ble.n	10006e3e <tu_fifo_write_n+0x176>
10006e3c:	e77a      	b.n	10006d34 <tu_fifo_write_n+0x6c>
10006e3e:	e7ee      	b.n	10006e1e <tu_fifo_write_n+0x156>

10006e40 <tu_fifo_clear>:
10006e40:	b510      	push	{r4, lr}
10006e42:	0004      	movs	r4, r0
10006e44:	68c0      	ldr	r0, [r0, #12]
10006e46:	2800      	cmp	r0, #0
10006e48:	d003      	beq.n	10006e52 <tu_fifo_clear+0x12>
10006e4a:	2101      	movs	r1, #1
10006e4c:	4249      	negs	r1, r1
10006e4e:	f001 fc17 	bl	10008680 <__mutex_enter_timeout_ms_veneer>
10006e52:	6920      	ldr	r0, [r4, #16]
10006e54:	2800      	cmp	r0, #0
10006e56:	d003      	beq.n	10006e60 <tu_fifo_clear+0x20>
10006e58:	2101      	movs	r1, #1
10006e5a:	4249      	negs	r1, r1
10006e5c:	f001 fc10 	bl	10008680 <__mutex_enter_timeout_ms_veneer>
10006e60:	2300      	movs	r3, #0
10006e62:	68e0      	ldr	r0, [r4, #12]
10006e64:	8163      	strh	r3, [r4, #10]
10006e66:	8123      	strh	r3, [r4, #8]
10006e68:	2800      	cmp	r0, #0
10006e6a:	d001      	beq.n	10006e70 <tu_fifo_clear+0x30>
10006e6c:	f001 fbe8 	bl	10008640 <__mutex_exit_veneer>
10006e70:	6920      	ldr	r0, [r4, #16]
10006e72:	2800      	cmp	r0, #0
10006e74:	d001      	beq.n	10006e7a <tu_fifo_clear+0x3a>
10006e76:	f001 fbe3 	bl	10008640 <__mutex_exit_veneer>
10006e7a:	2001      	movs	r0, #1
10006e7c:	bd10      	pop	{r4, pc}
10006e7e:	46c0      	nop			@ (mov r8, r8)

10006e80 <tu_fifo_set_overwritable>:
10006e80:	b570      	push	{r4, r5, r6, lr}
10006e82:	0004      	movs	r4, r0
10006e84:	68c0      	ldr	r0, [r0, #12]
10006e86:	000d      	movs	r5, r1
10006e88:	2800      	cmp	r0, #0
10006e8a:	d003      	beq.n	10006e94 <tu_fifo_set_overwritable+0x14>
10006e8c:	2101      	movs	r1, #1
10006e8e:	4249      	negs	r1, r1
10006e90:	f001 fbf6 	bl	10008680 <__mutex_enter_timeout_ms_veneer>
10006e94:	6920      	ldr	r0, [r4, #16]
10006e96:	2800      	cmp	r0, #0
10006e98:	d003      	beq.n	10006ea2 <tu_fifo_set_overwritable+0x22>
10006e9a:	2101      	movs	r1, #1
10006e9c:	4249      	negs	r1, r1
10006e9e:	f001 fbef 	bl	10008680 <__mutex_enter_timeout_ms_veneer>
10006ea2:	217f      	movs	r1, #127	@ 0x7f
10006ea4:	79e3      	ldrb	r3, [r4, #7]
10006ea6:	01ed      	lsls	r5, r5, #7
10006ea8:	4019      	ands	r1, r3
10006eaa:	68e0      	ldr	r0, [r4, #12]
10006eac:	4329      	orrs	r1, r5
10006eae:	71e1      	strb	r1, [r4, #7]
10006eb0:	2800      	cmp	r0, #0
10006eb2:	d001      	beq.n	10006eb8 <tu_fifo_set_overwritable+0x38>
10006eb4:	f001 fbc4 	bl	10008640 <__mutex_exit_veneer>
10006eb8:	6920      	ldr	r0, [r4, #16]
10006eba:	2800      	cmp	r0, #0
10006ebc:	d001      	beq.n	10006ec2 <tu_fifo_set_overwritable+0x42>
10006ebe:	f001 fbbf 	bl	10008640 <__mutex_exit_veneer>
10006ec2:	2001      	movs	r0, #1
10006ec4:	bd70      	pop	{r4, r5, r6, pc}
10006ec6:	46c0      	nop			@ (mov r8, r8)

10006ec8 <i2c_read_blocking_internal.constprop.0>:
10006ec8:	b5f0      	push	{r4, r5, r6, r7, lr}
10006eca:	46de      	mov	lr, fp
10006ecc:	4657      	mov	r7, sl
10006ece:	464e      	mov	r6, r9
10006ed0:	4645      	mov	r5, r8
10006ed2:	b5e0      	push	{r5, r6, r7, lr}
10006ed4:	0007      	movs	r7, r0
10006ed6:	b083      	sub	sp, #12
10006ed8:	a80c      	add	r0, sp, #48	@ 0x30
10006eda:	9201      	str	r2, [sp, #4]
10006edc:	7802      	ldrb	r2, [r0, #0]
10006ede:	2000      	movs	r0, #0
10006ee0:	683c      	ldr	r4, [r7, #0]
10006ee2:	469b      	mov	fp, r3
10006ee4:	66e0      	str	r0, [r4, #108]	@ 0x6c
10006ee6:	6061      	str	r1, [r4, #4]
10006ee8:	2101      	movs	r1, #1
10006eea:	4691      	mov	r9, r2
10006eec:	66e1      	str	r1, [r4, #108]	@ 0x6c
10006eee:	2b00      	cmp	r3, #0
10006ef0:	dd34      	ble.n	10006f5c <i2c_read_blocking_internal.constprop.0+0x94>
10006ef2:	1e5a      	subs	r2, r3, #1
10006ef4:	4690      	mov	r8, r2
10006ef6:	2280      	movs	r2, #128	@ 0x80
10006ef8:	0052      	lsls	r2, r2, #1
10006efa:	4694      	mov	ip, r2
10006efc:	2680      	movs	r6, #128	@ 0x80
10006efe:	2540      	movs	r5, #64	@ 0x40
10006f00:	6f61      	ldr	r1, [r4, #116]	@ 0x74
10006f02:	2910      	cmp	r1, #16
10006f04:	d0fc      	beq.n	10006f00 <i2c_read_blocking_internal.constprop.0+0x38>
10006f06:	2100      	movs	r1, #0
10006f08:	2800      	cmp	r0, #0
10006f0a:	d101      	bne.n	10006f10 <i2c_read_blocking_internal.constprop.0+0x48>
10006f0c:	7939      	ldrb	r1, [r7, #4]
10006f0e:	0289      	lsls	r1, r1, #10
10006f10:	4540      	cmp	r0, r8
10006f12:	d01d      	beq.n	10006f50 <i2c_read_blocking_internal.constprop.0+0x88>
10006f14:	4662      	mov	r2, ip
10006f16:	4311      	orrs	r1, r2
10006f18:	6121      	str	r1, [r4, #16]
10006f1a:	59a1      	ldr	r1, [r4, r6]
10006f1c:	6b61      	ldr	r1, [r4, #52]	@ 0x34
10006f1e:	420d      	tst	r5, r1
10006f20:	d00b      	beq.n	10006f3a <i2c_read_blocking_internal.constprop.0+0x72>
10006f22:	2001      	movs	r0, #1
10006f24:	6d63      	ldr	r3, [r4, #84]	@ 0x54
10006f26:	4240      	negs	r0, r0
10006f28:	464b      	mov	r3, r9
10006f2a:	713b      	strb	r3, [r7, #4]
10006f2c:	b003      	add	sp, #12
10006f2e:	bcf0      	pop	{r4, r5, r6, r7}
10006f30:	46bb      	mov	fp, r7
10006f32:	46b2      	mov	sl, r6
10006f34:	46a9      	mov	r9, r5
10006f36:	46a0      	mov	r8, r4
10006f38:	bdf0      	pop	{r4, r5, r6, r7, pc}
10006f3a:	6fa1      	ldr	r1, [r4, #120]	@ 0x78
10006f3c:	2900      	cmp	r1, #0
10006f3e:	d0ec      	beq.n	10006f1a <i2c_read_blocking_internal.constprop.0+0x52>
10006f40:	6921      	ldr	r1, [r4, #16]
10006f42:	9b01      	ldr	r3, [sp, #4]
10006f44:	5419      	strb	r1, [r3, r0]
10006f46:	3001      	adds	r0, #1
10006f48:	4583      	cmp	fp, r0
10006f4a:	d0ed      	beq.n	10006f28 <i2c_read_blocking_internal.constprop.0+0x60>
10006f4c:	683c      	ldr	r4, [r7, #0]
10006f4e:	e7d7      	b.n	10006f00 <i2c_read_blocking_internal.constprop.0+0x38>
10006f50:	464b      	mov	r3, r9
10006f52:	2201      	movs	r2, #1
10006f54:	405a      	eors	r2, r3
10006f56:	0253      	lsls	r3, r2, #9
10006f58:	4319      	orrs	r1, r3
10006f5a:	e7db      	b.n	10006f14 <i2c_read_blocking_internal.constprop.0+0x4c>
10006f5c:	2000      	movs	r0, #0
10006f5e:	e7e3      	b.n	10006f28 <i2c_read_blocking_internal.constprop.0+0x60>

10006f60 <i2c_write_blocking_internal.constprop.0>:
10006f60:	b5f0      	push	{r4, r5, r6, r7, lr}
10006f62:	46de      	mov	lr, fp
10006f64:	4657      	mov	r7, sl
10006f66:	464e      	mov	r6, r9
10006f68:	4645      	mov	r5, r8
10006f6a:	4690      	mov	r8, r2
10006f6c:	2200      	movs	r2, #0
10006f6e:	b5e0      	push	{r5, r6, r7, lr}
10006f70:	b085      	sub	sp, #20
10006f72:	001e      	movs	r6, r3
10006f74:	ab0e      	add	r3, sp, #56	@ 0x38
10006f76:	781b      	ldrb	r3, [r3, #0]
10006f78:	0007      	movs	r7, r0
10006f7a:	469b      	mov	fp, r3
10006f7c:	6803      	ldr	r3, [r0, #0]
10006f7e:	66da      	str	r2, [r3, #108]	@ 0x6c
10006f80:	3201      	adds	r2, #1
10006f82:	6059      	str	r1, [r3, #4]
10006f84:	66da      	str	r2, [r3, #108]	@ 0x6c
10006f86:	2e00      	cmp	r6, #0
10006f88:	dd60      	ble.n	1000704c <i2c_write_blocking_internal.constprop.0+0xec>
10006f8a:	7902      	ldrb	r2, [r0, #4]
10006f8c:	4659      	mov	r1, fp
10006f8e:	0292      	lsls	r2, r2, #10
10006f90:	4692      	mov	sl, r2
10006f92:	2201      	movs	r2, #1
10006f94:	404a      	eors	r2, r1
10006f96:	0252      	lsls	r2, r2, #9
10006f98:	4694      	mov	ip, r2
10006f9a:	2280      	movs	r2, #128	@ 0x80
10006f9c:	4691      	mov	r9, r2
10006f9e:	465a      	mov	r2, fp
10006fa0:	2480      	movs	r4, #128	@ 0x80
10006fa2:	9203      	str	r2, [sp, #12]
10006fa4:	4662      	mov	r2, ip
10006fa6:	46bb      	mov	fp, r7
10006fa8:	2000      	movs	r0, #0
10006faa:	2110      	movs	r1, #16
10006fac:	4647      	mov	r7, r8
10006fae:	46b4      	mov	ip, r6
10006fb0:	1e75      	subs	r5, r6, #1
10006fb2:	00a4      	lsls	r4, r4, #2
10006fb4:	9201      	str	r2, [sp, #4]
10006fb6:	1b42      	subs	r2, r0, r5
10006fb8:	0016      	movs	r6, r2
10006fba:	4272      	negs	r2, r6
10006fbc:	4172      	adcs	r2, r6
10006fbe:	9e01      	ldr	r6, [sp, #4]
10006fc0:	4252      	negs	r2, r2
10006fc2:	4016      	ands	r6, r2
10006fc4:	9602      	str	r6, [sp, #8]
10006fc6:	5c3e      	ldrb	r6, [r7, r0]
10006fc8:	46b0      	mov	r8, r6
10006fca:	4656      	mov	r6, sl
10006fcc:	4642      	mov	r2, r8
10006fce:	4316      	orrs	r6, r2
10006fd0:	0032      	movs	r2, r6
10006fd2:	9e02      	ldr	r6, [sp, #8]
10006fd4:	4316      	orrs	r6, r2
10006fd6:	611e      	str	r6, [r3, #16]
10006fd8:	9e01      	ldr	r6, [sp, #4]
10006fda:	6b5a      	ldr	r2, [r3, #52]	@ 0x34
10006fdc:	4211      	tst	r1, r2
10006fde:	d0fc      	beq.n	10006fda <i2c_write_blocking_internal.constprop.0+0x7a>
10006fe0:	464a      	mov	r2, r9
10006fe2:	589a      	ldr	r2, [r3, r2]
10006fe4:	9601      	str	r6, [sp, #4]
10006fe6:	4692      	mov	sl, r2
10006fe8:	2a00      	cmp	r2, #0
10006fea:	d10a      	bne.n	10007002 <i2c_write_blocking_internal.constprop.0+0xa2>
10006fec:	42a8      	cmp	r0, r5
10006fee:	d028      	beq.n	10007042 <i2c_write_blocking_internal.constprop.0+0xe2>
10006ff0:	2200      	movs	r2, #0
10006ff2:	3001      	adds	r0, #1
10006ff4:	4692      	mov	sl, r2
10006ff6:	4584      	cmp	ip, r0
10006ff8:	d1dd      	bne.n	10006fb6 <i2c_write_blocking_internal.constprop.0+0x56>
10006ffa:	9b03      	ldr	r3, [sp, #12]
10006ffc:	465f      	mov	r7, fp
10006ffe:	469b      	mov	fp, r3
10007000:	e016      	b.n	10007030 <i2c_write_blocking_internal.constprop.0+0xd0>
10007002:	6d5a      	ldr	r2, [r3, #84]	@ 0x54
10007004:	2201      	movs	r2, #1
10007006:	4690      	mov	r8, r2
10007008:	6b5a      	ldr	r2, [r3, #52]	@ 0x34
1000700a:	4222      	tst	r2, r4
1000700c:	d0fc      	beq.n	10007008 <i2c_write_blocking_internal.constprop.0+0xa8>
1000700e:	6e1a      	ldr	r2, [r3, #96]	@ 0x60
10007010:	4642      	mov	r2, r8
10007012:	9601      	str	r6, [sp, #4]
10007014:	2a00      	cmp	r2, #0
10007016:	d0eb      	beq.n	10006ff0 <i2c_write_blocking_internal.constprop.0+0x90>
10007018:	9b03      	ldr	r3, [sp, #12]
1000701a:	465f      	mov	r7, fp
1000701c:	469b      	mov	fp, r3
1000701e:	4653      	mov	r3, sl
10007020:	2b00      	cmp	r3, #0
10007022:	d015      	beq.n	10007050 <i2c_write_blocking_internal.constprop.0+0xf0>
10007024:	4653      	mov	r3, sl
10007026:	07db      	lsls	r3, r3, #31
10007028:	d412      	bmi.n	10007050 <i2c_write_blocking_internal.constprop.0+0xf0>
1000702a:	4653      	mov	r3, sl
1000702c:	071b      	lsls	r3, r3, #28
1000702e:	d50f      	bpl.n	10007050 <i2c_write_blocking_internal.constprop.0+0xf0>
10007030:	465b      	mov	r3, fp
10007032:	713b      	strb	r3, [r7, #4]
10007034:	b005      	add	sp, #20
10007036:	bcf0      	pop	{r4, r5, r6, r7}
10007038:	46bb      	mov	fp, r7
1000703a:	46b2      	mov	sl, r6
1000703c:	46a9      	mov	r9, r5
1000703e:	46a0      	mov	r8, r4
10007040:	bdf0      	pop	{r4, r5, r6, r7, pc}
10007042:	9a03      	ldr	r2, [sp, #12]
10007044:	2a00      	cmp	r2, #0
10007046:	d1d3      	bne.n	10006ff0 <i2c_write_blocking_internal.constprop.0+0x90>
10007048:	4690      	mov	r8, r2
1000704a:	e7dd      	b.n	10007008 <i2c_write_blocking_internal.constprop.0+0xa8>
1000704c:	2000      	movs	r0, #0
1000704e:	e7ef      	b.n	10007030 <i2c_write_blocking_internal.constprop.0+0xd0>
10007050:	2001      	movs	r0, #1
10007052:	4240      	negs	r0, r0
10007054:	e7ec      	b.n	10007030 <i2c_write_blocking_internal.constprop.0+0xd0>
10007056:	46c0      	nop			@ (mov r8, r8)

10007058 <i2c_set_baudrate>:
10007058:	b5f8      	push	{r3, r4, r5, r6, r7, lr}
1000705a:	46de      	mov	lr, fp
1000705c:	4657      	mov	r7, sl
1000705e:	464e      	mov	r6, r9
10007060:	4645      	mov	r5, r8
10007062:	4683      	mov	fp, r0
10007064:	b5e0      	push	{r5, r6, r7, lr}
10007066:	2005      	movs	r0, #5
10007068:	000c      	movs	r4, r1
1000706a:	f7fa faf7 	bl	1000165c <clock_get_hz>
1000706e:	0006      	movs	r6, r0
10007070:	0860      	lsrs	r0, r4, #1
10007072:	0021      	movs	r1, r4
10007074:	1980      	adds	r0, r0, r6
10007076:	f7fa fd4b 	bl	10001b10 <__wrap___aeabi_uidiv>
1000707a:	0043      	lsls	r3, r0, #1
1000707c:	4698      	mov	r8, r3
1000707e:	4480      	add	r8, r0
10007080:	0007      	movs	r7, r0
10007082:	2105      	movs	r1, #5
10007084:	4640      	mov	r0, r8
10007086:	f7fa fd43 	bl	10001b10 <__wrap___aeabi_uidiv>
1000708a:	1a3b      	subs	r3, r7, r0
1000708c:	469a      	mov	sl, r3
1000708e:	4b1e      	ldr	r3, [pc, #120]	@ (10007108 <i2c_set_baudrate+0xb0>)
10007090:	4681      	mov	r9, r0
10007092:	0070      	lsls	r0, r6, #1
10007094:	1980      	adds	r0, r0, r6
10007096:	429c      	cmp	r4, r3
10007098:	d831      	bhi.n	100070fe <i2c_set_baudrate+0xa6>
1000709a:	491c      	ldr	r1, [pc, #112]	@ (1000710c <i2c_set_baudrate+0xb4>)
1000709c:	f7fa fd38 	bl	10001b10 <__wrap___aeabi_uidiv>
100070a0:	1c45      	adds	r5, r0, #1
100070a2:	465b      	mov	r3, fp
100070a4:	681c      	ldr	r4, [r3, #0]
100070a6:	2300      	movs	r3, #0
100070a8:	66e3      	str	r3, [r4, #108]	@ 0x6c
100070aa:	6822      	ldr	r2, [r4, #0]
100070ac:	3304      	adds	r3, #4
100070ae:	405a      	eors	r2, r3
100070b0:	3302      	adds	r3, #2
100070b2:	4013      	ands	r3, r2
100070b4:	2280      	movs	r2, #128	@ 0x80
100070b6:	0152      	lsls	r2, r2, #5
100070b8:	18a2      	adds	r2, r4, r2
100070ba:	6013      	str	r3, [r2, #0]
100070bc:	4653      	mov	r3, sl
100070be:	61e3      	str	r3, [r4, #28]
100070c0:	464b      	mov	r3, r9
100070c2:	6223      	str	r3, [r4, #32]
100070c4:	4643      	mov	r3, r8
100070c6:	2001      	movs	r0, #1
100070c8:	2b4f      	cmp	r3, #79	@ 0x4f
100070ca:	d903      	bls.n	100070d4 <i2c_set_baudrate+0x7c>
100070cc:	2150      	movs	r1, #80	@ 0x50
100070ce:	4640      	mov	r0, r8
100070d0:	f7fa fd1e 	bl	10001b10 <__wrap___aeabi_uidiv>
100070d4:	23a0      	movs	r3, #160	@ 0xa0
100070d6:	50e0      	str	r0, [r4, r3]
100070d8:	6fe3      	ldr	r3, [r4, #124]	@ 0x7c
100070da:	0039      	movs	r1, r7
100070dc:	405d      	eors	r5, r3
100070de:	4b0c      	ldr	r3, [pc, #48]	@ (10007110 <i2c_set_baudrate+0xb8>)
100070e0:	042d      	lsls	r5, r5, #16
100070e2:	0c2d      	lsrs	r5, r5, #16
100070e4:	18e3      	adds	r3, r4, r3
100070e6:	601d      	str	r5, [r3, #0]
100070e8:	2301      	movs	r3, #1
100070ea:	0030      	movs	r0, r6
100070ec:	66e3      	str	r3, [r4, #108]	@ 0x6c
100070ee:	f7fa fd0f 	bl	10001b10 <__wrap___aeabi_uidiv>
100070f2:	bcf0      	pop	{r4, r5, r6, r7}
100070f4:	46bb      	mov	fp, r7
100070f6:	46b2      	mov	sl, r6
100070f8:	46a9      	mov	r9, r5
100070fa:	46a0      	mov	r8, r4
100070fc:	bdf8      	pop	{r3, r4, r5, r6, r7, pc}
100070fe:	4905      	ldr	r1, [pc, #20]	@ (10007114 <i2c_set_baudrate+0xbc>)
10007100:	f7fa fd06 	bl	10001b10 <__wrap___aeabi_uidiv>
10007104:	1c45      	adds	r5, r0, #1
10007106:	e7cc      	b.n	100070a2 <i2c_set_baudrate+0x4a>
10007108:	000f423f 	.word	0x000f423f
1000710c:	00989680 	.word	0x00989680
10007110:	0000107c 	.word	0x0000107c
10007114:	017d7840 	.word	0x017d7840

10007118 <i2c_init>:
10007118:	4a0f      	ldr	r2, [pc, #60]	@ (10007158 <i2c_init+0x40>)
1000711a:	b570      	push	{r4, r5, r6, lr}
1000711c:	1a82      	subs	r2, r0, r2
1000711e:	1e53      	subs	r3, r2, #1
10007120:	419a      	sbcs	r2, r3
10007122:	4b0e      	ldr	r3, [pc, #56]	@ (1000715c <i2c_init+0x44>)
10007124:	00d2      	lsls	r2, r2, #3
10007126:	3208      	adds	r2, #8
10007128:	601a      	str	r2, [r3, #0]
1000712a:	4b0d      	ldr	r3, [pc, #52]	@ (10007160 <i2c_init+0x48>)
1000712c:	4c0d      	ldr	r4, [pc, #52]	@ (10007164 <i2c_init+0x4c>)
1000712e:	601a      	str	r2, [r3, #0]
10007130:	0015      	movs	r5, r2
10007132:	6823      	ldr	r3, [r4, #0]
10007134:	439d      	bics	r5, r3
10007136:	1e2b      	subs	r3, r5, #0
10007138:	d1fa      	bne.n	10007130 <i2c_init+0x18>
1000713a:	2466      	movs	r4, #102	@ 0x66
1000713c:	6802      	ldr	r2, [r0, #0]
1000713e:	34ff      	adds	r4, #255	@ 0xff
10007140:	7105      	strb	r5, [r0, #4]
10007142:	66d5      	str	r5, [r2, #108]	@ 0x6c
10007144:	6014      	str	r4, [r2, #0]
10007146:	3c63      	subs	r4, #99	@ 0x63
10007148:	3388      	adds	r3, #136	@ 0x88
1000714a:	3cff      	subs	r4, #255	@ 0xff
1000714c:	63d5      	str	r5, [r2, #60]	@ 0x3c
1000714e:	6395      	str	r5, [r2, #56]	@ 0x38
10007150:	50d4      	str	r4, [r2, r3]
10007152:	f7ff ff81 	bl	10007058 <i2c_set_baudrate>
10007156:	bd70      	pop	{r4, r5, r6, pc}
10007158:	20001198 	.word	0x20001198
1000715c:	4000e000 	.word	0x4000e000
10007160:	4000f000 	.word	0x4000f000
10007164:	4000c008 	.word	0x4000c008

10007168 <i2c_write_blocking>:
10007168:	b510      	push	{r4, lr}
1000716a:	b082      	sub	sp, #8
1000716c:	466c      	mov	r4, sp
1000716e:	7c24      	ldrb	r4, [r4, #16]
10007170:	9400      	str	r4, [sp, #0]
10007172:	f7ff fef5 	bl	10006f60 <i2c_write_blocking_internal.constprop.0>
10007176:	b002      	add	sp, #8
10007178:	bd10      	pop	{r4, pc}
1000717a:	46c0      	nop			@ (mov r8, r8)

1000717c <i2c_read_blocking>:
1000717c:	b510      	push	{r4, lr}
1000717e:	b082      	sub	sp, #8
10007180:	466c      	mov	r4, sp
10007182:	7c24      	ldrb	r4, [r4, #16]
10007184:	9400      	str	r4, [sp, #0]
10007186:	f7ff fe9f 	bl	10006ec8 <i2c_read_blocking_internal.constprop.0>
1000718a:	b002      	add	sp, #8
1000718c:	bd10      	pop	{r4, pc}
1000718e:	46c0      	nop			@ (mov r8, r8)

10007190 <spi_init>:
10007190:	b5f0      	push	{r4, r5, r6, r7, lr}
10007192:	464e      	mov	r6, r9
10007194:	4681      	mov	r9, r0
10007196:	4a47      	ldr	r2, [pc, #284]	@ (100072b4 <spi_init+0x124>)
10007198:	46de      	mov	lr, fp
1000719a:	444a      	add	r2, r9
1000719c:	1e53      	subs	r3, r2, #1
1000719e:	419a      	sbcs	r2, r3
100071a0:	2380      	movs	r3, #128	@ 0x80
100071a2:	4657      	mov	r7, sl
100071a4:	4645      	mov	r5, r8
100071a6:	025b      	lsls	r3, r3, #9
100071a8:	469c      	mov	ip, r3
100071aa:	b5e0      	push	{r5, r6, r7, lr}
100071ac:	4b42      	ldr	r3, [pc, #264]	@ (100072b8 <spi_init+0x128>)
100071ae:	0412      	lsls	r2, r2, #16
100071b0:	4462      	add	r2, ip
100071b2:	b085      	sub	sp, #20
100071b4:	601a      	str	r2, [r3, #0]
100071b6:	4b41      	ldr	r3, [pc, #260]	@ (100072bc <spi_init+0x12c>)
100071b8:	000c      	movs	r4, r1
100071ba:	4941      	ldr	r1, [pc, #260]	@ (100072c0 <spi_init+0x130>)
100071bc:	601a      	str	r2, [r3, #0]
100071be:	0010      	movs	r0, r2
100071c0:	680b      	ldr	r3, [r1, #0]
100071c2:	4398      	bics	r0, r3
100071c4:	d1fb      	bne.n	100071be <spi_init+0x2e>
100071c6:	4680      	mov	r8, r0
100071c8:	2006      	movs	r0, #6
100071ca:	f7fa fa47 	bl	1000165c <clock_get_hz>
100071ce:	464b      	mov	r3, r9
100071d0:	685a      	ldr	r2, [r3, #4]
100071d2:	2302      	movs	r3, #2
100071d4:	401a      	ands	r2, r3
100071d6:	9201      	str	r2, [sp, #4]
100071d8:	464a      	mov	r2, r9
100071da:	9000      	str	r0, [sp, #0]
100071dc:	2080      	movs	r0, #128	@ 0x80
100071de:	3204      	adds	r2, #4
100071e0:	9202      	str	r2, [sp, #8]
100071e2:	4a38      	ldr	r2, [pc, #224]	@ (100072c4 <spi_init+0x134>)
100071e4:	0de7      	lsrs	r7, r4, #23
100071e6:	444a      	add	r2, r9
100071e8:	0266      	lsls	r6, r4, #9
100071ea:	6013      	str	r3, [r2, #0]
100071ec:	4693      	mov	fp, r2
100071ee:	003b      	movs	r3, r7
100071f0:	0032      	movs	r2, r6
100071f2:	2502      	movs	r5, #2
100071f4:	0040      	lsls	r0, r0, #1
100071f6:	e007      	b.n	10007208 <spi_init+0x78>
100071f8:	9900      	ldr	r1, [sp, #0]
100071fa:	4291      	cmp	r1, r2
100071fc:	d306      	bcc.n	1000720c <spi_init+0x7c>
100071fe:	3502      	adds	r5, #2
10007200:	1992      	adds	r2, r2, r6
10007202:	417b      	adcs	r3, r7
10007204:	4285      	cmp	r5, r0
10007206:	d001      	beq.n	1000720c <spi_init+0x7c>
10007208:	2b00      	cmp	r3, #0
1000720a:	d0f5      	beq.n	100071f8 <spi_init+0x68>
1000720c:	4643      	mov	r3, r8
1000720e:	2680      	movs	r6, #128	@ 0x80
10007210:	9303      	str	r3, [sp, #12]
10007212:	9b00      	ldr	r3, [sp, #0]
10007214:	022f      	lsls	r7, r5, #8
10007216:	46aa      	mov	sl, r5
10007218:	4698      	mov	r8, r3
1000721a:	1b7f      	subs	r7, r7, r5
1000721c:	0076      	lsls	r6, r6, #1
1000721e:	e003      	b.n	10007228 <spi_init+0x98>
10007220:	4653      	mov	r3, sl
10007222:	1aff      	subs	r7, r7, r3
10007224:	2e01      	cmp	r6, #1
10007226:	d03f      	beq.n	100072a8 <spi_init+0x118>
10007228:	0039      	movs	r1, r7
1000722a:	4640      	mov	r0, r8
1000722c:	0035      	movs	r5, r6
1000722e:	3e01      	subs	r6, #1
10007230:	f7fa fc6e 	bl	10001b10 <__wrap___aeabi_uidiv>
10007234:	4284      	cmp	r4, r0
10007236:	d2f3      	bcs.n	10007220 <spi_init+0x90>
10007238:	002b      	movs	r3, r5
1000723a:	4655      	mov	r5, sl
1000723c:	469a      	mov	sl, r3
1000723e:	4650      	mov	r0, sl
10007240:	0233      	lsls	r3, r6, #8
10007242:	4698      	mov	r8, r3
10007244:	4368      	muls	r0, r5
10007246:	464b      	mov	r3, r9
10007248:	4642      	mov	r2, r8
1000724a:	611d      	str	r5, [r3, #16]
1000724c:	681b      	ldr	r3, [r3, #0]
1000724e:	2680      	movs	r6, #128	@ 0x80
10007250:	4053      	eors	r3, r2
10007252:	22ff      	movs	r2, #255	@ 0xff
10007254:	0176      	lsls	r6, r6, #5
10007256:	0212      	lsls	r2, r2, #8
10007258:	4013      	ands	r3, r2
1000725a:	444e      	add	r6, r9
1000725c:	6033      	str	r3, [r6, #0]
1000725e:	2380      	movs	r3, #128	@ 0x80
10007260:	019b      	lsls	r3, r3, #6
10007262:	469c      	mov	ip, r3
10007264:	9a02      	ldr	r2, [sp, #8]
10007266:	9b01      	ldr	r3, [sp, #4]
10007268:	4462      	add	r2, ip
1000726a:	6013      	str	r3, [r2, #0]
1000726c:	2102      	movs	r1, #2
1000726e:	465c      	mov	r4, fp
10007270:	464b      	mov	r3, r9
10007272:	685b      	ldr	r3, [r3, #4]
10007274:	6021      	str	r1, [r4, #0]
10007276:	464c      	mov	r4, r9
10007278:	6827      	ldr	r7, [r4, #0]
1000727a:	2407      	movs	r4, #7
1000727c:	4067      	eors	r7, r4
1000727e:	34c8      	adds	r4, #200	@ 0xc8
10007280:	403c      	ands	r4, r7
10007282:	6034      	str	r4, [r6, #0]
10007284:	2403      	movs	r4, #3
10007286:	400b      	ands	r3, r1
10007288:	6013      	str	r3, [r2, #0]
1000728a:	4b0f      	ldr	r3, [pc, #60]	@ (100072c8 <spi_init+0x138>)
1000728c:	444b      	add	r3, r9
1000728e:	601c      	str	r4, [r3, #0]
10007290:	6011      	str	r1, [r2, #0]
10007292:	0001      	movs	r1, r0
10007294:	9800      	ldr	r0, [sp, #0]
10007296:	f7fa fc3b 	bl	10001b10 <__wrap___aeabi_uidiv>
1000729a:	b005      	add	sp, #20
1000729c:	bcf0      	pop	{r4, r5, r6, r7}
1000729e:	46bb      	mov	fp, r7
100072a0:	46b2      	mov	sl, r6
100072a2:	46a9      	mov	r9, r5
100072a4:	46a0      	mov	r8, r4
100072a6:	bdf0      	pop	{r4, r5, r6, r7, pc}
100072a8:	4655      	mov	r5, sl
100072aa:	9b03      	ldr	r3, [sp, #12]
100072ac:	0028      	movs	r0, r5
100072ae:	4698      	mov	r8, r3
100072b0:	e7c9      	b.n	10007246 <spi_init+0xb6>
100072b2:	46c0      	nop			@ (mov r8, r8)
100072b4:	bffc4000 	.word	0xbffc4000
100072b8:	4000e000 	.word	0x4000e000
100072bc:	4000f000 	.word	0x4000f000
100072c0:	4000c008 	.word	0x4000c008
100072c4:	00003004 	.word	0x00003004
100072c8:	00002024 	.word	0x00002024

100072cc <on_uart_rx>:
100072cc:	b5f0      	push	{r4, r5, r6, r7, lr}
100072ce:	2110      	movs	r1, #16
100072d0:	2500      	movs	r5, #0
100072d2:	2400      	movs	r4, #0
100072d4:	2620      	movs	r6, #32
100072d6:	4a15      	ldr	r2, [pc, #84]	@ (1000732c <on_uart_rx+0x60>)
100072d8:	6993      	ldr	r3, [r2, #24]
100072da:	4219      	tst	r1, r3
100072dc:	d119      	bne.n	10007312 <on_uart_rx+0x46>
100072de:	6993      	ldr	r3, [r2, #24]
100072e0:	4219      	tst	r1, r3
100072e2:	d1fc      	bne.n	100072de <on_uart_rx+0x12>
100072e4:	6813      	ldr	r3, [r2, #0]
100072e6:	6990      	ldr	r0, [r2, #24]
100072e8:	2401      	movs	r4, #1
100072ea:	b2dd      	uxtb	r5, r3
100072ec:	4206      	tst	r6, r0
100072ee:	d1f3      	bne.n	100072d8 <on_uart_rx+0xc>
100072f0:	27ff      	movs	r7, #255	@ 0xff
100072f2:	401f      	ands	r7, r3
100072f4:	4b0e      	ldr	r3, [pc, #56]	@ (10007330 <on_uart_rx+0x64>)
100072f6:	2000      	movs	r0, #0
100072f8:	5e1b      	ldrsh	r3, [r3, r0]
100072fa:	42bb      	cmp	r3, r7
100072fc:	d00e      	beq.n	1000731c <on_uart_rx+0x50>
100072fe:	2420      	movs	r4, #32
10007300:	480a      	ldr	r0, [pc, #40]	@ (1000732c <on_uart_rx+0x60>)
10007302:	6983      	ldr	r3, [r0, #24]
10007304:	421c      	tst	r4, r3
10007306:	d1fc      	bne.n	10007302 <on_uart_rx+0x36>
10007308:	6007      	str	r7, [r0, #0]
1000730a:	6993      	ldr	r3, [r2, #24]
1000730c:	2401      	movs	r4, #1
1000730e:	4219      	tst	r1, r3
10007310:	d0e5      	beq.n	100072de <on_uart_rx+0x12>
10007312:	2c00      	cmp	r4, #0
10007314:	d001      	beq.n	1000731a <on_uart_rx+0x4e>
10007316:	4b07      	ldr	r3, [pc, #28]	@ (10007334 <on_uart_rx+0x68>)
10007318:	701d      	strb	r5, [r3, #0]
1000731a:	bdf0      	pop	{r4, r5, r6, r7, pc}
1000731c:	4803      	ldr	r0, [pc, #12]	@ (1000732c <on_uart_rx+0x60>)
1000731e:	341f      	adds	r4, #31
10007320:	6983      	ldr	r3, [r0, #24]
10007322:	421c      	tst	r4, r3
10007324:	d1fc      	bne.n	10007320 <on_uart_rx+0x54>
10007326:	230d      	movs	r3, #13
10007328:	6003      	str	r3, [r0, #0]
1000732a:	e7e8      	b.n	100072fe <on_uart_rx+0x32>
1000732c:	40034000 	.word	0x40034000
10007330:	20002778 	.word	0x20002778
10007334:	20002791 	.word	0x20002791

10007338 <picoSystemInit>:
10007338:	b510      	push	{r4, lr}
1000733a:	f7fd f913 	bl	10004564 <stdio_init_all>
1000733e:	492b      	ldr	r1, [pc, #172]	@ (100073ec <picoSystemInit+0xb4>)
10007340:	482b      	ldr	r0, [pc, #172]	@ (100073f0 <picoSystemInit+0xb8>)
10007342:	f7ff fee9 	bl	10007118 <i2c_init>
10007346:	2103      	movs	r1, #3
10007348:	2008      	movs	r0, #8
1000734a:	f7f9 f803 	bl	10000354 <gpio_set_function>
1000734e:	2103      	movs	r1, #3
10007350:	2009      	movs	r0, #9
10007352:	f7f8 ffff 	bl	10000354 <gpio_set_function>
10007356:	2200      	movs	r2, #0
10007358:	2101      	movs	r1, #1
1000735a:	2008      	movs	r0, #8
1000735c:	f7f9 f814 	bl	10000388 <gpio_set_pulls>
10007360:	2200      	movs	r2, #0
10007362:	2101      	movs	r1, #1
10007364:	2009      	movs	r0, #9
10007366:	f7f9 f80f 	bl	10000388 <gpio_set_pulls>
1000736a:	4922      	ldr	r1, [pc, #136]	@ (100073f4 <picoSystemInit+0xbc>)
1000736c:	4822      	ldr	r0, [pc, #136]	@ (100073f8 <picoSystemInit+0xc0>)
1000736e:	f7ff ff0f 	bl	10007190 <spi_init>
10007372:	2101      	movs	r1, #1
10007374:	2004      	movs	r0, #4
10007376:	f7f8 ffed 	bl	10000354 <gpio_set_function>
1000737a:	2101      	movs	r1, #1
1000737c:	2002      	movs	r0, #2
1000737e:	f7f8 ffe9 	bl	10000354 <gpio_set_function>
10007382:	2101      	movs	r1, #1
10007384:	2003      	movs	r0, #3
10007386:	f7f8 ffe5 	bl	10000354 <gpio_set_function>
1000738a:	2005      	movs	r0, #5
1000738c:	f7f9 f810 	bl	100003b0 <gpio_init>
10007390:	23d0      	movs	r3, #208	@ 0xd0
10007392:	2220      	movs	r2, #32
10007394:	21e1      	movs	r1, #225	@ 0xe1
10007396:	4c19      	ldr	r4, [pc, #100]	@ (100073fc <picoSystemInit+0xc4>)
10007398:	061b      	lsls	r3, r3, #24
1000739a:	625a      	str	r2, [r3, #36]	@ 0x24
1000739c:	0020      	movs	r0, r4
1000739e:	615a      	str	r2, [r3, #20]
100073a0:	0309      	lsls	r1, r1, #12
100073a2:	f7f9 ff73 	bl	1000128c <uart_init>
100073a6:	2102      	movs	r1, #2
100073a8:	2000      	movs	r0, #0
100073aa:	f7f8 ffd3 	bl	10000354 <gpio_set_function>
100073ae:	2102      	movs	r1, #2
100073b0:	2001      	movs	r0, #1
100073b2:	f7f8 ffcf 	bl	10000354 <gpio_set_function>
100073b6:	2300      	movs	r3, #0
100073b8:	2201      	movs	r2, #1
100073ba:	0020      	movs	r0, r4
100073bc:	2108      	movs	r1, #8
100073be:	f7f9 fff5 	bl	100013ac <uart_set_format>
100073c2:	0020      	movs	r0, r4
100073c4:	2100      	movs	r1, #0
100073c6:	f7fa f82d 	bl	10001424 <uart_set_fifo_enabled>
100073ca:	2014      	movs	r0, #20
100073cc:	490c      	ldr	r1, [pc, #48]	@ (10007400 <picoSystemInit+0xc8>)
100073ce:	f7f9 f909 	bl	100005e4 <irq_set_exclusive_handler>
100073d2:	2101      	movs	r1, #1
100073d4:	2014      	movs	r0, #20
100073d6:	f7f9 f8cd 	bl	10000574 <irq_set_enabled>
100073da:	2350      	movs	r3, #80	@ 0x50
100073dc:	63a3      	str	r3, [r4, #56]	@ 0x38
100073de:	6b62      	ldr	r2, [r4, #52]	@ 0x34
100073e0:	3b18      	subs	r3, #24
100073e2:	4013      	ands	r3, r2
100073e4:	4a07      	ldr	r2, [pc, #28]	@ (10007404 <picoSystemInit+0xcc>)
100073e6:	6013      	str	r3, [r2, #0]
100073e8:	bd10      	pop	{r4, pc}
100073ea:	46c0      	nop			@ (mov r8, r8)
100073ec:	000186a0 	.word	0x000186a0
100073f0:	20001198 	.word	0x20001198
100073f4:	007a1200 	.word	0x007a1200
100073f8:	4003c000 	.word	0x4003c000
100073fc:	40034000 	.word	0x40034000
10007400:	100072cd 	.word	0x100072cd
10007404:	40035034 	.word	0x40035034

10007408 <ov2640Probe>:
10007408:	b5f0      	push	{r4, r5, r6, r7, lr}
1000740a:	46c6      	mov	lr, r8
1000740c:	b500      	push	{lr}
1000740e:	b084      	sub	sp, #16
10007410:	230a      	movs	r3, #10
10007412:	466a      	mov	r2, sp
10007414:	260d      	movs	r6, #13
10007416:	73d3      	strb	r3, [r2, #15]
10007418:	220f      	movs	r2, #15
1000741a:	2700      	movs	r7, #0
1000741c:	4d1c      	ldr	r5, [pc, #112]	@ (10007490 <ov2640Probe+0x88>)
1000741e:	4c1d      	ldr	r4, [pc, #116]	@ (10007494 <ov2640Probe+0x8c>)
10007420:	3b09      	subs	r3, #9
10007422:	7829      	ldrb	r1, [r5, #0]
10007424:	446a      	add	r2, sp
10007426:	9300      	str	r3, [sp, #0]
10007428:	446e      	add	r6, sp
1000742a:	0020      	movs	r0, r4
1000742c:	4698      	mov	r8, r3
1000742e:	f7ff fe9b 	bl	10007168 <i2c_write_blocking>
10007432:	7829      	ldrb	r1, [r5, #0]
10007434:	2301      	movs	r3, #1
10007436:	0032      	movs	r2, r6
10007438:	0020      	movs	r0, r4
1000743a:	9700      	str	r7, [sp, #0]
1000743c:	f7ff fe9e 	bl	1000717c <i2c_read_blocking>
10007440:	230b      	movs	r3, #11
10007442:	466a      	mov	r2, sp
10007444:	73d3      	strb	r3, [r2, #15]
10007446:	4643      	mov	r3, r8
10007448:	220f      	movs	r2, #15
1000744a:	7829      	ldrb	r1, [r5, #0]
1000744c:	446a      	add	r2, sp
1000744e:	9300      	str	r3, [sp, #0]
10007450:	0020      	movs	r0, r4
10007452:	f7ff fe89 	bl	10007168 <i2c_write_blocking>
10007456:	220e      	movs	r2, #14
10007458:	2301      	movs	r3, #1
1000745a:	7829      	ldrb	r1, [r5, #0]
1000745c:	0020      	movs	r0, r4
1000745e:	9700      	str	r7, [sp, #0]
10007460:	446a      	add	r2, sp
10007462:	f7ff fe8b 	bl	1000717c <i2c_read_blocking>
10007466:	7833      	ldrb	r3, [r6, #0]
10007468:	2b26      	cmp	r3, #38	@ 0x26
1000746a:	d104      	bne.n	10007476 <ov2640Probe+0x6e>
1000746c:	466b      	mov	r3, sp
1000746e:	7b9b      	ldrb	r3, [r3, #14]
10007470:	3b40      	subs	r3, #64	@ 0x40
10007472:	2b02      	cmp	r3, #2
10007474:	d907      	bls.n	10007486 <ov2640Probe+0x7e>
10007476:	4808      	ldr	r0, [pc, #32]	@ (10007498 <ov2640Probe+0x90>)
10007478:	f7fd f8c2 	bl	10004600 <__wrap_puts>
1000747c:	2001      	movs	r0, #1
1000747e:	b004      	add	sp, #16
10007480:	bc80      	pop	{r7}
10007482:	46b8      	mov	r8, r7
10007484:	bdf0      	pop	{r4, r5, r6, r7, pc}
10007486:	4805      	ldr	r0, [pc, #20]	@ (1000749c <ov2640Probe+0x94>)
10007488:	f7fd f8ba 	bl	10004600 <__wrap_puts>
1000748c:	2000      	movs	r0, #0
1000748e:	e7f6      	b.n	1000747e <ov2640Probe+0x76>
10007490:	200011a0 	.word	0x200011a0
10007494:	20001198 	.word	0x20001198
10007498:	100089d0 	.word	0x100089d0
1000749c:	100089bc 	.word	0x100089bc

100074a0 <spiBusDetect>:
100074a0:	23ab      	movs	r3, #171	@ 0xab
100074a2:	b570      	push	{r4, r5, r6, lr}
100074a4:	b082      	sub	sp, #8
100074a6:	ac01      	add	r4, sp, #4
100074a8:	01db      	lsls	r3, r3, #7
100074aa:	8023      	strh	r3, [r4, #0]
100074ac:	46c0      	nop			@ (mov r8, r8)
100074ae:	46c0      	nop			@ (mov r8, r8)
100074b0:	46c0      	nop			@ (mov r8, r8)
100074b2:	25d0      	movs	r5, #208	@ 0xd0
100074b4:	2620      	movs	r6, #32
100074b6:	062d      	lsls	r5, r5, #24
100074b8:	61ae      	str	r6, [r5, #24]
100074ba:	46c0      	nop			@ (mov r8, r8)
100074bc:	46c0      	nop			@ (mov r8, r8)
100074be:	46c0      	nop			@ (mov r8, r8)
100074c0:	2202      	movs	r2, #2
100074c2:	0021      	movs	r1, r4
100074c4:	481f      	ldr	r0, [pc, #124]	@ (10007544 <spiBusDetect+0xa4>)
100074c6:	f001 f8e3 	bl	10008690 <__spi_write_blocking_veneer>
100074ca:	46c0      	nop			@ (mov r8, r8)
100074cc:	46c0      	nop			@ (mov r8, r8)
100074ce:	46c0      	nop			@ (mov r8, r8)
100074d0:	616e      	str	r6, [r5, #20]
100074d2:	46c0      	nop			@ (mov r8, r8)
100074d4:	46c0      	nop			@ (mov r8, r8)
100074d6:	46c0      	nop			@ (mov r8, r8)
100074d8:	200a      	movs	r0, #10
100074da:	f7f9 fd73 	bl	10000fc4 <sleep_ms>
100074de:	2300      	movs	r3, #0
100074e0:	466a      	mov	r2, sp
100074e2:	7023      	strb	r3, [r4, #0]
100074e4:	70d3      	strb	r3, [r2, #3]
100074e6:	46c0      	nop			@ (mov r8, r8)
100074e8:	46c0      	nop			@ (mov r8, r8)
100074ea:	46c0      	nop			@ (mov r8, r8)
100074ec:	61ae      	str	r6, [r5, #24]
100074ee:	46c0      	nop			@ (mov r8, r8)
100074f0:	46c0      	nop			@ (mov r8, r8)
100074f2:	46c0      	nop			@ (mov r8, r8)
100074f4:	466b      	mov	r3, sp
100074f6:	2201      	movs	r2, #1
100074f8:	1cd9      	adds	r1, r3, #3
100074fa:	4812      	ldr	r0, [pc, #72]	@ (10007544 <spiBusDetect+0xa4>)
100074fc:	f001 f8c8 	bl	10008690 <__spi_write_blocking_veneer>
10007500:	200a      	movs	r0, #10
10007502:	f7f9 fd5f 	bl	10000fc4 <sleep_ms>
10007506:	2301      	movs	r3, #1
10007508:	0022      	movs	r2, r4
1000750a:	2100      	movs	r1, #0
1000750c:	480d      	ldr	r0, [pc, #52]	@ (10007544 <spiBusDetect+0xa4>)
1000750e:	f001 f88f 	bl	10008630 <__spi_read_blocking_veneer>
10007512:	46c0      	nop			@ (mov r8, r8)
10007514:	46c0      	nop			@ (mov r8, r8)
10007516:	46c0      	nop			@ (mov r8, r8)
10007518:	616e      	str	r6, [r5, #20]
1000751a:	46c0      	nop			@ (mov r8, r8)
1000751c:	46c0      	nop			@ (mov r8, r8)
1000751e:	46c0      	nop			@ (mov r8, r8)
10007520:	200a      	movs	r0, #10
10007522:	f7f9 fd4f 	bl	10000fc4 <sleep_ms>
10007526:	7823      	ldrb	r3, [r4, #0]
10007528:	2b55      	cmp	r3, #85	@ 0x55
1000752a:	d005      	beq.n	10007538 <spiBusDetect+0x98>
1000752c:	4806      	ldr	r0, [pc, #24]	@ (10007548 <spiBusDetect+0xa8>)
1000752e:	f7fd f867 	bl	10004600 <__wrap_puts>
10007532:	2001      	movs	r0, #1
10007534:	b002      	add	sp, #8
10007536:	bd70      	pop	{r4, r5, r6, pc}
10007538:	4804      	ldr	r0, [pc, #16]	@ (1000754c <spiBusDetect+0xac>)
1000753a:	f7fd f8e5 	bl	10004708 <__wrap_printf>
1000753e:	2000      	movs	r0, #0
10007540:	e7f8      	b.n	10007534 <spiBusDetect+0x94>
10007542:	46c0      	nop			@ (mov r8, r8)
10007544:	4003c000 	.word	0x4003c000
10007548:	100089fc 	.word	0x100089fc
1000754c:	100089ec 	.word	0x100089ec

10007550 <ov2640Init>:
10007550:	b5f0      	push	{r4, r5, r6, r7, lr}
10007552:	46d6      	mov	lr, sl
10007554:	464f      	mov	r7, r9
10007556:	4646      	mov	r6, r8
10007558:	b5c0      	push	{r6, r7, lr}
1000755a:	2701      	movs	r7, #1
1000755c:	b084      	sub	sp, #16
1000755e:	4b52      	ldr	r3, [pc, #328]	@ (100076a8 <ov2640Init+0x158>)
10007560:	ac03      	add	r4, sp, #12
10007562:	4e52      	ldr	r6, [pc, #328]	@ (100076ac <ov2640Init+0x15c>)
10007564:	4d52      	ldr	r5, [pc, #328]	@ (100076b0 <ov2640Init+0x160>)
10007566:	8023      	strh	r3, [r4, #0]
10007568:	3bfe      	subs	r3, #254	@ 0xfe
1000756a:	7831      	ldrb	r1, [r6, #0]
1000756c:	0022      	movs	r2, r4
1000756e:	9700      	str	r7, [sp, #0]
10007570:	3bff      	subs	r3, #255	@ 0xff
10007572:	0028      	movs	r0, r5
10007574:	f7ff fdf8 	bl	10007168 <i2c_write_blocking>
10007578:	4b4e      	ldr	r3, [pc, #312]	@ (100076b4 <ov2640Init+0x164>)
1000757a:	7831      	ldrb	r1, [r6, #0]
1000757c:	8023      	strh	r3, [r4, #0]
1000757e:	0022      	movs	r2, r4
10007580:	2302      	movs	r3, #2
10007582:	9700      	str	r7, [sp, #0]
10007584:	0028      	movs	r0, r5
10007586:	f7ff fdef 	bl	10007168 <i2c_write_blocking>
1000758a:	2301      	movs	r3, #1
1000758c:	469a      	mov	sl, r3
1000758e:	4f4a      	ldr	r7, [pc, #296]	@ (100076b8 <ov2640Init+0x168>)
10007590:	683b      	ldr	r3, [r7, #0]
10007592:	7831      	ldrb	r1, [r6, #0]
10007594:	4698      	mov	r8, r3
10007596:	687b      	ldr	r3, [r7, #4]
10007598:	0022      	movs	r2, r4
1000759a:	4699      	mov	r9, r3
1000759c:	4643      	mov	r3, r8
1000759e:	7023      	strb	r3, [r4, #0]
100075a0:	464b      	mov	r3, r9
100075a2:	7063      	strb	r3, [r4, #1]
100075a4:	4653      	mov	r3, sl
100075a6:	0028      	movs	r0, r5
100075a8:	9300      	str	r3, [sp, #0]
100075aa:	2302      	movs	r3, #2
100075ac:	f7ff fddc 	bl	10007168 <i2c_write_blocking>
100075b0:	200a      	movs	r0, #10
100075b2:	f7f9 fd07 	bl	10000fc4 <sleep_ms>
100075b6:	4643      	mov	r3, r8
100075b8:	3708      	adds	r7, #8
100075ba:	2bff      	cmp	r3, #255	@ 0xff
100075bc:	d1e8      	bne.n	10007590 <ov2640Init+0x40>
100075be:	464b      	mov	r3, r9
100075c0:	2bff      	cmp	r3, #255	@ 0xff
100075c2:	d1e5      	bne.n	10007590 <ov2640Init+0x40>
100075c4:	3bfe      	subs	r3, #254	@ 0xfe
100075c6:	469a      	mov	sl, r3
100075c8:	4f3c      	ldr	r7, [pc, #240]	@ (100076bc <ov2640Init+0x16c>)
100075ca:	683b      	ldr	r3, [r7, #0]
100075cc:	7831      	ldrb	r1, [r6, #0]
100075ce:	4698      	mov	r8, r3
100075d0:	687b      	ldr	r3, [r7, #4]
100075d2:	0022      	movs	r2, r4
100075d4:	4699      	mov	r9, r3
100075d6:	4643      	mov	r3, r8
100075d8:	7023      	strb	r3, [r4, #0]
100075da:	464b      	mov	r3, r9
100075dc:	7063      	strb	r3, [r4, #1]
100075de:	4653      	mov	r3, sl
100075e0:	0028      	movs	r0, r5
100075e2:	9300      	str	r3, [sp, #0]
100075e4:	2302      	movs	r3, #2
100075e6:	f7ff fdbf 	bl	10007168 <i2c_write_blocking>
100075ea:	200a      	movs	r0, #10
100075ec:	f7f9 fcea 	bl	10000fc4 <sleep_ms>
100075f0:	4643      	mov	r3, r8
100075f2:	3708      	adds	r7, #8
100075f4:	2bff      	cmp	r3, #255	@ 0xff
100075f6:	d1e8      	bne.n	100075ca <ov2640Init+0x7a>
100075f8:	464b      	mov	r3, r9
100075fa:	2bff      	cmp	r3, #255	@ 0xff
100075fc:	d1e5      	bne.n	100075ca <ov2640Init+0x7a>
100075fe:	3bfe      	subs	r3, #254	@ 0xfe
10007600:	469a      	mov	sl, r3
10007602:	4f2f      	ldr	r7, [pc, #188]	@ (100076c0 <ov2640Init+0x170>)
10007604:	683b      	ldr	r3, [r7, #0]
10007606:	7831      	ldrb	r1, [r6, #0]
10007608:	4698      	mov	r8, r3
1000760a:	687b      	ldr	r3, [r7, #4]
1000760c:	0022      	movs	r2, r4
1000760e:	4699      	mov	r9, r3
10007610:	4643      	mov	r3, r8
10007612:	7023      	strb	r3, [r4, #0]
10007614:	464b      	mov	r3, r9
10007616:	7063      	strb	r3, [r4, #1]
10007618:	4653      	mov	r3, sl
1000761a:	0028      	movs	r0, r5
1000761c:	9300      	str	r3, [sp, #0]
1000761e:	2302      	movs	r3, #2
10007620:	f7ff fda2 	bl	10007168 <i2c_write_blocking>
10007624:	200a      	movs	r0, #10
10007626:	f7f9 fccd 	bl	10000fc4 <sleep_ms>
1000762a:	4643      	mov	r3, r8
1000762c:	3708      	adds	r7, #8
1000762e:	2bff      	cmp	r3, #255	@ 0xff
10007630:	d1e8      	bne.n	10007604 <ov2640Init+0xb4>
10007632:	464b      	mov	r3, r9
10007634:	2bff      	cmp	r3, #255	@ 0xff
10007636:	d1e5      	bne.n	10007604 <ov2640Init+0xb4>
10007638:	4b1b      	ldr	r3, [pc, #108]	@ (100076a8 <ov2640Init+0x158>)
1000763a:	7831      	ldrb	r1, [r6, #0]
1000763c:	8023      	strh	r3, [r4, #0]
1000763e:	4653      	mov	r3, sl
10007640:	0022      	movs	r2, r4
10007642:	9300      	str	r3, [sp, #0]
10007644:	0028      	movs	r0, r5
10007646:	2302      	movs	r3, #2
10007648:	f7ff fd8e 	bl	10007168 <i2c_write_blocking>
1000764c:	2315      	movs	r3, #21
1000764e:	8023      	strh	r3, [r4, #0]
10007650:	4653      	mov	r3, sl
10007652:	7831      	ldrb	r1, [r6, #0]
10007654:	0022      	movs	r2, r4
10007656:	9300      	str	r3, [sp, #0]
10007658:	0028      	movs	r0, r5
1000765a:	2302      	movs	r3, #2
1000765c:	f7ff fd84 	bl	10007168 <i2c_write_blocking>
10007660:	2301      	movs	r3, #1
10007662:	469a      	mov	sl, r3
10007664:	4f17      	ldr	r7, [pc, #92]	@ (100076c4 <ov2640Init+0x174>)
10007666:	683b      	ldr	r3, [r7, #0]
10007668:	7831      	ldrb	r1, [r6, #0]
1000766a:	4698      	mov	r8, r3
1000766c:	687b      	ldr	r3, [r7, #4]
1000766e:	0022      	movs	r2, r4
10007670:	4699      	mov	r9, r3
10007672:	4643      	mov	r3, r8
10007674:	7023      	strb	r3, [r4, #0]
10007676:	464b      	mov	r3, r9
10007678:	7063      	strb	r3, [r4, #1]
1000767a:	4653      	mov	r3, sl
1000767c:	0028      	movs	r0, r5
1000767e:	9300      	str	r3, [sp, #0]
10007680:	2302      	movs	r3, #2
10007682:	f7ff fd71 	bl	10007168 <i2c_write_blocking>
10007686:	200a      	movs	r0, #10
10007688:	f7f9 fc9c 	bl	10000fc4 <sleep_ms>
1000768c:	4643      	mov	r3, r8
1000768e:	3708      	adds	r7, #8
10007690:	2bff      	cmp	r3, #255	@ 0xff
10007692:	d1e8      	bne.n	10007666 <ov2640Init+0x116>
10007694:	464b      	mov	r3, r9
10007696:	2bff      	cmp	r3, #255	@ 0xff
10007698:	d1e5      	bne.n	10007666 <ov2640Init+0x116>
1000769a:	b004      	add	sp, #16
1000769c:	bce0      	pop	{r5, r6, r7}
1000769e:	46ba      	mov	sl, r7
100076a0:	46b1      	mov	r9, r6
100076a2:	46a8      	mov	r8, r5
100076a4:	bdf0      	pop	{r4, r5, r6, r7, pc}
100076a6:	46c0      	nop			@ (mov r8, r8)
100076a8:	000001ff 	.word	0x000001ff
100076ac:	200011a0 	.word	0x200011a0
100076b0:	20001198 	.word	0x20001198
100076b4:	ffff8012 	.word	0xffff8012
100076b8:	10009b18 	.word	0x10009b18
100076bc:	10009ac8 	.word	0x10009ac8
100076c0:	10009a80 	.word	0x10009a80
100076c4:	100096c0 	.word	0x100096c0

100076c8 <OV2640_set_JPEG_size>:
100076c8:	b5f0      	push	{r4, r5, r6, r7, lr}
100076ca:	46d6      	mov	lr, sl
100076cc:	464f      	mov	r7, r9
100076ce:	4646      	mov	r6, r8
100076d0:	b5c0      	push	{r6, r7, lr}
100076d2:	b084      	sub	sp, #16
100076d4:	2808      	cmp	r0, #8
100076d6:	d900      	bls.n	100076da <OV2640_set_JPEG_size+0x12>
100076d8:	e131      	b.n	1000793e <OV2640_set_JPEG_size+0x276>
100076da:	4ba9      	ldr	r3, [pc, #676]	@ (10007980 <OV2640_set_JPEG_size+0x2b8>)
100076dc:	0080      	lsls	r0, r0, #2
100076de:	581b      	ldr	r3, [r3, r0]
100076e0:	469f      	mov	pc, r3
100076e2:	2301      	movs	r3, #1
100076e4:	469a      	mov	sl, r3
100076e6:	4fa7      	ldr	r7, [pc, #668]	@ (10007984 <OV2640_set_JPEG_size+0x2bc>)
100076e8:	4ea7      	ldr	r6, [pc, #668]	@ (10007988 <OV2640_set_JPEG_size+0x2c0>)
100076ea:	4da8      	ldr	r5, [pc, #672]	@ (1000798c <OV2640_set_JPEG_size+0x2c4>)
100076ec:	ac03      	add	r4, sp, #12
100076ee:	683b      	ldr	r3, [r7, #0]
100076f0:	7831      	ldrb	r1, [r6, #0]
100076f2:	4698      	mov	r8, r3
100076f4:	687b      	ldr	r3, [r7, #4]
100076f6:	0022      	movs	r2, r4
100076f8:	4699      	mov	r9, r3
100076fa:	4643      	mov	r3, r8
100076fc:	7023      	strb	r3, [r4, #0]
100076fe:	464b      	mov	r3, r9
10007700:	7063      	strb	r3, [r4, #1]
10007702:	4653      	mov	r3, sl
10007704:	0028      	movs	r0, r5
10007706:	9300      	str	r3, [sp, #0]
10007708:	2302      	movs	r3, #2
1000770a:	f7ff fd2d 	bl	10007168 <i2c_write_blocking>
1000770e:	200a      	movs	r0, #10
10007710:	f7f9 fc58 	bl	10000fc4 <sleep_ms>
10007714:	4643      	mov	r3, r8
10007716:	3708      	adds	r7, #8
10007718:	2bff      	cmp	r3, #255	@ 0xff
1000771a:	d1e8      	bne.n	100076ee <OV2640_set_JPEG_size+0x26>
1000771c:	464b      	mov	r3, r9
1000771e:	2bff      	cmp	r3, #255	@ 0xff
10007720:	d1e5      	bne.n	100076ee <OV2640_set_JPEG_size+0x26>
10007722:	b004      	add	sp, #16
10007724:	bce0      	pop	{r5, r6, r7}
10007726:	46ba      	mov	sl, r7
10007728:	46b1      	mov	r9, r6
1000772a:	46a8      	mov	r8, r5
1000772c:	bdf0      	pop	{r4, r5, r6, r7, pc}
1000772e:	2301      	movs	r3, #1
10007730:	469a      	mov	sl, r3
10007732:	4f97      	ldr	r7, [pc, #604]	@ (10007990 <OV2640_set_JPEG_size+0x2c8>)
10007734:	4e94      	ldr	r6, [pc, #592]	@ (10007988 <OV2640_set_JPEG_size+0x2c0>)
10007736:	4d95      	ldr	r5, [pc, #596]	@ (1000798c <OV2640_set_JPEG_size+0x2c4>)
10007738:	ac03      	add	r4, sp, #12
1000773a:	683b      	ldr	r3, [r7, #0]
1000773c:	7831      	ldrb	r1, [r6, #0]
1000773e:	4698      	mov	r8, r3
10007740:	687b      	ldr	r3, [r7, #4]
10007742:	0022      	movs	r2, r4
10007744:	4699      	mov	r9, r3
10007746:	4643      	mov	r3, r8
10007748:	7023      	strb	r3, [r4, #0]
1000774a:	464b      	mov	r3, r9
1000774c:	7063      	strb	r3, [r4, #1]
1000774e:	4653      	mov	r3, sl
10007750:	0028      	movs	r0, r5
10007752:	9300      	str	r3, [sp, #0]
10007754:	2302      	movs	r3, #2
10007756:	f7ff fd07 	bl	10007168 <i2c_write_blocking>
1000775a:	200a      	movs	r0, #10
1000775c:	f7f9 fc32 	bl	10000fc4 <sleep_ms>
10007760:	4643      	mov	r3, r8
10007762:	3708      	adds	r7, #8
10007764:	2bff      	cmp	r3, #255	@ 0xff
10007766:	d1e8      	bne.n	1000773a <OV2640_set_JPEG_size+0x72>
10007768:	464b      	mov	r3, r9
1000776a:	2bff      	cmp	r3, #255	@ 0xff
1000776c:	d1e5      	bne.n	1000773a <OV2640_set_JPEG_size+0x72>
1000776e:	e7d8      	b.n	10007722 <OV2640_set_JPEG_size+0x5a>
10007770:	2301      	movs	r3, #1
10007772:	469a      	mov	sl, r3
10007774:	4f87      	ldr	r7, [pc, #540]	@ (10007994 <OV2640_set_JPEG_size+0x2cc>)
10007776:	4e84      	ldr	r6, [pc, #528]	@ (10007988 <OV2640_set_JPEG_size+0x2c0>)
10007778:	4d84      	ldr	r5, [pc, #528]	@ (1000798c <OV2640_set_JPEG_size+0x2c4>)
1000777a:	ac03      	add	r4, sp, #12
1000777c:	683b      	ldr	r3, [r7, #0]
1000777e:	7831      	ldrb	r1, [r6, #0]
10007780:	4698      	mov	r8, r3
10007782:	687b      	ldr	r3, [r7, #4]
10007784:	0022      	movs	r2, r4
10007786:	4699      	mov	r9, r3
10007788:	4643      	mov	r3, r8
1000778a:	7023      	strb	r3, [r4, #0]
1000778c:	464b      	mov	r3, r9
1000778e:	7063      	strb	r3, [r4, #1]
10007790:	4653      	mov	r3, sl
10007792:	0028      	movs	r0, r5
10007794:	9300      	str	r3, [sp, #0]
10007796:	2302      	movs	r3, #2
10007798:	f7ff fce6 	bl	10007168 <i2c_write_blocking>
1000779c:	200a      	movs	r0, #10
1000779e:	f7f9 fc11 	bl	10000fc4 <sleep_ms>
100077a2:	4643      	mov	r3, r8
100077a4:	3708      	adds	r7, #8
100077a6:	2bff      	cmp	r3, #255	@ 0xff
100077a8:	d1e8      	bne.n	1000777c <OV2640_set_JPEG_size+0xb4>
100077aa:	464b      	mov	r3, r9
100077ac:	2bff      	cmp	r3, #255	@ 0xff
100077ae:	d1e5      	bne.n	1000777c <OV2640_set_JPEG_size+0xb4>
100077b0:	e7b7      	b.n	10007722 <OV2640_set_JPEG_size+0x5a>
100077b2:	2301      	movs	r3, #1
100077b4:	469a      	mov	sl, r3
100077b6:	4f78      	ldr	r7, [pc, #480]	@ (10007998 <OV2640_set_JPEG_size+0x2d0>)
100077b8:	4e73      	ldr	r6, [pc, #460]	@ (10007988 <OV2640_set_JPEG_size+0x2c0>)
100077ba:	4d74      	ldr	r5, [pc, #464]	@ (1000798c <OV2640_set_JPEG_size+0x2c4>)
100077bc:	ac03      	add	r4, sp, #12
100077be:	683b      	ldr	r3, [r7, #0]
100077c0:	7831      	ldrb	r1, [r6, #0]
100077c2:	4698      	mov	r8, r3
100077c4:	687b      	ldr	r3, [r7, #4]
100077c6:	0022      	movs	r2, r4
100077c8:	4699      	mov	r9, r3
100077ca:	4643      	mov	r3, r8
100077cc:	7023      	strb	r3, [r4, #0]
100077ce:	464b      	mov	r3, r9
100077d0:	7063      	strb	r3, [r4, #1]
100077d2:	4653      	mov	r3, sl
100077d4:	0028      	movs	r0, r5
100077d6:	9300      	str	r3, [sp, #0]
100077d8:	2302      	movs	r3, #2
100077da:	f7ff fcc5 	bl	10007168 <i2c_write_blocking>
100077de:	200a      	movs	r0, #10
100077e0:	f7f9 fbf0 	bl	10000fc4 <sleep_ms>
100077e4:	4643      	mov	r3, r8
100077e6:	3708      	adds	r7, #8
100077e8:	2bff      	cmp	r3, #255	@ 0xff
100077ea:	d1e8      	bne.n	100077be <OV2640_set_JPEG_size+0xf6>
100077ec:	464b      	mov	r3, r9
100077ee:	2bff      	cmp	r3, #255	@ 0xff
100077f0:	d1e5      	bne.n	100077be <OV2640_set_JPEG_size+0xf6>
100077f2:	e796      	b.n	10007722 <OV2640_set_JPEG_size+0x5a>
100077f4:	2301      	movs	r3, #1
100077f6:	469a      	mov	sl, r3
100077f8:	4f68      	ldr	r7, [pc, #416]	@ (1000799c <OV2640_set_JPEG_size+0x2d4>)
100077fa:	4e63      	ldr	r6, [pc, #396]	@ (10007988 <OV2640_set_JPEG_size+0x2c0>)
100077fc:	4d63      	ldr	r5, [pc, #396]	@ (1000798c <OV2640_set_JPEG_size+0x2c4>)
100077fe:	ac03      	add	r4, sp, #12
10007800:	683b      	ldr	r3, [r7, #0]
10007802:	7831      	ldrb	r1, [r6, #0]
10007804:	4698      	mov	r8, r3
10007806:	687b      	ldr	r3, [r7, #4]
10007808:	0022      	movs	r2, r4
1000780a:	4699      	mov	r9, r3
1000780c:	4643      	mov	r3, r8
1000780e:	7023      	strb	r3, [r4, #0]
10007810:	464b      	mov	r3, r9
10007812:	7063      	strb	r3, [r4, #1]
10007814:	4653      	mov	r3, sl
10007816:	0028      	movs	r0, r5
10007818:	9300      	str	r3, [sp, #0]
1000781a:	2302      	movs	r3, #2
1000781c:	f7ff fca4 	bl	10007168 <i2c_write_blocking>
10007820:	200a      	movs	r0, #10
10007822:	f7f9 fbcf 	bl	10000fc4 <sleep_ms>
10007826:	4643      	mov	r3, r8
10007828:	3708      	adds	r7, #8
1000782a:	2bff      	cmp	r3, #255	@ 0xff
1000782c:	d1e8      	bne.n	10007800 <OV2640_set_JPEG_size+0x138>
1000782e:	464b      	mov	r3, r9
10007830:	2bff      	cmp	r3, #255	@ 0xff
10007832:	d1e5      	bne.n	10007800 <OV2640_set_JPEG_size+0x138>
10007834:	e775      	b.n	10007722 <OV2640_set_JPEG_size+0x5a>
10007836:	2301      	movs	r3, #1
10007838:	469a      	mov	sl, r3
1000783a:	4f59      	ldr	r7, [pc, #356]	@ (100079a0 <OV2640_set_JPEG_size+0x2d8>)
1000783c:	4e52      	ldr	r6, [pc, #328]	@ (10007988 <OV2640_set_JPEG_size+0x2c0>)
1000783e:	4d53      	ldr	r5, [pc, #332]	@ (1000798c <OV2640_set_JPEG_size+0x2c4>)
10007840:	ac03      	add	r4, sp, #12
10007842:	683b      	ldr	r3, [r7, #0]
10007844:	7831      	ldrb	r1, [r6, #0]
10007846:	4698      	mov	r8, r3
10007848:	687b      	ldr	r3, [r7, #4]
1000784a:	0022      	movs	r2, r4
1000784c:	4699      	mov	r9, r3
1000784e:	4643      	mov	r3, r8
10007850:	7023      	strb	r3, [r4, #0]
10007852:	464b      	mov	r3, r9
10007854:	7063      	strb	r3, [r4, #1]
10007856:	4653      	mov	r3, sl
10007858:	0028      	movs	r0, r5
1000785a:	9300      	str	r3, [sp, #0]
1000785c:	2302      	movs	r3, #2
1000785e:	f7ff fc83 	bl	10007168 <i2c_write_blocking>
10007862:	200a      	movs	r0, #10
10007864:	f7f9 fbae 	bl	10000fc4 <sleep_ms>
10007868:	4643      	mov	r3, r8
1000786a:	3708      	adds	r7, #8
1000786c:	2bff      	cmp	r3, #255	@ 0xff
1000786e:	d1e8      	bne.n	10007842 <OV2640_set_JPEG_size+0x17a>
10007870:	464b      	mov	r3, r9
10007872:	2bff      	cmp	r3, #255	@ 0xff
10007874:	d1e5      	bne.n	10007842 <OV2640_set_JPEG_size+0x17a>
10007876:	e754      	b.n	10007722 <OV2640_set_JPEG_size+0x5a>
10007878:	2301      	movs	r3, #1
1000787a:	469a      	mov	sl, r3
1000787c:	4f49      	ldr	r7, [pc, #292]	@ (100079a4 <OV2640_set_JPEG_size+0x2dc>)
1000787e:	4e42      	ldr	r6, [pc, #264]	@ (10007988 <OV2640_set_JPEG_size+0x2c0>)
10007880:	4d42      	ldr	r5, [pc, #264]	@ (1000798c <OV2640_set_JPEG_size+0x2c4>)
10007882:	ac03      	add	r4, sp, #12
10007884:	683b      	ldr	r3, [r7, #0]
10007886:	7831      	ldrb	r1, [r6, #0]
10007888:	4698      	mov	r8, r3
1000788a:	687b      	ldr	r3, [r7, #4]
1000788c:	0022      	movs	r2, r4
1000788e:	4699      	mov	r9, r3
10007890:	4643      	mov	r3, r8
10007892:	7023      	strb	r3, [r4, #0]
10007894:	464b      	mov	r3, r9
10007896:	7063      	strb	r3, [r4, #1]
10007898:	4653      	mov	r3, sl
1000789a:	0028      	movs	r0, r5
1000789c:	9300      	str	r3, [sp, #0]
1000789e:	2302      	movs	r3, #2
100078a0:	f7ff fc62 	bl	10007168 <i2c_write_blocking>
100078a4:	200a      	movs	r0, #10
100078a6:	f7f9 fb8d 	bl	10000fc4 <sleep_ms>
100078aa:	4643      	mov	r3, r8
100078ac:	3708      	adds	r7, #8
100078ae:	2bff      	cmp	r3, #255	@ 0xff
100078b0:	d1e8      	bne.n	10007884 <OV2640_set_JPEG_size+0x1bc>
100078b2:	464b      	mov	r3, r9
100078b4:	2bff      	cmp	r3, #255	@ 0xff
100078b6:	d1e5      	bne.n	10007884 <OV2640_set_JPEG_size+0x1bc>
100078b8:	e733      	b.n	10007722 <OV2640_set_JPEG_size+0x5a>
100078ba:	2301      	movs	r3, #1
100078bc:	469a      	mov	sl, r3
100078be:	4f3a      	ldr	r7, [pc, #232]	@ (100079a8 <OV2640_set_JPEG_size+0x2e0>)
100078c0:	4e31      	ldr	r6, [pc, #196]	@ (10007988 <OV2640_set_JPEG_size+0x2c0>)
100078c2:	4d32      	ldr	r5, [pc, #200]	@ (1000798c <OV2640_set_JPEG_size+0x2c4>)
100078c4:	ac03      	add	r4, sp, #12
100078c6:	683b      	ldr	r3, [r7, #0]
100078c8:	7831      	ldrb	r1, [r6, #0]
100078ca:	4698      	mov	r8, r3
100078cc:	687b      	ldr	r3, [r7, #4]
100078ce:	0022      	movs	r2, r4
100078d0:	4699      	mov	r9, r3
100078d2:	4643      	mov	r3, r8
100078d4:	7023      	strb	r3, [r4, #0]
100078d6:	464b      	mov	r3, r9
100078d8:	7063      	strb	r3, [r4, #1]
100078da:	4653      	mov	r3, sl
100078dc:	0028      	movs	r0, r5
100078de:	9300      	str	r3, [sp, #0]
100078e0:	2302      	movs	r3, #2
100078e2:	f7ff fc41 	bl	10007168 <i2c_write_blocking>
100078e6:	200a      	movs	r0, #10
100078e8:	f7f9 fb6c 	bl	10000fc4 <sleep_ms>
100078ec:	4643      	mov	r3, r8
100078ee:	3708      	adds	r7, #8
100078f0:	2bff      	cmp	r3, #255	@ 0xff
100078f2:	d1e8      	bne.n	100078c6 <OV2640_set_JPEG_size+0x1fe>
100078f4:	464b      	mov	r3, r9
100078f6:	2bff      	cmp	r3, #255	@ 0xff
100078f8:	d1e5      	bne.n	100078c6 <OV2640_set_JPEG_size+0x1fe>
100078fa:	e712      	b.n	10007722 <OV2640_set_JPEG_size+0x5a>
100078fc:	2301      	movs	r3, #1
100078fe:	469a      	mov	sl, r3
10007900:	4f2a      	ldr	r7, [pc, #168]	@ (100079ac <OV2640_set_JPEG_size+0x2e4>)
10007902:	4e21      	ldr	r6, [pc, #132]	@ (10007988 <OV2640_set_JPEG_size+0x2c0>)
10007904:	4d21      	ldr	r5, [pc, #132]	@ (1000798c <OV2640_set_JPEG_size+0x2c4>)
10007906:	ac03      	add	r4, sp, #12
10007908:	683b      	ldr	r3, [r7, #0]
1000790a:	7831      	ldrb	r1, [r6, #0]
1000790c:	4698      	mov	r8, r3
1000790e:	687b      	ldr	r3, [r7, #4]
10007910:	0022      	movs	r2, r4
10007912:	4699      	mov	r9, r3
10007914:	4643      	mov	r3, r8
10007916:	7023      	strb	r3, [r4, #0]
10007918:	464b      	mov	r3, r9
1000791a:	7063      	strb	r3, [r4, #1]
1000791c:	4653      	mov	r3, sl
1000791e:	0028      	movs	r0, r5
10007920:	9300      	str	r3, [sp, #0]
10007922:	2302      	movs	r3, #2
10007924:	f7ff fc20 	bl	10007168 <i2c_write_blocking>
10007928:	200a      	movs	r0, #10
1000792a:	f7f9 fb4b 	bl	10000fc4 <sleep_ms>
1000792e:	4643      	mov	r3, r8
10007930:	3708      	adds	r7, #8
10007932:	2bff      	cmp	r3, #255	@ 0xff
10007934:	d1e8      	bne.n	10007908 <OV2640_set_JPEG_size+0x240>
10007936:	464b      	mov	r3, r9
10007938:	2bff      	cmp	r3, #255	@ 0xff
1000793a:	d1e5      	bne.n	10007908 <OV2640_set_JPEG_size+0x240>
1000793c:	e6f1      	b.n	10007722 <OV2640_set_JPEG_size+0x5a>
1000793e:	2301      	movs	r3, #1
10007940:	469a      	mov	sl, r3
10007942:	4f19      	ldr	r7, [pc, #100]	@ (100079a8 <OV2640_set_JPEG_size+0x2e0>)
10007944:	4e10      	ldr	r6, [pc, #64]	@ (10007988 <OV2640_set_JPEG_size+0x2c0>)
10007946:	4d11      	ldr	r5, [pc, #68]	@ (1000798c <OV2640_set_JPEG_size+0x2c4>)
10007948:	ac03      	add	r4, sp, #12
1000794a:	683b      	ldr	r3, [r7, #0]
1000794c:	7831      	ldrb	r1, [r6, #0]
1000794e:	4699      	mov	r9, r3
10007950:	687b      	ldr	r3, [r7, #4]
10007952:	0022      	movs	r2, r4
10007954:	4698      	mov	r8, r3
10007956:	464b      	mov	r3, r9
10007958:	7023      	strb	r3, [r4, #0]
1000795a:	4643      	mov	r3, r8
1000795c:	7063      	strb	r3, [r4, #1]
1000795e:	4653      	mov	r3, sl
10007960:	0028      	movs	r0, r5
10007962:	9300      	str	r3, [sp, #0]
10007964:	2302      	movs	r3, #2
10007966:	f7ff fbff 	bl	10007168 <i2c_write_blocking>
1000796a:	200a      	movs	r0, #10
1000796c:	f7f9 fb2a 	bl	10000fc4 <sleep_ms>
10007970:	464b      	mov	r3, r9
10007972:	3708      	adds	r7, #8
10007974:	2bff      	cmp	r3, #255	@ 0xff
10007976:	d1e8      	bne.n	1000794a <OV2640_set_JPEG_size+0x282>
10007978:	4643      	mov	r3, r8
1000797a:	2bff      	cmp	r3, #255	@ 0xff
1000797c:	d1e5      	bne.n	1000794a <OV2640_set_JPEG_size+0x282>
1000797e:	e6d0      	b.n	10007722 <OV2640_set_JPEG_size+0x5a>
10007980:	10008efc 	.word	0x10008efc
10007984:	10009070 	.word	0x10009070
10007988:	200011a0 	.word	0x200011a0
1000798c:	20001198 	.word	0x20001198
10007990:	10008f28 	.word	0x10008f28
10007994:	10009580 	.word	0x10009580
10007998:	10009438 	.word	0x10009438
1000799c:	100092f0 	.word	0x100092f0
100079a0:	100091b8 	.word	0x100091b8
100079a4:	10009800 	.word	0x10009800
100079a8:	100096c0 	.word	0x100096c0
100079ac:	10009940 	.word	0x10009940

100079b0 <singleCapture>:
100079b0:	b5f0      	push	{r4, r5, r6, r7, lr}
100079b2:	46ce      	mov	lr, r9
100079b4:	4647      	mov	r7, r8
100079b6:	23c2      	movs	r3, #194	@ 0xc2
100079b8:	b580      	push	{r7, lr}
100079ba:	4c9f      	ldr	r4, [pc, #636]	@ (10007c38 <singleCapture+0x288>)
100079bc:	005b      	lsls	r3, r3, #1
100079be:	44a5      	add	sp, r4
100079c0:	ac02      	add	r4, sp, #8
100079c2:	8023      	strh	r3, [r4, #0]
100079c4:	46c0      	nop			@ (mov r8, r8)
100079c6:	46c0      	nop			@ (mov r8, r8)
100079c8:	46c0      	nop			@ (mov r8, r8)
100079ca:	25d0      	movs	r5, #208	@ 0xd0
100079cc:	2620      	movs	r6, #32
100079ce:	062d      	lsls	r5, r5, #24
100079d0:	61ae      	str	r6, [r5, #24]
100079d2:	46c0      	nop			@ (mov r8, r8)
100079d4:	46c0      	nop			@ (mov r8, r8)
100079d6:	46c0      	nop			@ (mov r8, r8)
100079d8:	2202      	movs	r2, #2
100079da:	0021      	movs	r1, r4
100079dc:	4897      	ldr	r0, [pc, #604]	@ (10007c3c <singleCapture+0x28c>)
100079de:	f000 fe57 	bl	10008690 <__spi_write_blocking_veneer>
100079e2:	46c0      	nop			@ (mov r8, r8)
100079e4:	46c0      	nop			@ (mov r8, r8)
100079e6:	46c0      	nop			@ (mov r8, r8)
100079e8:	616e      	str	r6, [r5, #20]
100079ea:	46c0      	nop			@ (mov r8, r8)
100079ec:	46c0      	nop			@ (mov r8, r8)
100079ee:	46c0      	nop			@ (mov r8, r8)
100079f0:	200a      	movs	r0, #10
100079f2:	f7f9 fae7 	bl	10000fc4 <sleep_ms>
100079f6:	23a1      	movs	r3, #161	@ 0xa1
100079f8:	009b      	lsls	r3, r3, #2
100079fa:	8023      	strh	r3, [r4, #0]
100079fc:	46c0      	nop			@ (mov r8, r8)
100079fe:	46c0      	nop			@ (mov r8, r8)
10007a00:	46c0      	nop			@ (mov r8, r8)
10007a02:	61ae      	str	r6, [r5, #24]
10007a04:	46c0      	nop			@ (mov r8, r8)
10007a06:	46c0      	nop			@ (mov r8, r8)
10007a08:	46c0      	nop			@ (mov r8, r8)
10007a0a:	2202      	movs	r2, #2
10007a0c:	0021      	movs	r1, r4
10007a0e:	488b      	ldr	r0, [pc, #556]	@ (10007c3c <singleCapture+0x28c>)
10007a10:	f000 fe3e 	bl	10008690 <__spi_write_blocking_veneer>
10007a14:	46c0      	nop			@ (mov r8, r8)
10007a16:	46c0      	nop			@ (mov r8, r8)
10007a18:	46c0      	nop			@ (mov r8, r8)
10007a1a:	616e      	str	r6, [r5, #20]
10007a1c:	46c0      	nop			@ (mov r8, r8)
10007a1e:	46c0      	nop			@ (mov r8, r8)
10007a20:	46c0      	nop			@ (mov r8, r8)
10007a22:	200a      	movs	r0, #10
10007a24:	f7f9 face 	bl	10000fc4 <sleep_ms>
10007a28:	2700      	movs	r7, #0
10007a2a:	2341      	movs	r3, #65	@ 0x41
10007a2c:	466a      	mov	r2, sp
10007a2e:	7027      	strb	r7, [r4, #0]
10007a30:	7193      	strb	r3, [r2, #6]
10007a32:	46c0      	nop			@ (mov r8, r8)
10007a34:	46c0      	nop			@ (mov r8, r8)
10007a36:	46c0      	nop			@ (mov r8, r8)
10007a38:	25d0      	movs	r5, #208	@ 0xd0
10007a3a:	2620      	movs	r6, #32
10007a3c:	062d      	lsls	r5, r5, #24
10007a3e:	61ae      	str	r6, [r5, #24]
10007a40:	46c0      	nop			@ (mov r8, r8)
10007a42:	46c0      	nop			@ (mov r8, r8)
10007a44:	46c0      	nop			@ (mov r8, r8)
10007a46:	466b      	mov	r3, sp
10007a48:	2201      	movs	r2, #1
10007a4a:	1d99      	adds	r1, r3, #6
10007a4c:	487b      	ldr	r0, [pc, #492]	@ (10007c3c <singleCapture+0x28c>)
10007a4e:	f000 fe1f 	bl	10008690 <__spi_write_blocking_veneer>
10007a52:	200a      	movs	r0, #10
10007a54:	f7f9 fab6 	bl	10000fc4 <sleep_ms>
10007a58:	2301      	movs	r3, #1
10007a5a:	0022      	movs	r2, r4
10007a5c:	2100      	movs	r1, #0
10007a5e:	4877      	ldr	r0, [pc, #476]	@ (10007c3c <singleCapture+0x28c>)
10007a60:	f000 fde6 	bl	10008630 <__spi_read_blocking_veneer>
10007a64:	46c0      	nop			@ (mov r8, r8)
10007a66:	46c0      	nop			@ (mov r8, r8)
10007a68:	46c0      	nop			@ (mov r8, r8)
10007a6a:	616e      	str	r6, [r5, #20]
10007a6c:	46c0      	nop			@ (mov r8, r8)
10007a6e:	46c0      	nop			@ (mov r8, r8)
10007a70:	46c0      	nop			@ (mov r8, r8)
10007a72:	200a      	movs	r0, #10
10007a74:	f7f9 faa6 	bl	10000fc4 <sleep_ms>
10007a78:	7823      	ldrb	r3, [r4, #0]
10007a7a:	071b      	lsls	r3, r3, #28
10007a7c:	d5d5      	bpl.n	10007a2a <singleCapture+0x7a>
10007a7e:	2342      	movs	r3, #66	@ 0x42
10007a80:	466a      	mov	r2, sp
10007a82:	7027      	strb	r7, [r4, #0]
10007a84:	71d3      	strb	r3, [r2, #7]
10007a86:	46c0      	nop			@ (mov r8, r8)
10007a88:	46c0      	nop			@ (mov r8, r8)
10007a8a:	46c0      	nop			@ (mov r8, r8)
10007a8c:	61ae      	str	r6, [r5, #24]
10007a8e:	46c0      	nop			@ (mov r8, r8)
10007a90:	46c0      	nop			@ (mov r8, r8)
10007a92:	46c0      	nop			@ (mov r8, r8)
10007a94:	466b      	mov	r3, sp
10007a96:	2201      	movs	r2, #1
10007a98:	1dd9      	adds	r1, r3, #7
10007a9a:	4868      	ldr	r0, [pc, #416]	@ (10007c3c <singleCapture+0x28c>)
10007a9c:	f000 fdf8 	bl	10008690 <__spi_write_blocking_veneer>
10007aa0:	200a      	movs	r0, #10
10007aa2:	f7f9 fa8f 	bl	10000fc4 <sleep_ms>
10007aa6:	2301      	movs	r3, #1
10007aa8:	0022      	movs	r2, r4
10007aaa:	2100      	movs	r1, #0
10007aac:	4863      	ldr	r0, [pc, #396]	@ (10007c3c <singleCapture+0x28c>)
10007aae:	f000 fdbf 	bl	10008630 <__spi_read_blocking_veneer>
10007ab2:	46c0      	nop			@ (mov r8, r8)
10007ab4:	46c0      	nop			@ (mov r8, r8)
10007ab6:	46c0      	nop			@ (mov r8, r8)
10007ab8:	616e      	str	r6, [r5, #20]
10007aba:	46c0      	nop			@ (mov r8, r8)
10007abc:	46c0      	nop			@ (mov r8, r8)
10007abe:	46c0      	nop			@ (mov r8, r8)
10007ac0:	200a      	movs	r0, #10
10007ac2:	f7f9 fa7f 	bl	10000fc4 <sleep_ms>
10007ac6:	7823      	ldrb	r3, [r4, #0]
10007ac8:	466a      	mov	r2, sp
10007aca:	4698      	mov	r8, r3
10007acc:	2343      	movs	r3, #67	@ 0x43
10007ace:	7027      	strb	r7, [r4, #0]
10007ad0:	71d3      	strb	r3, [r2, #7]
10007ad2:	46c0      	nop			@ (mov r8, r8)
10007ad4:	46c0      	nop			@ (mov r8, r8)
10007ad6:	46c0      	nop			@ (mov r8, r8)
10007ad8:	61ae      	str	r6, [r5, #24]
10007ada:	46c0      	nop			@ (mov r8, r8)
10007adc:	46c0      	nop			@ (mov r8, r8)
10007ade:	46c0      	nop			@ (mov r8, r8)
10007ae0:	466b      	mov	r3, sp
10007ae2:	2201      	movs	r2, #1
10007ae4:	1dd9      	adds	r1, r3, #7
10007ae6:	4855      	ldr	r0, [pc, #340]	@ (10007c3c <singleCapture+0x28c>)
10007ae8:	f000 fdd2 	bl	10008690 <__spi_write_blocking_veneer>
10007aec:	200a      	movs	r0, #10
10007aee:	f7f9 fa69 	bl	10000fc4 <sleep_ms>
10007af2:	2301      	movs	r3, #1
10007af4:	0022      	movs	r2, r4
10007af6:	2100      	movs	r1, #0
10007af8:	4850      	ldr	r0, [pc, #320]	@ (10007c3c <singleCapture+0x28c>)
10007afa:	f000 fd99 	bl	10008630 <__spi_read_blocking_veneer>
10007afe:	46c0      	nop			@ (mov r8, r8)
10007b00:	46c0      	nop			@ (mov r8, r8)
10007b02:	46c0      	nop			@ (mov r8, r8)
10007b04:	616e      	str	r6, [r5, #20]
10007b06:	46c0      	nop			@ (mov r8, r8)
10007b08:	46c0      	nop			@ (mov r8, r8)
10007b0a:	46c0      	nop			@ (mov r8, r8)
10007b0c:	200a      	movs	r0, #10
10007b0e:	f7f9 fa59 	bl	10000fc4 <sleep_ms>
10007b12:	7823      	ldrb	r3, [r4, #0]
10007b14:	466a      	mov	r2, sp
10007b16:	4699      	mov	r9, r3
10007b18:	2344      	movs	r3, #68	@ 0x44
10007b1a:	7027      	strb	r7, [r4, #0]
10007b1c:	71d3      	strb	r3, [r2, #7]
10007b1e:	46c0      	nop			@ (mov r8, r8)
10007b20:	46c0      	nop			@ (mov r8, r8)
10007b22:	46c0      	nop			@ (mov r8, r8)
10007b24:	61ae      	str	r6, [r5, #24]
10007b26:	46c0      	nop			@ (mov r8, r8)
10007b28:	46c0      	nop			@ (mov r8, r8)
10007b2a:	46c0      	nop			@ (mov r8, r8)
10007b2c:	466b      	mov	r3, sp
10007b2e:	2201      	movs	r2, #1
10007b30:	1dd9      	adds	r1, r3, #7
10007b32:	4842      	ldr	r0, [pc, #264]	@ (10007c3c <singleCapture+0x28c>)
10007b34:	f000 fdac 	bl	10008690 <__spi_write_blocking_veneer>
10007b38:	200a      	movs	r0, #10
10007b3a:	f7f9 fa43 	bl	10000fc4 <sleep_ms>
10007b3e:	2301      	movs	r3, #1
10007b40:	0022      	movs	r2, r4
10007b42:	2100      	movs	r1, #0
10007b44:	483d      	ldr	r0, [pc, #244]	@ (10007c3c <singleCapture+0x28c>)
10007b46:	f000 fd73 	bl	10008630 <__spi_read_blocking_veneer>
10007b4a:	46c0      	nop			@ (mov r8, r8)
10007b4c:	46c0      	nop			@ (mov r8, r8)
10007b4e:	46c0      	nop			@ (mov r8, r8)
10007b50:	616e      	str	r6, [r5, #20]
10007b52:	46c0      	nop			@ (mov r8, r8)
10007b54:	46c0      	nop			@ (mov r8, r8)
10007b56:	46c0      	nop			@ (mov r8, r8)
10007b58:	277f      	movs	r7, #127	@ 0x7f
10007b5a:	200a      	movs	r0, #10
10007b5c:	f7f9 fa32 	bl	10000fc4 <sleep_ms>
10007b60:	7823      	ldrb	r3, [r4, #0]
10007b62:	4642      	mov	r2, r8
10007b64:	401f      	ands	r7, r3
10007b66:	464b      	mov	r3, r9
10007b68:	021b      	lsls	r3, r3, #8
10007b6a:	4313      	orrs	r3, r2
10007b6c:	043f      	lsls	r7, r7, #16
10007b6e:	431f      	orrs	r7, r3
10007b70:	0039      	movs	r1, r7
10007b72:	4833      	ldr	r0, [pc, #204]	@ (10007c40 <singleCapture+0x290>)
10007b74:	f7fc fdc8 	bl	10004708 <__wrap_printf>
10007b78:	46c0      	nop			@ (mov r8, r8)
10007b7a:	46c0      	nop			@ (mov r8, r8)
10007b7c:	46c0      	nop			@ (mov r8, r8)
10007b7e:	61ae      	str	r6, [r5, #24]
10007b80:	46c0      	nop			@ (mov r8, r8)
10007b82:	46c0      	nop			@ (mov r8, r8)
10007b84:	46c0      	nop			@ (mov r8, r8)
10007b86:	2301      	movs	r3, #1
10007b88:	0022      	movs	r2, r4
10007b8a:	213c      	movs	r1, #60	@ 0x3c
10007b8c:	482b      	ldr	r0, [pc, #172]	@ (10007c3c <singleCapture+0x28c>)
10007b8e:	f000 fd4f 	bl	10008630 <__spi_read_blocking_veneer>
10007b92:	003b      	movs	r3, r7
10007b94:	0022      	movs	r2, r4
10007b96:	213c      	movs	r1, #60	@ 0x3c
10007b98:	4828      	ldr	r0, [pc, #160]	@ (10007c3c <singleCapture+0x28c>)
10007b9a:	f000 fd49 	bl	10008630 <__spi_read_blocking_veneer>
10007b9e:	0039      	movs	r1, r7
10007ba0:	4828      	ldr	r0, [pc, #160]	@ (10007c44 <singleCapture+0x294>)
10007ba2:	f7fc fdb1 	bl	10004708 <__wrap_printf>
10007ba6:	4b28      	ldr	r3, [pc, #160]	@ (10007c48 <singleCapture+0x298>)
10007ba8:	4698      	mov	r8, r3
10007baa:	681b      	ldr	r3, [r3, #0]
10007bac:	6898      	ldr	r0, [r3, #8]
10007bae:	f000 f935 	bl	10007e1c <fflush>
10007bb2:	2f00      	cmp	r7, #0
10007bb4:	d031      	beq.n	10007c1a <singleCapture+0x26a>
10007bb6:	0025      	movs	r5, r4
10007bb8:	19e7      	adds	r7, r4, r7
10007bba:	7828      	ldrb	r0, [r5, #0]
10007bbc:	3501      	adds	r5, #1
10007bbe:	f7fc fc6f 	bl	100044a0 <stdio_putchar_raw>
10007bc2:	42af      	cmp	r7, r5
10007bc4:	d1f9      	bne.n	10007bba <singleCapture+0x20a>
10007bc6:	4643      	mov	r3, r8
10007bc8:	681b      	ldr	r3, [r3, #0]
10007bca:	6898      	ldr	r0, [r3, #8]
10007bcc:	f000 f926 	bl	10007e1c <fflush>
10007bd0:	481e      	ldr	r0, [pc, #120]	@ (10007c4c <singleCapture+0x29c>)
10007bd2:	f7fc fd15 	bl	10004600 <__wrap_puts>
10007bd6:	4643      	mov	r3, r8
10007bd8:	681b      	ldr	r3, [r3, #0]
10007bda:	6898      	ldr	r0, [r3, #8]
10007bdc:	f000 f91e 	bl	10007e1c <fflush>
10007be0:	2020      	movs	r0, #32
10007be2:	491b      	ldr	r1, [pc, #108]	@ (10007c50 <singleCapture+0x2a0>)
10007be4:	698b      	ldr	r3, [r1, #24]
10007be6:	4218      	tst	r0, r3
10007be8:	d1fc      	bne.n	10007be4 <singleCapture+0x234>
10007bea:	7823      	ldrb	r3, [r4, #0]
10007bec:	3401      	adds	r4, #1
10007bee:	600b      	str	r3, [r1, #0]
10007bf0:	42bc      	cmp	r4, r7
10007bf2:	d1f7      	bne.n	10007be4 <singleCapture+0x234>
10007bf4:	46c0      	nop			@ (mov r8, r8)
10007bf6:	46c0      	nop			@ (mov r8, r8)
10007bf8:	46c0      	nop			@ (mov r8, r8)
10007bfa:	23d0      	movs	r3, #208	@ 0xd0
10007bfc:	2220      	movs	r2, #32
10007bfe:	061b      	lsls	r3, r3, #24
10007c00:	615a      	str	r2, [r3, #20]
10007c02:	46c0      	nop			@ (mov r8, r8)
10007c04:	46c0      	nop			@ (mov r8, r8)
10007c06:	46c0      	nop			@ (mov r8, r8)
10007c08:	2064      	movs	r0, #100	@ 0x64
10007c0a:	f7f9 f9db 	bl	10000fc4 <sleep_ms>
10007c0e:	4b11      	ldr	r3, [pc, #68]	@ (10007c54 <singleCapture+0x2a4>)
10007c10:	449d      	add	sp, r3
10007c12:	bcc0      	pop	{r6, r7}
10007c14:	46b9      	mov	r9, r7
10007c16:	46b0      	mov	r8, r6
10007c18:	bdf0      	pop	{r4, r5, r6, r7, pc}
10007c1a:	4643      	mov	r3, r8
10007c1c:	681b      	ldr	r3, [r3, #0]
10007c1e:	6898      	ldr	r0, [r3, #8]
10007c20:	f000 f8fc 	bl	10007e1c <fflush>
10007c24:	4809      	ldr	r0, [pc, #36]	@ (10007c4c <singleCapture+0x29c>)
10007c26:	f7fc fceb 	bl	10004600 <__wrap_puts>
10007c2a:	4643      	mov	r3, r8
10007c2c:	681b      	ldr	r3, [r3, #0]
10007c2e:	6898      	ldr	r0, [r3, #8]
10007c30:	f000 f8f4 	bl	10007e1c <fflush>
10007c34:	e7de      	b.n	10007bf4 <singleCapture+0x244>
10007c36:	46c0      	nop			@ (mov r8, r8)
10007c38:	ffff5ff4 	.word	0xffff5ff4
10007c3c:	4003c000 	.word	0x4003c000
10007c40:	10008a0c 	.word	0x10008a0c
10007c44:	10008a24 	.word	0x10008a24
10007c48:	200015d4 	.word	0x200015d4
10007c4c:	10008a34 	.word	0x10008a34
10007c50:	40034000 	.word	0x40034000
10007c54:	0000a00c 	.word	0x0000a00c

10007c58 <__malloc_lock>:
10007c58:	b510      	push	{r4, lr}
10007c5a:	4802      	ldr	r0, [pc, #8]	@ (10007c64 <__malloc_lock+0xc>)
10007c5c:	f000 fa2a 	bl	100080b4 <__retarget_lock_acquire_recursive>
10007c60:	bd10      	pop	{r4, pc}
10007c62:	46c0      	nop			@ (mov r8, r8)
10007c64:	20001aa8 	.word	0x20001aa8

10007c68 <__malloc_unlock>:
10007c68:	b510      	push	{r4, lr}
10007c6a:	4802      	ldr	r0, [pc, #8]	@ (10007c74 <__malloc_unlock+0xc>)
10007c6c:	f000 fa24 	bl	100080b8 <__retarget_lock_release_recursive>
10007c70:	bd10      	pop	{r4, pc}
10007c72:	46c0      	nop			@ (mov r8, r8)
10007c74:	20001aa8 	.word	0x20001aa8

10007c78 <__sflush_r>:
10007c78:	b5f0      	push	{r4, r5, r6, r7, lr}
10007c7a:	46c6      	mov	lr, r8
10007c7c:	b500      	push	{lr}
10007c7e:	220c      	movs	r2, #12
10007c80:	5e8b      	ldrsh	r3, [r1, r2]
10007c82:	0007      	movs	r7, r0
10007c84:	000c      	movs	r4, r1
10007c86:	071a      	lsls	r2, r3, #28
10007c88:	d44d      	bmi.n	10007d26 <__sflush_r+0xae>
10007c8a:	2180      	movs	r1, #128	@ 0x80
10007c8c:	6862      	ldr	r2, [r4, #4]
10007c8e:	0109      	lsls	r1, r1, #4
10007c90:	4319      	orrs	r1, r3
10007c92:	81a1      	strh	r1, [r4, #12]
10007c94:	2a00      	cmp	r2, #0
10007c96:	dd69      	ble.n	10007d6c <__sflush_r+0xf4>
10007c98:	6aa5      	ldr	r5, [r4, #40]	@ 0x28
10007c9a:	2d00      	cmp	r5, #0
10007c9c:	d03f      	beq.n	10007d1e <__sflush_r+0xa6>
10007c9e:	2200      	movs	r2, #0
10007ca0:	683e      	ldr	r6, [r7, #0]
10007ca2:	603a      	str	r2, [r7, #0]
10007ca4:	04db      	lsls	r3, r3, #19
10007ca6:	d466      	bmi.n	10007d76 <__sflush_r+0xfe>
10007ca8:	2200      	movs	r2, #0
10007caa:	2301      	movs	r3, #1
10007cac:	0038      	movs	r0, r7
10007cae:	69e1      	ldr	r1, [r4, #28]
10007cb0:	47a8      	blx	r5
10007cb2:	0002      	movs	r2, r0
10007cb4:	1c43      	adds	r3, r0, #1
10007cb6:	d06b      	beq.n	10007d90 <__sflush_r+0x118>
10007cb8:	230c      	movs	r3, #12
10007cba:	5ee1      	ldrsh	r1, [r4, r3]
10007cbc:	6aa5      	ldr	r5, [r4, #40]	@ 0x28
10007cbe:	0749      	lsls	r1, r1, #29
10007cc0:	d506      	bpl.n	10007cd0 <__sflush_r+0x58>
10007cc2:	6863      	ldr	r3, [r4, #4]
10007cc4:	1ad2      	subs	r2, r2, r3
10007cc6:	6b23      	ldr	r3, [r4, #48]	@ 0x30
10007cc8:	2b00      	cmp	r3, #0
10007cca:	d001      	beq.n	10007cd0 <__sflush_r+0x58>
10007ccc:	6be3      	ldr	r3, [r4, #60]	@ 0x3c
10007cce:	1ad2      	subs	r2, r2, r3
10007cd0:	2300      	movs	r3, #0
10007cd2:	0038      	movs	r0, r7
10007cd4:	69e1      	ldr	r1, [r4, #28]
10007cd6:	47a8      	blx	r5
10007cd8:	230c      	movs	r3, #12
10007cda:	5ee2      	ldrsh	r2, [r4, r3]
10007cdc:	1c43      	adds	r3, r0, #1
10007cde:	d14c      	bne.n	10007d7a <__sflush_r+0x102>
10007ce0:	6839      	ldr	r1, [r7, #0]
10007ce2:	291d      	cmp	r1, #29
10007ce4:	d85e      	bhi.n	10007da4 <__sflush_r+0x12c>
10007ce6:	4b31      	ldr	r3, [pc, #196]	@ (10007dac <__sflush_r+0x134>)
10007ce8:	40cb      	lsrs	r3, r1
10007cea:	07db      	lsls	r3, r3, #31
10007cec:	d55a      	bpl.n	10007da4 <__sflush_r+0x12c>
10007cee:	4b30      	ldr	r3, [pc, #192]	@ (10007db0 <__sflush_r+0x138>)
10007cf0:	4013      	ands	r3, r2
10007cf2:	81a3      	strh	r3, [r4, #12]
10007cf4:	2300      	movs	r3, #0
10007cf6:	6063      	str	r3, [r4, #4]
10007cf8:	6923      	ldr	r3, [r4, #16]
10007cfa:	6023      	str	r3, [r4, #0]
10007cfc:	04d2      	lsls	r2, r2, #19
10007cfe:	d501      	bpl.n	10007d04 <__sflush_r+0x8c>
10007d00:	2900      	cmp	r1, #0
10007d02:	d043      	beq.n	10007d8c <__sflush_r+0x114>
10007d04:	6b21      	ldr	r1, [r4, #48]	@ 0x30
10007d06:	603e      	str	r6, [r7, #0]
10007d08:	2900      	cmp	r1, #0
10007d0a:	d008      	beq.n	10007d1e <__sflush_r+0xa6>
10007d0c:	0023      	movs	r3, r4
10007d0e:	3340      	adds	r3, #64	@ 0x40
10007d10:	4299      	cmp	r1, r3
10007d12:	d002      	beq.n	10007d1a <__sflush_r+0xa2>
10007d14:	0038      	movs	r0, r7
10007d16:	f000 fa59 	bl	100081cc <_free_r>
10007d1a:	2300      	movs	r3, #0
10007d1c:	6323      	str	r3, [r4, #48]	@ 0x30
10007d1e:	2000      	movs	r0, #0
10007d20:	bc80      	pop	{r7}
10007d22:	46b8      	mov	r8, r7
10007d24:	bdf0      	pop	{r4, r5, r6, r7, pc}
10007d26:	690e      	ldr	r6, [r1, #16]
10007d28:	2e00      	cmp	r6, #0
10007d2a:	d0f8      	beq.n	10007d1e <__sflush_r+0xa6>
10007d2c:	680d      	ldr	r5, [r1, #0]
10007d2e:	2200      	movs	r2, #0
10007d30:	1bad      	subs	r5, r5, r6
10007d32:	600e      	str	r6, [r1, #0]
10007d34:	079b      	lsls	r3, r3, #30
10007d36:	d100      	bne.n	10007d3a <__sflush_r+0xc2>
10007d38:	694a      	ldr	r2, [r1, #20]
10007d3a:	60a2      	str	r2, [r4, #8]
10007d3c:	2d00      	cmp	r5, #0
10007d3e:	dc04      	bgt.n	10007d4a <__sflush_r+0xd2>
10007d40:	e7ed      	b.n	10007d1e <__sflush_r+0xa6>
10007d42:	1836      	adds	r6, r6, r0
10007d44:	1a2d      	subs	r5, r5, r0
10007d46:	2d00      	cmp	r5, #0
10007d48:	dde9      	ble.n	10007d1e <__sflush_r+0xa6>
10007d4a:	6a63      	ldr	r3, [r4, #36]	@ 0x24
10007d4c:	0032      	movs	r2, r6
10007d4e:	4698      	mov	r8, r3
10007d50:	0038      	movs	r0, r7
10007d52:	002b      	movs	r3, r5
10007d54:	69e1      	ldr	r1, [r4, #28]
10007d56:	47c0      	blx	r8
10007d58:	2800      	cmp	r0, #0
10007d5a:	dcf2      	bgt.n	10007d42 <__sflush_r+0xca>
10007d5c:	2240      	movs	r2, #64	@ 0x40
10007d5e:	89a3      	ldrh	r3, [r4, #12]
10007d60:	4313      	orrs	r3, r2
10007d62:	b21b      	sxth	r3, r3
10007d64:	2001      	movs	r0, #1
10007d66:	81a3      	strh	r3, [r4, #12]
10007d68:	4240      	negs	r0, r0
10007d6a:	e7d9      	b.n	10007d20 <__sflush_r+0xa8>
10007d6c:	6be2      	ldr	r2, [r4, #60]	@ 0x3c
10007d6e:	2a00      	cmp	r2, #0
10007d70:	dd00      	ble.n	10007d74 <__sflush_r+0xfc>
10007d72:	e791      	b.n	10007c98 <__sflush_r+0x20>
10007d74:	e7d3      	b.n	10007d1e <__sflush_r+0xa6>
10007d76:	6d22      	ldr	r2, [r4, #80]	@ 0x50
10007d78:	e7a1      	b.n	10007cbe <__sflush_r+0x46>
10007d7a:	4b0d      	ldr	r3, [pc, #52]	@ (10007db0 <__sflush_r+0x138>)
10007d7c:	4013      	ands	r3, r2
10007d7e:	81a3      	strh	r3, [r4, #12]
10007d80:	2300      	movs	r3, #0
10007d82:	6063      	str	r3, [r4, #4]
10007d84:	6923      	ldr	r3, [r4, #16]
10007d86:	6023      	str	r3, [r4, #0]
10007d88:	04d2      	lsls	r2, r2, #19
10007d8a:	d5bb      	bpl.n	10007d04 <__sflush_r+0x8c>
10007d8c:	6520      	str	r0, [r4, #80]	@ 0x50
10007d8e:	e7b9      	b.n	10007d04 <__sflush_r+0x8c>
10007d90:	683b      	ldr	r3, [r7, #0]
10007d92:	2b00      	cmp	r3, #0
10007d94:	d100      	bne.n	10007d98 <__sflush_r+0x120>
10007d96:	e78f      	b.n	10007cb8 <__sflush_r+0x40>
10007d98:	2b1d      	cmp	r3, #29
10007d9a:	d001      	beq.n	10007da0 <__sflush_r+0x128>
10007d9c:	2b16      	cmp	r3, #22
10007d9e:	d1dd      	bne.n	10007d5c <__sflush_r+0xe4>
10007da0:	603e      	str	r6, [r7, #0]
10007da2:	e7bc      	b.n	10007d1e <__sflush_r+0xa6>
10007da4:	2340      	movs	r3, #64	@ 0x40
10007da6:	4313      	orrs	r3, r2
10007da8:	e7dc      	b.n	10007d64 <__sflush_r+0xec>
10007daa:	46c0      	nop			@ (mov r8, r8)
10007dac:	20400001 	.word	0x20400001
10007db0:	fffff7ff 	.word	0xfffff7ff

10007db4 <_fflush_r>:
10007db4:	b570      	push	{r4, r5, r6, lr}
10007db6:	0005      	movs	r5, r0
10007db8:	000c      	movs	r4, r1
10007dba:	2800      	cmp	r0, #0
10007dbc:	d002      	beq.n	10007dc4 <_fflush_r+0x10>
10007dbe:	6b43      	ldr	r3, [r0, #52]	@ 0x34
10007dc0:	2b00      	cmp	r3, #0
10007dc2:	d027      	beq.n	10007e14 <_fflush_r+0x60>
10007dc4:	220c      	movs	r2, #12
10007dc6:	5ea3      	ldrsh	r3, [r4, r2]
10007dc8:	2b00      	cmp	r3, #0
10007dca:	d011      	beq.n	10007df0 <_fflush_r+0x3c>
10007dcc:	6e62      	ldr	r2, [r4, #100]	@ 0x64
10007dce:	07d2      	lsls	r2, r2, #31
10007dd0:	d401      	bmi.n	10007dd6 <_fflush_r+0x22>
10007dd2:	059b      	lsls	r3, r3, #22
10007dd4:	d50e      	bpl.n	10007df4 <_fflush_r+0x40>
10007dd6:	0028      	movs	r0, r5
10007dd8:	0021      	movs	r1, r4
10007dda:	f7ff ff4d 	bl	10007c78 <__sflush_r>
10007dde:	6e63      	ldr	r3, [r4, #100]	@ 0x64
10007de0:	0005      	movs	r5, r0
10007de2:	07db      	lsls	r3, r3, #31
10007de4:	d402      	bmi.n	10007dec <_fflush_r+0x38>
10007de6:	89a3      	ldrh	r3, [r4, #12]
10007de8:	059b      	lsls	r3, r3, #22
10007dea:	d50f      	bpl.n	10007e0c <_fflush_r+0x58>
10007dec:	0028      	movs	r0, r5
10007dee:	bd70      	pop	{r4, r5, r6, pc}
10007df0:	2500      	movs	r5, #0
10007df2:	e7fb      	b.n	10007dec <_fflush_r+0x38>
10007df4:	6da0      	ldr	r0, [r4, #88]	@ 0x58
10007df6:	f000 f95d 	bl	100080b4 <__retarget_lock_acquire_recursive>
10007dfa:	0028      	movs	r0, r5
10007dfc:	0021      	movs	r1, r4
10007dfe:	f7ff ff3b 	bl	10007c78 <__sflush_r>
10007e02:	6e63      	ldr	r3, [r4, #100]	@ 0x64
10007e04:	0005      	movs	r5, r0
10007e06:	07db      	lsls	r3, r3, #31
10007e08:	d4f0      	bmi.n	10007dec <_fflush_r+0x38>
10007e0a:	e7ec      	b.n	10007de6 <_fflush_r+0x32>
10007e0c:	6da0      	ldr	r0, [r4, #88]	@ 0x58
10007e0e:	f000 f953 	bl	100080b8 <__retarget_lock_release_recursive>
10007e12:	e7eb      	b.n	10007dec <_fflush_r+0x38>
10007e14:	f000 f8f8 	bl	10008008 <__sinit>
10007e18:	e7d4      	b.n	10007dc4 <_fflush_r+0x10>
10007e1a:	46c0      	nop			@ (mov r8, r8)

10007e1c <fflush>:
10007e1c:	b570      	push	{r4, r5, r6, lr}
10007e1e:	1e04      	subs	r4, r0, #0
10007e20:	d02a      	beq.n	10007e78 <fflush+0x5c>
10007e22:	4b19      	ldr	r3, [pc, #100]	@ (10007e88 <fflush+0x6c>)
10007e24:	681d      	ldr	r5, [r3, #0]
10007e26:	2d00      	cmp	r5, #0
10007e28:	d002      	beq.n	10007e30 <fflush+0x14>
10007e2a:	6b6b      	ldr	r3, [r5, #52]	@ 0x34
10007e2c:	2b00      	cmp	r3, #0
10007e2e:	d017      	beq.n	10007e60 <fflush+0x44>
10007e30:	220c      	movs	r2, #12
10007e32:	5ea3      	ldrsh	r3, [r4, r2]
10007e34:	2b00      	cmp	r3, #0
10007e36:	d011      	beq.n	10007e5c <fflush+0x40>
10007e38:	6e62      	ldr	r2, [r4, #100]	@ 0x64
10007e3a:	07d2      	lsls	r2, r2, #31
10007e3c:	d401      	bmi.n	10007e42 <fflush+0x26>
10007e3e:	059b      	lsls	r3, r3, #22
10007e40:	d512      	bpl.n	10007e68 <fflush+0x4c>
10007e42:	0028      	movs	r0, r5
10007e44:	0021      	movs	r1, r4
10007e46:	f7ff ff17 	bl	10007c78 <__sflush_r>
10007e4a:	6e63      	ldr	r3, [r4, #100]	@ 0x64
10007e4c:	0005      	movs	r5, r0
10007e4e:	07db      	lsls	r3, r3, #31
10007e50:	d402      	bmi.n	10007e58 <fflush+0x3c>
10007e52:	89a3      	ldrh	r3, [r4, #12]
10007e54:	059b      	lsls	r3, r3, #22
10007e56:	d50b      	bpl.n	10007e70 <fflush+0x54>
10007e58:	0028      	movs	r0, r5
10007e5a:	bd70      	pop	{r4, r5, r6, pc}
10007e5c:	2500      	movs	r5, #0
10007e5e:	e7fb      	b.n	10007e58 <fflush+0x3c>
10007e60:	0028      	movs	r0, r5
10007e62:	f000 f8d1 	bl	10008008 <__sinit>
10007e66:	e7e3      	b.n	10007e30 <fflush+0x14>
10007e68:	6da0      	ldr	r0, [r4, #88]	@ 0x58
10007e6a:	f000 f923 	bl	100080b4 <__retarget_lock_acquire_recursive>
10007e6e:	e7e8      	b.n	10007e42 <fflush+0x26>
10007e70:	6da0      	ldr	r0, [r4, #88]	@ 0x58
10007e72:	f000 f921 	bl	100080b8 <__retarget_lock_release_recursive>
10007e76:	e7ef      	b.n	10007e58 <fflush+0x3c>
10007e78:	4a04      	ldr	r2, [pc, #16]	@ (10007e8c <fflush+0x70>)
10007e7a:	4905      	ldr	r1, [pc, #20]	@ (10007e90 <fflush+0x74>)
10007e7c:	4805      	ldr	r0, [pc, #20]	@ (10007e94 <fflush+0x78>)
10007e7e:	f000 fa9d 	bl	100083bc <_fwalk_sglue>
10007e82:	0005      	movs	r5, r0
10007e84:	e7e8      	b.n	10007e58 <fflush+0x3c>
10007e86:	46c0      	nop			@ (mov r8, r8)
10007e88:	200015d4 	.word	0x200015d4
10007e8c:	200015c8 	.word	0x200015c8
10007e90:	10007db5 	.word	0x10007db5
10007e94:	200015d8 	.word	0x200015d8

10007e98 <stdio_exit_handler>:
10007e98:	b510      	push	{r4, lr}
10007e9a:	4a03      	ldr	r2, [pc, #12]	@ (10007ea8 <stdio_exit_handler+0x10>)
10007e9c:	4903      	ldr	r1, [pc, #12]	@ (10007eac <stdio_exit_handler+0x14>)
10007e9e:	4804      	ldr	r0, [pc, #16]	@ (10007eb0 <stdio_exit_handler+0x18>)
10007ea0:	f000 fa8c 	bl	100083bc <_fwalk_sglue>
10007ea4:	bd10      	pop	{r4, pc}
10007ea6:	46c0      	nop			@ (mov r8, r8)
10007ea8:	200015c8 	.word	0x200015c8
10007eac:	10008401 	.word	0x10008401
10007eb0:	200015d8 	.word	0x200015d8

10007eb4 <cleanup_stdio>:
10007eb4:	6841      	ldr	r1, [r0, #4]
10007eb6:	4b0b      	ldr	r3, [pc, #44]	@ (10007ee4 <cleanup_stdio+0x30>)
10007eb8:	b510      	push	{r4, lr}
10007eba:	0004      	movs	r4, r0
10007ebc:	4299      	cmp	r1, r3
10007ebe:	d001      	beq.n	10007ec4 <cleanup_stdio+0x10>
10007ec0:	f000 fa9e 	bl	10008400 <_fclose_r>
10007ec4:	68a1      	ldr	r1, [r4, #8]
10007ec6:	4b08      	ldr	r3, [pc, #32]	@ (10007ee8 <cleanup_stdio+0x34>)
10007ec8:	4299      	cmp	r1, r3
10007eca:	d002      	beq.n	10007ed2 <cleanup_stdio+0x1e>
10007ecc:	0020      	movs	r0, r4
10007ece:	f000 fa97 	bl	10008400 <_fclose_r>
10007ed2:	68e1      	ldr	r1, [r4, #12]
10007ed4:	4b05      	ldr	r3, [pc, #20]	@ (10007eec <cleanup_stdio+0x38>)
10007ed6:	4299      	cmp	r1, r3
10007ed8:	d002      	beq.n	10007ee0 <cleanup_stdio+0x2c>
10007eda:	0020      	movs	r0, r4
10007edc:	f000 fa90 	bl	10008400 <_fclose_r>
10007ee0:	bd10      	pop	{r4, pc}
10007ee2:	46c0      	nop			@ (mov r8, r8)
10007ee4:	20001adc 	.word	0x20001adc
10007ee8:	20001b44 	.word	0x20001b44
10007eec:	20001bac 	.word	0x20001bac

10007ef0 <global_stdio_init.part.0>:
10007ef0:	b5f8      	push	{r3, r4, r5, r6, r7, lr}
10007ef2:	46ce      	mov	lr, r9
10007ef4:	4647      	mov	r7, r8
10007ef6:	4c3b      	ldr	r4, [pc, #236]	@ (10007fe4 <global_stdio_init.part.0+0xf4>)
10007ef8:	4b3b      	ldr	r3, [pc, #236]	@ (10007fe8 <global_stdio_init.part.0+0xf8>)
10007efa:	4a3c      	ldr	r2, [pc, #240]	@ (10007fec <global_stdio_init.part.0+0xfc>)
10007efc:	0020      	movs	r0, r4
10007efe:	2500      	movs	r5, #0
10007f00:	b580      	push	{r7, lr}
10007f02:	601a      	str	r2, [r3, #0]
10007f04:	2304      	movs	r3, #4
10007f06:	2208      	movs	r2, #8
10007f08:	2100      	movs	r1, #0
10007f0a:	305c      	adds	r0, #92	@ 0x5c
10007f0c:	6025      	str	r5, [r4, #0]
10007f0e:	6065      	str	r5, [r4, #4]
10007f10:	60a5      	str	r5, [r4, #8]
10007f12:	6665      	str	r5, [r4, #100]	@ 0x64
10007f14:	6125      	str	r5, [r4, #16]
10007f16:	6165      	str	r5, [r4, #20]
10007f18:	61a5      	str	r5, [r4, #24]
10007f1a:	60e3      	str	r3, [r4, #12]
10007f1c:	f7fa fc86 	bl	1000282c <__wrap_memset>
10007f20:	0020      	movs	r0, r4
10007f22:	4b33      	ldr	r3, [pc, #204]	@ (10007ff0 <global_stdio_init.part.0+0x100>)
10007f24:	4f33      	ldr	r7, [pc, #204]	@ (10007ff4 <global_stdio_init.part.0+0x104>)
10007f26:	4e34      	ldr	r6, [pc, #208]	@ (10007ff8 <global_stdio_init.part.0+0x108>)
10007f28:	4699      	mov	r9, r3
10007f2a:	6223      	str	r3, [r4, #32]
10007f2c:	4b33      	ldr	r3, [pc, #204]	@ (10007ffc <global_stdio_init.part.0+0x10c>)
10007f2e:	3058      	adds	r0, #88	@ 0x58
10007f30:	4698      	mov	r8, r3
10007f32:	62a7      	str	r7, [r4, #40]	@ 0x28
10007f34:	62e6      	str	r6, [r4, #44]	@ 0x2c
10007f36:	6263      	str	r3, [r4, #36]	@ 0x24
10007f38:	61e4      	str	r4, [r4, #28]
10007f3a:	f000 f8b7 	bl	100080ac <__retarget_lock_init_recursive>
10007f3e:	23cc      	movs	r3, #204	@ 0xcc
10007f40:	50e5      	str	r5, [r4, r3]
10007f42:	4b2f      	ldr	r3, [pc, #188]	@ (10008000 <global_stdio_init.part.0+0x110>)
10007f44:	0020      	movs	r0, r4
10007f46:	6763      	str	r3, [r4, #116]	@ 0x74
10007f48:	2380      	movs	r3, #128	@ 0x80
10007f4a:	2100      	movs	r1, #0
10007f4c:	2208      	movs	r2, #8
10007f4e:	30c4      	adds	r0, #196	@ 0xc4
10007f50:	50e5      	str	r5, [r4, r3]
10007f52:	66a5      	str	r5, [r4, #104]	@ 0x68
10007f54:	66e5      	str	r5, [r4, #108]	@ 0x6c
10007f56:	6725      	str	r5, [r4, #112]	@ 0x70
10007f58:	67a5      	str	r5, [r4, #120]	@ 0x78
10007f5a:	67e5      	str	r5, [r4, #124]	@ 0x7c
10007f5c:	f7fa fc66 	bl	1000282c <__wrap_memset>
10007f60:	0022      	movs	r2, r4
10007f62:	2384      	movs	r3, #132	@ 0x84
10007f64:	3268      	adds	r2, #104	@ 0x68
10007f66:	50e2      	str	r2, [r4, r3]
10007f68:	464a      	mov	r2, r9
10007f6a:	3304      	adds	r3, #4
10007f6c:	50e2      	str	r2, [r4, r3]
10007f6e:	4642      	mov	r2, r8
10007f70:	0020      	movs	r0, r4
10007f72:	3304      	adds	r3, #4
10007f74:	50e2      	str	r2, [r4, r3]
10007f76:	3304      	adds	r3, #4
10007f78:	50e7      	str	r7, [r4, r3]
10007f7a:	30c0      	adds	r0, #192	@ 0xc0
10007f7c:	3304      	adds	r3, #4
10007f7e:	50e6      	str	r6, [r4, r3]
10007f80:	f000 f894 	bl	100080ac <__retarget_lock_init_recursive>
10007f84:	23d0      	movs	r3, #208	@ 0xd0
10007f86:	0020      	movs	r0, r4
10007f88:	50e5      	str	r5, [r4, r3]
10007f8a:	3304      	adds	r3, #4
10007f8c:	50e5      	str	r5, [r4, r3]
10007f8e:	3304      	adds	r3, #4
10007f90:	50e5      	str	r5, [r4, r3]
10007f92:	4a1c      	ldr	r2, [pc, #112]	@ (10008004 <global_stdio_init.part.0+0x114>)
10007f94:	335c      	adds	r3, #92	@ 0x5c
10007f96:	50e5      	str	r5, [r4, r3]
10007f98:	3b58      	subs	r3, #88	@ 0x58
10007f9a:	50e2      	str	r2, [r4, r3]
10007f9c:	3304      	adds	r3, #4
10007f9e:	50e5      	str	r5, [r4, r3]
10007fa0:	302d      	adds	r0, #45	@ 0x2d
10007fa2:	3304      	adds	r3, #4
10007fa4:	50e5      	str	r5, [r4, r3]
10007fa6:	2100      	movs	r1, #0
10007fa8:	3304      	adds	r3, #4
10007faa:	2208      	movs	r2, #8
10007fac:	30ff      	adds	r0, #255	@ 0xff
10007fae:	50e5      	str	r5, [r4, r3]
10007fb0:	f7fa fc3c 	bl	1000282c <__wrap_memset>
10007fb4:	0022      	movs	r2, r4
10007fb6:	23ec      	movs	r3, #236	@ 0xec
10007fb8:	32d0      	adds	r2, #208	@ 0xd0
10007fba:	50e2      	str	r2, [r4, r3]
10007fbc:	464a      	mov	r2, r9
10007fbe:	3304      	adds	r3, #4
10007fc0:	50e2      	str	r2, [r4, r3]
10007fc2:	0020      	movs	r0, r4
10007fc4:	4642      	mov	r2, r8
10007fc6:	3304      	adds	r3, #4
10007fc8:	50e2      	str	r2, [r4, r3]
10007fca:	3029      	adds	r0, #41	@ 0x29
10007fcc:	3304      	adds	r3, #4
10007fce:	50e7      	str	r7, [r4, r3]
10007fd0:	30ff      	adds	r0, #255	@ 0xff
10007fd2:	3304      	adds	r3, #4
10007fd4:	50e6      	str	r6, [r4, r3]
10007fd6:	f000 f869 	bl	100080ac <__retarget_lock_init_recursive>
10007fda:	bcc0      	pop	{r6, r7}
10007fdc:	46b9      	mov	r9, r7
10007fde:	46b0      	mov	r8, r6
10007fe0:	bdf8      	pop	{r3, r4, r5, r6, r7, pc}
10007fe2:	46c0      	nop			@ (mov r8, r8)
10007fe4:	20001adc 	.word	0x20001adc
10007fe8:	20001c14 	.word	0x20001c14
10007fec:	10007e99 	.word	0x10007e99
10007ff0:	100084cd 	.word	0x100084cd
10007ff4:	10008535 	.word	0x10008535
10007ff8:	10008561 	.word	0x10008561
10007ffc:	100084f5 	.word	0x100084f5
10008000:	00010009 	.word	0x00010009
10008004:	00020012 	.word	0x00020012

10008008 <__sinit>:
10008008:	b570      	push	{r4, r5, r6, lr}
1000800a:	0004      	movs	r4, r0
1000800c:	4d09      	ldr	r5, [pc, #36]	@ (10008034 <__sinit+0x2c>)
1000800e:	0028      	movs	r0, r5
10008010:	f000 f850 	bl	100080b4 <__retarget_lock_acquire_recursive>
10008014:	6b63      	ldr	r3, [r4, #52]	@ 0x34
10008016:	2b00      	cmp	r3, #0
10008018:	d105      	bne.n	10008026 <__sinit+0x1e>
1000801a:	4b07      	ldr	r3, [pc, #28]	@ (10008038 <__sinit+0x30>)
1000801c:	6363      	str	r3, [r4, #52]	@ 0x34
1000801e:	4b07      	ldr	r3, [pc, #28]	@ (1000803c <__sinit+0x34>)
10008020:	681b      	ldr	r3, [r3, #0]
10008022:	2b00      	cmp	r3, #0
10008024:	d003      	beq.n	1000802e <__sinit+0x26>
10008026:	0028      	movs	r0, r5
10008028:	f000 f846 	bl	100080b8 <__retarget_lock_release_recursive>
1000802c:	bd70      	pop	{r4, r5, r6, pc}
1000802e:	f7ff ff5f 	bl	10007ef0 <global_stdio_init.part.0>
10008032:	e7f8      	b.n	10008026 <__sinit+0x1e>
10008034:	20001aac 	.word	0x20001aac
10008038:	10007eb5 	.word	0x10007eb5
1000803c:	20001c14 	.word	0x20001c14

10008040 <__sfp_lock_acquire>:
10008040:	b510      	push	{r4, lr}
10008042:	4802      	ldr	r0, [pc, #8]	@ (1000804c <__sfp_lock_acquire+0xc>)
10008044:	f000 f836 	bl	100080b4 <__retarget_lock_acquire_recursive>
10008048:	bd10      	pop	{r4, pc}
1000804a:	46c0      	nop			@ (mov r8, r8)
1000804c:	20001aac 	.word	0x20001aac

10008050 <__sfp_lock_release>:
10008050:	b510      	push	{r4, lr}
10008052:	4802      	ldr	r0, [pc, #8]	@ (1000805c <__sfp_lock_release+0xc>)
10008054:	f000 f830 	bl	100080b8 <__retarget_lock_release_recursive>
10008058:	bd10      	pop	{r4, pc}
1000805a:	46c0      	nop			@ (mov r8, r8)
1000805c:	20001aac 	.word	0x20001aac

10008060 <_sbrk_r>:
10008060:	2300      	movs	r3, #0
10008062:	b570      	push	{r4, r5, r6, lr}
10008064:	4c06      	ldr	r4, [pc, #24]	@ (10008080 <_sbrk_r+0x20>)
10008066:	0005      	movs	r5, r0
10008068:	0008      	movs	r0, r1
1000806a:	6023      	str	r3, [r4, #0]
1000806c:	f7fc f866 	bl	1000413c <_sbrk>
10008070:	1c43      	adds	r3, r0, #1
10008072:	d000      	beq.n	10008076 <_sbrk_r+0x16>
10008074:	bd70      	pop	{r4, r5, r6, pc}
10008076:	6823      	ldr	r3, [r4, #0]
10008078:	2b00      	cmp	r3, #0
1000807a:	d0fb      	beq.n	10008074 <_sbrk_r+0x14>
1000807c:	602b      	str	r3, [r5, #0]
1000807e:	e7f9      	b.n	10008074 <_sbrk_r+0x14>
10008080:	20002318 	.word	0x20002318

10008084 <__errno>:
10008084:	4b01      	ldr	r3, [pc, #4]	@ (1000808c <__errno+0x8>)
10008086:	6818      	ldr	r0, [r3, #0]
10008088:	4770      	bx	lr
1000808a:	46c0      	nop			@ (mov r8, r8)
1000808c:	200015d4 	.word	0x200015d4

10008090 <sysconf>:
10008090:	2380      	movs	r3, #128	@ 0x80
10008092:	b510      	push	{r4, lr}
10008094:	015b      	lsls	r3, r3, #5
10008096:	2808      	cmp	r0, #8
10008098:	d101      	bne.n	1000809e <sysconf+0xe>
1000809a:	0018      	movs	r0, r3
1000809c:	bd10      	pop	{r4, pc}
1000809e:	f7ff fff1 	bl	10008084 <__errno>
100080a2:	2316      	movs	r3, #22
100080a4:	6003      	str	r3, [r0, #0]
100080a6:	3b17      	subs	r3, #23
100080a8:	e7f7      	b.n	1000809a <sysconf+0xa>
100080aa:	46c0      	nop			@ (mov r8, r8)

100080ac <__retarget_lock_init_recursive>:
100080ac:	4770      	bx	lr
100080ae:	46c0      	nop			@ (mov r8, r8)

100080b0 <__retarget_lock_close_recursive>:
100080b0:	4770      	bx	lr
100080b2:	46c0      	nop			@ (mov r8, r8)

100080b4 <__retarget_lock_acquire_recursive>:
100080b4:	4770      	bx	lr
100080b6:	46c0      	nop			@ (mov r8, r8)

100080b8 <__retarget_lock_release_recursive>:
100080b8:	4770      	bx	lr
100080ba:	46c0      	nop			@ (mov r8, r8)

100080bc <strlen>:
100080bc:	b510      	push	{r4, lr}
100080be:	0783      	lsls	r3, r0, #30
100080c0:	d00a      	beq.n	100080d8 <strlen+0x1c>
100080c2:	0003      	movs	r3, r0
100080c4:	2103      	movs	r1, #3
100080c6:	e002      	b.n	100080ce <strlen+0x12>
100080c8:	3301      	adds	r3, #1
100080ca:	420b      	tst	r3, r1
100080cc:	d005      	beq.n	100080da <strlen+0x1e>
100080ce:	781a      	ldrb	r2, [r3, #0]
100080d0:	2a00      	cmp	r2, #0
100080d2:	d1f9      	bne.n	100080c8 <strlen+0xc>
100080d4:	1a18      	subs	r0, r3, r0
100080d6:	bd10      	pop	{r4, pc}
100080d8:	0003      	movs	r3, r0
100080da:	6819      	ldr	r1, [r3, #0]
100080dc:	4a0c      	ldr	r2, [pc, #48]	@ (10008110 <strlen+0x54>)
100080de:	4c0d      	ldr	r4, [pc, #52]	@ (10008114 <strlen+0x58>)
100080e0:	188a      	adds	r2, r1, r2
100080e2:	438a      	bics	r2, r1
100080e4:	4222      	tst	r2, r4
100080e6:	d10f      	bne.n	10008108 <strlen+0x4c>
100080e8:	6859      	ldr	r1, [r3, #4]
100080ea:	4a09      	ldr	r2, [pc, #36]	@ (10008110 <strlen+0x54>)
100080ec:	3304      	adds	r3, #4
100080ee:	188a      	adds	r2, r1, r2
100080f0:	438a      	bics	r2, r1
100080f2:	4222      	tst	r2, r4
100080f4:	d108      	bne.n	10008108 <strlen+0x4c>
100080f6:	6859      	ldr	r1, [r3, #4]
100080f8:	4a05      	ldr	r2, [pc, #20]	@ (10008110 <strlen+0x54>)
100080fa:	3304      	adds	r3, #4
100080fc:	188a      	adds	r2, r1, r2
100080fe:	438a      	bics	r2, r1
10008100:	4222      	tst	r2, r4
10008102:	d0f1      	beq.n	100080e8 <strlen+0x2c>
10008104:	e000      	b.n	10008108 <strlen+0x4c>
10008106:	3301      	adds	r3, #1
10008108:	781a      	ldrb	r2, [r3, #0]
1000810a:	2a00      	cmp	r2, #0
1000810c:	d1fb      	bne.n	10008106 <strlen+0x4a>
1000810e:	e7e1      	b.n	100080d4 <strlen+0x18>
10008110:	fefefeff 	.word	0xfefefeff
10008114:	80808080 	.word	0x80808080

10008118 <_malloc_trim_r>:
10008118:	b5f0      	push	{r4, r5, r6, r7, lr}
1000811a:	46c6      	mov	lr, r8
1000811c:	0006      	movs	r6, r0
1000811e:	b500      	push	{lr}
10008120:	2008      	movs	r0, #8
10008122:	000d      	movs	r5, r1
10008124:	f7ff ffb4 	bl	10008090 <sysconf>
10008128:	0004      	movs	r4, r0
1000812a:	0030      	movs	r0, r6
1000812c:	f7ff fd94 	bl	10007c58 <__malloc_lock>
10008130:	4b23      	ldr	r3, [pc, #140]	@ (100081c0 <_malloc_trim_r+0xa8>)
10008132:	0021      	movs	r1, r4
10008134:	4698      	mov	r8, r3
10008136:	689b      	ldr	r3, [r3, #8]
10008138:	685f      	ldr	r7, [r3, #4]
1000813a:	2303      	movs	r3, #3
1000813c:	439f      	bics	r7, r3
1000813e:	0038      	movs	r0, r7
10008140:	3811      	subs	r0, #17
10008142:	1b40      	subs	r0, r0, r5
10008144:	1900      	adds	r0, r0, r4
10008146:	f7f9 fce3 	bl	10001b10 <__wrap___aeabi_uidiv>
1000814a:	1e45      	subs	r5, r0, #1
1000814c:	4365      	muls	r5, r4
1000814e:	42ac      	cmp	r4, r5
10008150:	dc08      	bgt.n	10008164 <_malloc_trim_r+0x4c>
10008152:	2100      	movs	r1, #0
10008154:	0030      	movs	r0, r6
10008156:	f7ff ff83 	bl	10008060 <_sbrk_r>
1000815a:	4643      	mov	r3, r8
1000815c:	689b      	ldr	r3, [r3, #8]
1000815e:	19db      	adds	r3, r3, r7
10008160:	4298      	cmp	r0, r3
10008162:	d006      	beq.n	10008172 <_malloc_trim_r+0x5a>
10008164:	0030      	movs	r0, r6
10008166:	f7ff fd7f 	bl	10007c68 <__malloc_unlock>
1000816a:	2000      	movs	r0, #0
1000816c:	bc80      	pop	{r7}
1000816e:	46b8      	mov	r8, r7
10008170:	bdf0      	pop	{r4, r5, r6, r7, pc}
10008172:	0030      	movs	r0, r6
10008174:	4269      	negs	r1, r5
10008176:	f7ff ff73 	bl	10008060 <_sbrk_r>
1000817a:	3001      	adds	r0, #1
1000817c:	d00e      	beq.n	1000819c <_malloc_trim_r+0x84>
1000817e:	2201      	movs	r2, #1
10008180:	4643      	mov	r3, r8
10008182:	1b7f      	subs	r7, r7, r5
10008184:	689b      	ldr	r3, [r3, #8]
10008186:	4317      	orrs	r7, r2
10008188:	4a0e      	ldr	r2, [pc, #56]	@ (100081c4 <_malloc_trim_r+0xac>)
1000818a:	605f      	str	r7, [r3, #4]
1000818c:	6813      	ldr	r3, [r2, #0]
1000818e:	0030      	movs	r0, r6
10008190:	1b5b      	subs	r3, r3, r5
10008192:	6013      	str	r3, [r2, #0]
10008194:	f7ff fd68 	bl	10007c68 <__malloc_unlock>
10008198:	2001      	movs	r0, #1
1000819a:	e7e7      	b.n	1000816c <_malloc_trim_r+0x54>
1000819c:	2100      	movs	r1, #0
1000819e:	0030      	movs	r0, r6
100081a0:	f7ff ff5e 	bl	10008060 <_sbrk_r>
100081a4:	4643      	mov	r3, r8
100081a6:	689a      	ldr	r2, [r3, #8]
100081a8:	1a83      	subs	r3, r0, r2
100081aa:	2b0f      	cmp	r3, #15
100081ac:	ddda      	ble.n	10008164 <_malloc_trim_r+0x4c>
100081ae:	4c06      	ldr	r4, [pc, #24]	@ (100081c8 <_malloc_trim_r+0xb0>)
100081b0:	4904      	ldr	r1, [pc, #16]	@ (100081c4 <_malloc_trim_r+0xac>)
100081b2:	6824      	ldr	r4, [r4, #0]
100081b4:	1b00      	subs	r0, r0, r4
100081b6:	6008      	str	r0, [r1, #0]
100081b8:	2101      	movs	r1, #1
100081ba:	430b      	orrs	r3, r1
100081bc:	6053      	str	r3, [r2, #4]
100081be:	e7d1      	b.n	10008164 <_malloc_trim_r+0x4c>
100081c0:	200011c0 	.word	0x200011c0
100081c4:	20001ab0 	.word	0x20001ab0
100081c8:	200011b8 	.word	0x200011b8

100081cc <_free_r>:
100081cc:	b5f0      	push	{r4, r5, r6, r7, lr}
100081ce:	46d6      	mov	lr, sl
100081d0:	464f      	mov	r7, r9
100081d2:	4646      	mov	r6, r8
100081d4:	0005      	movs	r5, r0
100081d6:	000c      	movs	r4, r1
100081d8:	b5c0      	push	{r6, r7, lr}
100081da:	2900      	cmp	r1, #0
100081dc:	d048      	beq.n	10008270 <_free_r+0xa4>
100081de:	f7ff fd3b 	bl	10007c58 <__malloc_lock>
100081e2:	0021      	movs	r1, r4
100081e4:	2701      	movs	r7, #1
100081e6:	3908      	subs	r1, #8
100081e8:	684b      	ldr	r3, [r1, #4]
100081ea:	2003      	movs	r0, #3
100081ec:	469c      	mov	ip, r3
100081ee:	43bb      	bics	r3, r7
100081f0:	18ce      	adds	r6, r1, r3
100081f2:	6872      	ldr	r2, [r6, #4]
100081f4:	4382      	bics	r2, r0
100081f6:	4660      	mov	r0, ip
100081f8:	4038      	ands	r0, r7
100081fa:	4680      	mov	r8, r0
100081fc:	486a      	ldr	r0, [pc, #424]	@ (100083a8 <_free_r+0x1dc>)
100081fe:	4691      	mov	r9, r2
10008200:	6884      	ldr	r4, [r0, #8]
10008202:	42b4      	cmp	r4, r6
10008204:	d100      	bne.n	10008208 <_free_r+0x3c>
10008206:	e07c      	b.n	10008302 <_free_r+0x136>
10008208:	6072      	str	r2, [r6, #4]
1000820a:	18b4      	adds	r4, r6, r2
1000820c:	6864      	ldr	r4, [r4, #4]
1000820e:	403c      	ands	r4, r7
10008210:	46a2      	mov	sl, r4
10008212:	4644      	mov	r4, r8
10008214:	2c00      	cmp	r4, #0
10008216:	d130      	bne.n	1000827a <_free_r+0xae>
10008218:	680c      	ldr	r4, [r1, #0]
1000821a:	46a4      	mov	ip, r4
1000821c:	1b09      	subs	r1, r1, r4
1000821e:	688c      	ldr	r4, [r1, #8]
10008220:	4463      	add	r3, ip
10008222:	46a4      	mov	ip, r4
10008224:	2408      	movs	r4, #8
10008226:	46a0      	mov	r8, r4
10008228:	4480      	add	r8, r0
1000822a:	45c4      	cmp	ip, r8
1000822c:	d05c      	beq.n	100082e8 <_free_r+0x11c>
1000822e:	68cc      	ldr	r4, [r1, #12]
10008230:	46a0      	mov	r8, r4
10008232:	4664      	mov	r4, ip
10008234:	4642      	mov	r2, r8
10008236:	60e2      	str	r2, [r4, #12]
10008238:	6094      	str	r4, [r2, #8]
1000823a:	4652      	mov	r2, sl
1000823c:	2a00      	cmp	r2, #0
1000823e:	d01f      	beq.n	10008280 <_free_r+0xb4>
10008240:	431f      	orrs	r7, r3
10008242:	604f      	str	r7, [r1, #4]
10008244:	6033      	str	r3, [r6, #0]
10008246:	2280      	movs	r2, #128	@ 0x80
10008248:	0092      	lsls	r2, r2, #2
1000824a:	4293      	cmp	r3, r2
1000824c:	d230      	bcs.n	100082b0 <_free_r+0xe4>
1000824e:	08da      	lsrs	r2, r3, #3
10008250:	095c      	lsrs	r4, r3, #5
10008252:	2301      	movs	r3, #1
10008254:	40a3      	lsls	r3, r4
10008256:	6844      	ldr	r4, [r0, #4]
10008258:	4323      	orrs	r3, r4
1000825a:	6043      	str	r3, [r0, #4]
1000825c:	00d3      	lsls	r3, r2, #3
1000825e:	181b      	adds	r3, r3, r0
10008260:	689a      	ldr	r2, [r3, #8]
10008262:	60cb      	str	r3, [r1, #12]
10008264:	608a      	str	r2, [r1, #8]
10008266:	6099      	str	r1, [r3, #8]
10008268:	60d1      	str	r1, [r2, #12]
1000826a:	0028      	movs	r0, r5
1000826c:	f7ff fcfc 	bl	10007c68 <__malloc_unlock>
10008270:	bce0      	pop	{r5, r6, r7}
10008272:	46ba      	mov	sl, r7
10008274:	46b1      	mov	r9, r6
10008276:	46a8      	mov	r8, r5
10008278:	bdf0      	pop	{r4, r5, r6, r7, pc}
1000827a:	4652      	mov	r2, sl
1000827c:	2a00      	cmp	r2, #0
1000827e:	d10f      	bne.n	100082a0 <_free_r+0xd4>
10008280:	2201      	movs	r2, #1
10008282:	444b      	add	r3, r9
10008284:	18cf      	adds	r7, r1, r3
10008286:	46bc      	mov	ip, r7
10008288:	68b4      	ldr	r4, [r6, #8]
1000828a:	4f48      	ldr	r7, [pc, #288]	@ (100083ac <_free_r+0x1e0>)
1000828c:	431a      	orrs	r2, r3
1000828e:	42bc      	cmp	r4, r7
10008290:	d05b      	beq.n	1000834a <_free_r+0x17e>
10008292:	68f6      	ldr	r6, [r6, #12]
10008294:	60e6      	str	r6, [r4, #12]
10008296:	60b4      	str	r4, [r6, #8]
10008298:	604a      	str	r2, [r1, #4]
1000829a:	4662      	mov	r2, ip
1000829c:	6013      	str	r3, [r2, #0]
1000829e:	e7d2      	b.n	10008246 <_free_r+0x7a>
100082a0:	4662      	mov	r2, ip
100082a2:	433a      	orrs	r2, r7
100082a4:	604a      	str	r2, [r1, #4]
100082a6:	2280      	movs	r2, #128	@ 0x80
100082a8:	6033      	str	r3, [r6, #0]
100082aa:	0092      	lsls	r2, r2, #2
100082ac:	4293      	cmp	r3, r2
100082ae:	d3ce      	bcc.n	1000824e <_free_r+0x82>
100082b0:	0a5c      	lsrs	r4, r3, #9
100082b2:	2c04      	cmp	r4, #4
100082b4:	d83f      	bhi.n	10008336 <_free_r+0x16a>
100082b6:	099c      	lsrs	r4, r3, #6
100082b8:	0026      	movs	r6, r4
100082ba:	3439      	adds	r4, #57	@ 0x39
100082bc:	3638      	adds	r6, #56	@ 0x38
100082be:	00e4      	lsls	r4, r4, #3
100082c0:	1904      	adds	r4, r0, r4
100082c2:	6822      	ldr	r2, [r4, #0]
100082c4:	3c08      	subs	r4, #8
100082c6:	2703      	movs	r7, #3
100082c8:	4294      	cmp	r4, r2
100082ca:	d103      	bne.n	100082d4 <_free_r+0x108>
100082cc:	e04e      	b.n	1000836c <_free_r+0x1a0>
100082ce:	6892      	ldr	r2, [r2, #8]
100082d0:	4294      	cmp	r4, r2
100082d2:	d003      	beq.n	100082dc <_free_r+0x110>
100082d4:	6850      	ldr	r0, [r2, #4]
100082d6:	43b8      	bics	r0, r7
100082d8:	4298      	cmp	r0, r3
100082da:	d8f8      	bhi.n	100082ce <_free_r+0x102>
100082dc:	68d4      	ldr	r4, [r2, #12]
100082de:	60cc      	str	r4, [r1, #12]
100082e0:	608a      	str	r2, [r1, #8]
100082e2:	60a1      	str	r1, [r4, #8]
100082e4:	60d1      	str	r1, [r2, #12]
100082e6:	e7c0      	b.n	1000826a <_free_r+0x9e>
100082e8:	4652      	mov	r2, sl
100082ea:	2a00      	cmp	r2, #0
100082ec:	d135      	bne.n	1000835a <_free_r+0x18e>
100082ee:	444b      	add	r3, r9
100082f0:	001a      	movs	r2, r3
100082f2:	68b0      	ldr	r0, [r6, #8]
100082f4:	68f3      	ldr	r3, [r6, #12]
100082f6:	4317      	orrs	r7, r2
100082f8:	60c3      	str	r3, [r0, #12]
100082fa:	6098      	str	r0, [r3, #8]
100082fc:	604f      	str	r7, [r1, #4]
100082fe:	508a      	str	r2, [r1, r2]
10008300:	e7b3      	b.n	1000826a <_free_r+0x9e>
10008302:	444b      	add	r3, r9
10008304:	001a      	movs	r2, r3
10008306:	4643      	mov	r3, r8
10008308:	2b00      	cmp	r3, #0
1000830a:	d106      	bne.n	1000831a <_free_r+0x14e>
1000830c:	680b      	ldr	r3, [r1, #0]
1000830e:	1ac9      	subs	r1, r1, r3
10008310:	688c      	ldr	r4, [r1, #8]
10008312:	18d2      	adds	r2, r2, r3
10008314:	68cb      	ldr	r3, [r1, #12]
10008316:	60e3      	str	r3, [r4, #12]
10008318:	609c      	str	r4, [r3, #8]
1000831a:	2301      	movs	r3, #1
1000831c:	4313      	orrs	r3, r2
1000831e:	604b      	str	r3, [r1, #4]
10008320:	4b23      	ldr	r3, [pc, #140]	@ (100083b0 <_free_r+0x1e4>)
10008322:	6081      	str	r1, [r0, #8]
10008324:	681b      	ldr	r3, [r3, #0]
10008326:	4293      	cmp	r3, r2
10008328:	d89f      	bhi.n	1000826a <_free_r+0x9e>
1000832a:	4b22      	ldr	r3, [pc, #136]	@ (100083b4 <_free_r+0x1e8>)
1000832c:	0028      	movs	r0, r5
1000832e:	6819      	ldr	r1, [r3, #0]
10008330:	f7ff fef2 	bl	10008118 <_malloc_trim_r>
10008334:	e799      	b.n	1000826a <_free_r+0x9e>
10008336:	2c14      	cmp	r4, #20
10008338:	d913      	bls.n	10008362 <_free_r+0x196>
1000833a:	2c54      	cmp	r4, #84	@ 0x54
1000833c:	d81d      	bhi.n	1000837a <_free_r+0x1ae>
1000833e:	0b1c      	lsrs	r4, r3, #12
10008340:	0026      	movs	r6, r4
10008342:	346f      	adds	r4, #111	@ 0x6f
10008344:	366e      	adds	r6, #110	@ 0x6e
10008346:	00e4      	lsls	r4, r4, #3
10008348:	e7ba      	b.n	100082c0 <_free_r+0xf4>
1000834a:	60e1      	str	r1, [r4, #12]
1000834c:	60a1      	str	r1, [r4, #8]
1000834e:	604a      	str	r2, [r1, #4]
10008350:	4662      	mov	r2, ip
10008352:	60cc      	str	r4, [r1, #12]
10008354:	608c      	str	r4, [r1, #8]
10008356:	6013      	str	r3, [r2, #0]
10008358:	e787      	b.n	1000826a <_free_r+0x9e>
1000835a:	431f      	orrs	r7, r3
1000835c:	604f      	str	r7, [r1, #4]
1000835e:	6033      	str	r3, [r6, #0]
10008360:	e783      	b.n	1000826a <_free_r+0x9e>
10008362:	0026      	movs	r6, r4
10008364:	345c      	adds	r4, #92	@ 0x5c
10008366:	365b      	adds	r6, #91	@ 0x5b
10008368:	00e4      	lsls	r4, r4, #3
1000836a:	e7a9      	b.n	100082c0 <_free_r+0xf4>
1000836c:	2301      	movs	r3, #1
1000836e:	10b6      	asrs	r6, r6, #2
10008370:	40b3      	lsls	r3, r6
10008372:	6846      	ldr	r6, [r0, #4]
10008374:	4333      	orrs	r3, r6
10008376:	6043      	str	r3, [r0, #4]
10008378:	e7b1      	b.n	100082de <_free_r+0x112>
1000837a:	22aa      	movs	r2, #170	@ 0xaa
1000837c:	0052      	lsls	r2, r2, #1
1000837e:	4294      	cmp	r4, r2
10008380:	d805      	bhi.n	1000838e <_free_r+0x1c2>
10008382:	0bdc      	lsrs	r4, r3, #15
10008384:	0026      	movs	r6, r4
10008386:	3478      	adds	r4, #120	@ 0x78
10008388:	3677      	adds	r6, #119	@ 0x77
1000838a:	00e4      	lsls	r4, r4, #3
1000838c:	e798      	b.n	100082c0 <_free_r+0xf4>
1000838e:	4a0a      	ldr	r2, [pc, #40]	@ (100083b8 <_free_r+0x1ec>)
10008390:	4294      	cmp	r4, r2
10008392:	d805      	bhi.n	100083a0 <_free_r+0x1d4>
10008394:	0c9c      	lsrs	r4, r3, #18
10008396:	0026      	movs	r6, r4
10008398:	347d      	adds	r4, #125	@ 0x7d
1000839a:	367c      	adds	r6, #124	@ 0x7c
1000839c:	00e4      	lsls	r4, r4, #3
1000839e:	e78f      	b.n	100082c0 <_free_r+0xf4>
100083a0:	24fe      	movs	r4, #254	@ 0xfe
100083a2:	267e      	movs	r6, #126	@ 0x7e
100083a4:	00a4      	lsls	r4, r4, #2
100083a6:	e78b      	b.n	100082c0 <_free_r+0xf4>
100083a8:	200011c0 	.word	0x200011c0
100083ac:	200011c8 	.word	0x200011c8
100083b0:	200011bc 	.word	0x200011bc
100083b4:	20001ad8 	.word	0x20001ad8
100083b8:	00000554 	.word	0x00000554

100083bc <_fwalk_sglue>:
100083bc:	b5f8      	push	{r3, r4, r5, r6, r7, lr}
100083be:	4647      	mov	r7, r8
100083c0:	46ce      	mov	lr, r9
100083c2:	4688      	mov	r8, r1
100083c4:	b580      	push	{r7, lr}
100083c6:	4681      	mov	r9, r0
100083c8:	0017      	movs	r7, r2
100083ca:	2600      	movs	r6, #0
100083cc:	687d      	ldr	r5, [r7, #4]
100083ce:	68bc      	ldr	r4, [r7, #8]
100083d0:	3d01      	subs	r5, #1
100083d2:	d40d      	bmi.n	100083f0 <_fwalk_sglue+0x34>
100083d4:	89a3      	ldrh	r3, [r4, #12]
100083d6:	2b01      	cmp	r3, #1
100083d8:	d907      	bls.n	100083ea <_fwalk_sglue+0x2e>
100083da:	220e      	movs	r2, #14
100083dc:	5ea3      	ldrsh	r3, [r4, r2]
100083de:	3301      	adds	r3, #1
100083e0:	d003      	beq.n	100083ea <_fwalk_sglue+0x2e>
100083e2:	0021      	movs	r1, r4
100083e4:	4648      	mov	r0, r9
100083e6:	47c0      	blx	r8
100083e8:	4306      	orrs	r6, r0
100083ea:	3468      	adds	r4, #104	@ 0x68
100083ec:	3d01      	subs	r5, #1
100083ee:	d2f1      	bcs.n	100083d4 <_fwalk_sglue+0x18>
100083f0:	683f      	ldr	r7, [r7, #0]
100083f2:	2f00      	cmp	r7, #0
100083f4:	d1ea      	bne.n	100083cc <_fwalk_sglue+0x10>
100083f6:	0030      	movs	r0, r6
100083f8:	bcc0      	pop	{r6, r7}
100083fa:	46b9      	mov	r9, r7
100083fc:	46b0      	mov	r8, r6
100083fe:	bdf8      	pop	{r3, r4, r5, r6, r7, pc}

10008400 <_fclose_r>:
10008400:	b570      	push	{r4, r5, r6, lr}
10008402:	0006      	movs	r6, r0
10008404:	1e0c      	subs	r4, r1, #0
10008406:	d03f      	beq.n	10008488 <_fclose_r+0x88>
10008408:	2800      	cmp	r0, #0
1000840a:	d002      	beq.n	10008412 <_fclose_r+0x12>
1000840c:	6b43      	ldr	r3, [r0, #52]	@ 0x34
1000840e:	2b00      	cmp	r3, #0
10008410:	d047      	beq.n	100084a2 <_fclose_r+0xa2>
10008412:	2501      	movs	r5, #1
10008414:	220c      	movs	r2, #12
10008416:	5ea3      	ldrsh	r3, [r4, r2]
10008418:	6e62      	ldr	r2, [r4, #100]	@ 0x64
1000841a:	422a      	tst	r2, r5
1000841c:	d132      	bne.n	10008484 <_fclose_r+0x84>
1000841e:	059b      	lsls	r3, r3, #22
10008420:	d542      	bpl.n	100084a8 <_fclose_r+0xa8>
10008422:	0021      	movs	r1, r4
10008424:	0030      	movs	r0, r6
10008426:	f7ff fc27 	bl	10007c78 <__sflush_r>
1000842a:	6ae3      	ldr	r3, [r4, #44]	@ 0x2c
1000842c:	0005      	movs	r5, r0
1000842e:	2b00      	cmp	r3, #0
10008430:	d004      	beq.n	1000843c <_fclose_r+0x3c>
10008432:	0030      	movs	r0, r6
10008434:	69e1      	ldr	r1, [r4, #28]
10008436:	4798      	blx	r3
10008438:	2800      	cmp	r0, #0
1000843a:	db28      	blt.n	1000848e <_fclose_r+0x8e>
1000843c:	89a3      	ldrh	r3, [r4, #12]
1000843e:	061b      	lsls	r3, r3, #24
10008440:	d42a      	bmi.n	10008498 <_fclose_r+0x98>
10008442:	6b21      	ldr	r1, [r4, #48]	@ 0x30
10008444:	2900      	cmp	r1, #0
10008446:	d008      	beq.n	1000845a <_fclose_r+0x5a>
10008448:	0023      	movs	r3, r4
1000844a:	3340      	adds	r3, #64	@ 0x40
1000844c:	4299      	cmp	r1, r3
1000844e:	d002      	beq.n	10008456 <_fclose_r+0x56>
10008450:	0030      	movs	r0, r6
10008452:	f7ff febb 	bl	100081cc <_free_r>
10008456:	2300      	movs	r3, #0
10008458:	6323      	str	r3, [r4, #48]	@ 0x30
1000845a:	6c61      	ldr	r1, [r4, #68]	@ 0x44
1000845c:	2900      	cmp	r1, #0
1000845e:	d004      	beq.n	1000846a <_fclose_r+0x6a>
10008460:	0030      	movs	r0, r6
10008462:	f7ff feb3 	bl	100081cc <_free_r>
10008466:	2300      	movs	r3, #0
10008468:	6463      	str	r3, [r4, #68]	@ 0x44
1000846a:	f7ff fde9 	bl	10008040 <__sfp_lock_acquire>
1000846e:	2300      	movs	r3, #0
10008470:	81a3      	strh	r3, [r4, #12]
10008472:	6e63      	ldr	r3, [r4, #100]	@ 0x64
10008474:	07db      	lsls	r3, r3, #31
10008476:	d525      	bpl.n	100084c4 <_fclose_r+0xc4>
10008478:	6da0      	ldr	r0, [r4, #88]	@ 0x58
1000847a:	f7ff fe19 	bl	100080b0 <__retarget_lock_close_recursive>
1000847e:	f7ff fde7 	bl	10008050 <__sfp_lock_release>
10008482:	e002      	b.n	1000848a <_fclose_r+0x8a>
10008484:	2b00      	cmp	r3, #0
10008486:	d1cc      	bne.n	10008422 <_fclose_r+0x22>
10008488:	2500      	movs	r5, #0
1000848a:	0028      	movs	r0, r5
1000848c:	bd70      	pop	{r4, r5, r6, pc}
1000848e:	2501      	movs	r5, #1
10008490:	89a3      	ldrh	r3, [r4, #12]
10008492:	426d      	negs	r5, r5
10008494:	061b      	lsls	r3, r3, #24
10008496:	d5d4      	bpl.n	10008442 <_fclose_r+0x42>
10008498:	0030      	movs	r0, r6
1000849a:	6921      	ldr	r1, [r4, #16]
1000849c:	f7ff fe96 	bl	100081cc <_free_r>
100084a0:	e7cf      	b.n	10008442 <_fclose_r+0x42>
100084a2:	f7ff fdb1 	bl	10008008 <__sinit>
100084a6:	e7b4      	b.n	10008412 <_fclose_r+0x12>
100084a8:	6da0      	ldr	r0, [r4, #88]	@ 0x58
100084aa:	f7ff fe03 	bl	100080b4 <__retarget_lock_acquire_recursive>
100084ae:	220c      	movs	r2, #12
100084b0:	5ea3      	ldrsh	r3, [r4, r2]
100084b2:	2b00      	cmp	r3, #0
100084b4:	d1b5      	bne.n	10008422 <_fclose_r+0x22>
100084b6:	6e63      	ldr	r3, [r4, #100]	@ 0x64
100084b8:	422b      	tst	r3, r5
100084ba:	d1e5      	bne.n	10008488 <_fclose_r+0x88>
100084bc:	6da0      	ldr	r0, [r4, #88]	@ 0x58
100084be:	f7ff fdfb 	bl	100080b8 <__retarget_lock_release_recursive>
100084c2:	e7e1      	b.n	10008488 <_fclose_r+0x88>
100084c4:	6da0      	ldr	r0, [r4, #88]	@ 0x58
100084c6:	f7ff fdf7 	bl	100080b8 <__retarget_lock_release_recursive>
100084ca:	e7d5      	b.n	10008478 <_fclose_r+0x78>

100084cc <__sread>:
100084cc:	b570      	push	{r4, r5, r6, lr}
100084ce:	000c      	movs	r4, r1
100084d0:	250e      	movs	r5, #14
100084d2:	5f49      	ldrsh	r1, [r1, r5]
100084d4:	f000 f870 	bl	100085b8 <_read_r>
100084d8:	2800      	cmp	r0, #0
100084da:	db03      	blt.n	100084e4 <__sread+0x18>
100084dc:	6d23      	ldr	r3, [r4, #80]	@ 0x50
100084de:	181b      	adds	r3, r3, r0
100084e0:	6523      	str	r3, [r4, #80]	@ 0x50
100084e2:	bd70      	pop	{r4, r5, r6, pc}
100084e4:	89a3      	ldrh	r3, [r4, #12]
100084e6:	4a02      	ldr	r2, [pc, #8]	@ (100084f0 <__sread+0x24>)
100084e8:	4013      	ands	r3, r2
100084ea:	81a3      	strh	r3, [r4, #12]
100084ec:	e7f9      	b.n	100084e2 <__sread+0x16>
100084ee:	46c0      	nop			@ (mov r8, r8)
100084f0:	ffffefff 	.word	0xffffefff

100084f4 <__swrite>:
100084f4:	b5f8      	push	{r3, r4, r5, r6, r7, lr}
100084f6:	000c      	movs	r4, r1
100084f8:	001f      	movs	r7, r3
100084fa:	230c      	movs	r3, #12
100084fc:	5ec9      	ldrsh	r1, [r1, r3]
100084fe:	0005      	movs	r5, r0
10008500:	0016      	movs	r6, r2
10008502:	05cb      	lsls	r3, r1, #23
10008504:	d40a      	bmi.n	1000851c <__swrite+0x28>
10008506:	4b0a      	ldr	r3, [pc, #40]	@ (10008530 <__swrite+0x3c>)
10008508:	0032      	movs	r2, r6
1000850a:	4019      	ands	r1, r3
1000850c:	0028      	movs	r0, r5
1000850e:	81a1      	strh	r1, [r4, #12]
10008510:	230e      	movs	r3, #14
10008512:	5ee1      	ldrsh	r1, [r4, r3]
10008514:	003b      	movs	r3, r7
10008516:	f000 f863 	bl	100085e0 <_write_r>
1000851a:	bdf8      	pop	{r3, r4, r5, r6, r7, pc}
1000851c:	230e      	movs	r3, #14
1000851e:	5ee1      	ldrsh	r1, [r4, r3]
10008520:	2200      	movs	r2, #0
10008522:	2302      	movs	r3, #2
10008524:	f000 f834 	bl	10008590 <_lseek_r>
10008528:	230c      	movs	r3, #12
1000852a:	5ee1      	ldrsh	r1, [r4, r3]
1000852c:	e7eb      	b.n	10008506 <__swrite+0x12>
1000852e:	46c0      	nop			@ (mov r8, r8)
10008530:	ffffefff 	.word	0xffffefff

10008534 <__sseek>:
10008534:	b570      	push	{r4, r5, r6, lr}
10008536:	000c      	movs	r4, r1
10008538:	250e      	movs	r5, #14
1000853a:	5f49      	ldrsh	r1, [r1, r5]
1000853c:	f000 f828 	bl	10008590 <_lseek_r>
10008540:	220c      	movs	r2, #12
10008542:	5ea3      	ldrsh	r3, [r4, r2]
10008544:	1c42      	adds	r2, r0, #1
10008546:	d005      	beq.n	10008554 <__sseek+0x20>
10008548:	2280      	movs	r2, #128	@ 0x80
1000854a:	0152      	lsls	r2, r2, #5
1000854c:	4313      	orrs	r3, r2
1000854e:	6520      	str	r0, [r4, #80]	@ 0x50
10008550:	81a3      	strh	r3, [r4, #12]
10008552:	bd70      	pop	{r4, r5, r6, pc}
10008554:	4a01      	ldr	r2, [pc, #4]	@ (1000855c <__sseek+0x28>)
10008556:	4013      	ands	r3, r2
10008558:	e7fa      	b.n	10008550 <__sseek+0x1c>
1000855a:	46c0      	nop			@ (mov r8, r8)
1000855c:	ffffefff 	.word	0xffffefff

10008560 <__sclose>:
10008560:	b510      	push	{r4, lr}
10008562:	230e      	movs	r3, #14
10008564:	5ec9      	ldrsh	r1, [r1, r3]
10008566:	f000 f801 	bl	1000856c <_close_r>
1000856a:	bd10      	pop	{r4, pc}

1000856c <_close_r>:
1000856c:	2300      	movs	r3, #0
1000856e:	b570      	push	{r4, r5, r6, lr}
10008570:	4c06      	ldr	r4, [pc, #24]	@ (1000858c <_close_r+0x20>)
10008572:	0005      	movs	r5, r0
10008574:	0008      	movs	r0, r1
10008576:	6023      	str	r3, [r4, #0]
10008578:	f7fb fe1e 	bl	100041b8 <_close>
1000857c:	1c43      	adds	r3, r0, #1
1000857e:	d000      	beq.n	10008582 <_close_r+0x16>
10008580:	bd70      	pop	{r4, r5, r6, pc}
10008582:	6823      	ldr	r3, [r4, #0]
10008584:	2b00      	cmp	r3, #0
10008586:	d0fb      	beq.n	10008580 <_close_r+0x14>
10008588:	602b      	str	r3, [r5, #0]
1000858a:	e7f9      	b.n	10008580 <_close_r+0x14>
1000858c:	20002318 	.word	0x20002318

10008590 <_lseek_r>:
10008590:	b570      	push	{r4, r5, r6, lr}
10008592:	0004      	movs	r4, r0
10008594:	0008      	movs	r0, r1
10008596:	0011      	movs	r1, r2
10008598:	001a      	movs	r2, r3
1000859a:	2300      	movs	r3, #0
1000859c:	4d05      	ldr	r5, [pc, #20]	@ (100085b4 <_lseek_r+0x24>)
1000859e:	602b      	str	r3, [r5, #0]
100085a0:	f7fb fe0e 	bl	100041c0 <_lseek>
100085a4:	1c43      	adds	r3, r0, #1
100085a6:	d000      	beq.n	100085aa <_lseek_r+0x1a>
100085a8:	bd70      	pop	{r4, r5, r6, pc}
100085aa:	682b      	ldr	r3, [r5, #0]
100085ac:	2b00      	cmp	r3, #0
100085ae:	d0fb      	beq.n	100085a8 <_lseek_r+0x18>
100085b0:	6023      	str	r3, [r4, #0]
100085b2:	e7f9      	b.n	100085a8 <_lseek_r+0x18>
100085b4:	20002318 	.word	0x20002318

100085b8 <_read_r>:
100085b8:	b570      	push	{r4, r5, r6, lr}
100085ba:	0004      	movs	r4, r0
100085bc:	0008      	movs	r0, r1
100085be:	0011      	movs	r1, r2
100085c0:	001a      	movs	r2, r3
100085c2:	2300      	movs	r3, #0
100085c4:	4d05      	ldr	r5, [pc, #20]	@ (100085dc <_read_r+0x24>)
100085c6:	602b      	str	r3, [r5, #0]
100085c8:	f7fb fdd2 	bl	10004170 <_read>
100085cc:	1c43      	adds	r3, r0, #1
100085ce:	d000      	beq.n	100085d2 <_read_r+0x1a>
100085d0:	bd70      	pop	{r4, r5, r6, pc}
100085d2:	682b      	ldr	r3, [r5, #0]
100085d4:	2b00      	cmp	r3, #0
100085d6:	d0fb      	beq.n	100085d0 <_read_r+0x18>
100085d8:	6023      	str	r3, [r4, #0]
100085da:	e7f9      	b.n	100085d0 <_read_r+0x18>
100085dc:	20002318 	.word	0x20002318

100085e0 <_write_r>:
100085e0:	b570      	push	{r4, r5, r6, lr}
100085e2:	0004      	movs	r4, r0
100085e4:	0008      	movs	r0, r1
100085e6:	0011      	movs	r1, r2
100085e8:	001a      	movs	r2, r3
100085ea:	2300      	movs	r3, #0
100085ec:	4d05      	ldr	r5, [pc, #20]	@ (10008604 <_write_r+0x24>)
100085ee:	602b      	str	r3, [r5, #0]
100085f0:	f7fb fdd0 	bl	10004194 <_write>
100085f4:	1c43      	adds	r3, r0, #1
100085f6:	d000      	beq.n	100085fa <_write_r+0x1a>
100085f8:	bd70      	pop	{r4, r5, r6, pc}
100085fa:	682b      	ldr	r3, [r5, #0]
100085fc:	2b00      	cmp	r3, #0
100085fe:	d0fb      	beq.n	100085f8 <_write_r+0x18>
10008600:	6023      	str	r3, [r4, #0]
10008602:	e7f9      	b.n	100085f8 <_write_r+0x18>
10008604:	20002318 	.word	0x20002318

10008608 <_fini>:
10008608:	b5f8      	push	{r3, r4, r5, r6, r7, lr}
1000860a:	46c0      	nop			@ (mov r8, r8)
1000860c:	0000      	movs	r0, r0
	...

10008610 <__e15_is_bulkin_ep_veneer>:
10008610:	b401      	push	{r0}
10008612:	4802      	ldr	r0, [pc, #8]	@ (1000861c <__e15_is_bulkin_ep_veneer+0xc>)
10008614:	4684      	mov	ip, r0
10008616:	bc01      	pop	{r0}
10008618:	4760      	bx	ip
1000861a:	bf00      	nop
1000861c:	20000c19 	.word	0x20000c19

10008620 <__flash_do_cmd_veneer>:
10008620:	b401      	push	{r0}
10008622:	4802      	ldr	r0, [pc, #8]	@ (1000862c <__flash_do_cmd_veneer+0xc>)
10008624:	4684      	mov	ip, r0
10008626:	bc01      	pop	{r0}
10008628:	4760      	bx	ip
1000862a:	bf00      	nop
1000862c:	20000301 	.word	0x20000301

10008630 <__spi_read_blocking_veneer>:
10008630:	b401      	push	{r0}
10008632:	4802      	ldr	r0, [pc, #8]	@ (1000863c <__spi_read_blocking_veneer+0xc>)
10008634:	4684      	mov	ip, r0
10008636:	bc01      	pop	{r0}
10008638:	4760      	bx	ip
1000863a:	bf00      	nop
1000863c:	20000fa9 	.word	0x20000fa9

10008640 <__mutex_exit_veneer>:
10008640:	b401      	push	{r0}
10008642:	4802      	ldr	r0, [pc, #8]	@ (1000864c <__mutex_exit_veneer+0xc>)
10008644:	4684      	mov	ip, r0
10008646:	bc01      	pop	{r0}
10008648:	4760      	bx	ip
1000864a:	bf00      	nop
1000864c:	20000225 	.word	0x20000225

10008650 <____aeabi_ldiv0_veneer>:
10008650:	b401      	push	{r0}
10008652:	4802      	ldr	r0, [pc, #8]	@ (1000865c <____aeabi_ldiv0_veneer+0xc>)
10008654:	4684      	mov	ip, r0
10008656:	bc01      	pop	{r0}
10008658:	4760      	bx	ip
1000865a:	bf00      	nop
1000865c:	20001051 	.word	0x20001051

10008660 <____aeabi_idiv0_veneer>:
10008660:	b401      	push	{r0}
10008662:	4802      	ldr	r0, [pc, #8]	@ (1000866c <____aeabi_idiv0_veneer+0xc>)
10008664:	4684      	mov	ip, r0
10008666:	bc01      	pop	{r0}
10008668:	4760      	bx	ip
1000866a:	bf00      	nop
1000866c:	20001051 	.word	0x20001051

10008670 <__mutex_try_enter_veneer>:
10008670:	b401      	push	{r0}
10008672:	4802      	ldr	r0, [pc, #8]	@ (1000867c <__mutex_try_enter_veneer+0xc>)
10008674:	4684      	mov	ip, r0
10008676:	bc01      	pop	{r0}
10008678:	4760      	bx	ip
1000867a:	bf00      	nop
1000867c:	200000c1 	.word	0x200000c1

10008680 <__mutex_enter_timeout_ms_veneer>:
10008680:	b401      	push	{r0}
10008682:	4802      	ldr	r0, [pc, #8]	@ (1000868c <__mutex_enter_timeout_ms_veneer+0xc>)
10008684:	4684      	mov	ip, r0
10008686:	bc01      	pop	{r0}
10008688:	4760      	bx	ip
1000868a:	bf00      	nop
1000868c:	20000199 	.word	0x20000199

10008690 <__spi_write_blocking_veneer>:
10008690:	b401      	push	{r0}
10008692:	4802      	ldr	r0, [pc, #8]	@ (1000869c <__spi_write_blocking_veneer+0xc>)
10008694:	4684      	mov	ip, r0
10008696:	bc01      	pop	{r0}
10008698:	4760      	bx	ip
1000869a:	bf00      	nop
1000869c:	20000f5d 	.word	0x20000f5d

100086a0 <__mutex_try_enter_block_until_veneer>:
100086a0:	b401      	push	{r0}
100086a2:	4802      	ldr	r0, [pc, #8]	@ (100086ac <__mutex_try_enter_block_until_veneer+0xc>)
100086a4:	4684      	mov	ip, r0
100086a6:	bc01      	pop	{r0}
100086a8:	4760      	bx	ip
100086aa:	bf00      	nop
100086ac:	20000101 	.word	0x20000101

100086b0 <__hw_endpoint_start_next_buffer_veneer>:
100086b0:	b401      	push	{r0}
100086b2:	4802      	ldr	r0, [pc, #8]	@ (100086bc <__hw_endpoint_start_next_buffer_veneer+0xc>)
100086b4:	4684      	mov	ip, r0
100086b6:	bc01      	pop	{r0}
100086b8:	4760      	bx	ip
100086ba:	bf00      	nop
100086bc:	20000cd1 	.word	0x20000cd1

100086c0 <__e15_is_critical_frame_period_veneer>:
100086c0:	b401      	push	{r0}
100086c2:	4802      	ldr	r0, [pc, #8]	@ (100086cc <__e15_is_critical_frame_period_veneer+0xc>)
100086c4:	4684      	mov	ip, r0
100086c6:	bc01      	pop	{r0}
100086c8:	4760      	bx	ip
100086ca:	bf00      	nop
100086cc:	20000c41 	.word	0x20000c41

100086d0 <___hw_endpoint_buffer_control_update32_veneer>:
100086d0:	b401      	push	{r0}
100086d2:	4802      	ldr	r0, [pc, #8]	@ (100086dc <___hw_endpoint_buffer_control_update32_veneer+0xc>)
100086d4:	4684      	mov	ip, r0
100086d6:	bc01      	pop	{r0}
100086d8:	4760      	bx	ip
100086da:	bf00      	nop
100086dc:	20000c81 	.word	0x20000c81

100086e0 <__reset_non_control_endpoints_veneer>:
100086e0:	b401      	push	{r0}
100086e2:	4802      	ldr	r0, [pc, #8]	@ (100086ec <__reset_non_control_endpoints_veneer+0xc>)
100086e4:	4684      	mov	ip, r0
100086e6:	bc01      	pop	{r0}
100086e8:	4760      	bx	ip
100086ea:	bf00      	nop
100086ec:	2000043d 	.word	0x2000043d

100086f0 <__pre_init_runtime_init_early_resets>:
100086f0:	100018a1                                ....

100086f4 <__pre_init_runtime_init_usb_power_down>:
100086f4:	100018cd 10001ab1 1000281d 10002155     .........(..U!..
10008704:	1000278d                                .'..

10008708 <__pre_init_runtime_init_clocks>:
10008708:	100019d9                                ....

1000870c <__pre_init_runtime_init_post_clock_resets>:
1000870c:	100018e9                                ....

10008710 <__pre_init_runtime_init_rp2040_gpio_ie_disable>:
10008710:	10001909                                ....

10008714 <__pre_init_runtime_init_spin_locks_reset>:
10008714:	1000191d                                ....

10008718 <__pre_init_runtime_init_mutex>:
10008718:	1000091d                                ....

1000871c <__pre_init_runtime_init_install_ram_vector_table>:
1000871c:	10001925                                %...

10008720 <__pre_init_runtime_init_default_alarm_pool>:
10008720:	10000ce9                                ....

10008724 <__pre_init_first_per_core_initializer>:
10008724:	10001869                                i...

10008728 <__pre_init_runtime_init_per_core_irq_priorities>:
10008728:	10000551                                Q...

1000872c <__init_array_start>:
1000872c:	10004cbd 	.word	0x10004cbd

10008730 <__frame_dummy_init_array_entry>:
10008730:	100002b1                                ....

Disassembly of section .data:

200000c0 <mutex_try_enter>:
200000c0:	0003      	movs	r3, r0
200000c2:	6800      	ldr	r0, [r0, #0]
200000c4:	f3ef 8c10 	mrs	ip, PRIMASK
200000c8:	b672      	cpsid	i
200000ca:	6802      	ldr	r2, [r0, #0]
200000cc:	2a00      	cmp	r2, #0
200000ce:	d0fc      	beq.n	200000ca <mutex_try_enter+0xa>
200000d0:	f3bf 8f5f 	dmb	sy
200000d4:	2204      	movs	r2, #4
200000d6:	569a      	ldrsb	r2, [r3, r2]
200000d8:	2a00      	cmp	r2, #0
200000da:	db0b      	blt.n	200000f4 <mutex_try_enter+0x34>
200000dc:	2900      	cmp	r1, #0
200000de:	d000      	beq.n	200000e2 <mutex_try_enter+0x22>
200000e0:	600a      	str	r2, [r1, #0]
200000e2:	2000      	movs	r0, #0
200000e4:	681b      	ldr	r3, [r3, #0]
200000e6:	f3bf 8f5f 	dmb	sy
200000ea:	2200      	movs	r2, #0
200000ec:	601a      	str	r2, [r3, #0]
200000ee:	f38c 8810 	msr	PRIMASK, ip
200000f2:	4770      	bx	lr
200000f4:	22d0      	movs	r2, #208	@ 0xd0
200000f6:	0612      	lsls	r2, r2, #24
200000f8:	6812      	ldr	r2, [r2, #0]
200000fa:	2001      	movs	r0, #1
200000fc:	711a      	strb	r2, [r3, #4]
200000fe:	e7f1      	b.n	200000e4 <mutex_try_enter+0x24>

20000100 <mutex_try_enter_block_until>:
20000100:	b5f0      	push	{r4, r5, r6, r7, lr}
20000102:	46c6      	mov	lr, r8
20000104:	0015      	movs	r5, r2
20000106:	b500      	push	{lr}
20000108:	0004      	movs	r4, r0
2000010a:	001e      	movs	r6, r3
2000010c:	6802      	ldr	r2, [r0, #0]
2000010e:	f3ef 8110 	mrs	r1, PRIMASK
20000112:	b672      	cpsid	i
20000114:	6813      	ldr	r3, [r2, #0]
20000116:	2b00      	cmp	r3, #0
20000118:	d0fc      	beq.n	20000114 <mutex_try_enter_block_until+0x14>
2000011a:	f3bf 8f5f 	dmb	sy
2000011e:	2304      	movs	r3, #4
20000120:	56e3      	ldrsb	r3, [r4, r3]
20000122:	6822      	ldr	r2, [r4, #0]
20000124:	2b00      	cmp	r3, #0
20000126:	db2b      	blt.n	20000180 <mutex_try_enter_block_until+0x80>
20000128:	f3bf 8f5f 	dmb	sy
2000012c:	2000      	movs	r0, #0
2000012e:	6010      	str	r0, [r2, #0]
20000130:	f381 8810 	msr	PRIMASK, r1
20000134:	22d0      	movs	r2, #208	@ 0xd0
20000136:	0612      	lsls	r2, r2, #24
20000138:	7812      	ldrb	r2, [r2, #0]
2000013a:	2700      	movs	r7, #0
2000013c:	b252      	sxtb	r2, r2
2000013e:	4690      	mov	r8, r2
20000140:	429a      	cmp	r2, r3
20000142:	d10e      	bne.n	20000162 <mutex_try_enter_block_until+0x62>
20000144:	2000      	movs	r0, #0
20000146:	bc80      	pop	{r7}
20000148:	46b8      	mov	r8, r7
2000014a:	bdf0      	pop	{r4, r5, r6, r7, pc}
2000014c:	f3bf 8f5f 	dmb	sy
20000150:	6017      	str	r7, [r2, #0]
20000152:	f381 8810 	msr	PRIMASK, r1
20000156:	0028      	movs	r0, r5
20000158:	0031      	movs	r1, r6
2000015a:	f000 ff95 	bl	20001088 <__best_effort_wfe_or_timeout_veneer>
2000015e:	2800      	cmp	r0, #0
20000160:	d1f0      	bne.n	20000144 <mutex_try_enter_block_until+0x44>
20000162:	6822      	ldr	r2, [r4, #0]
20000164:	f3ef 8110 	mrs	r1, PRIMASK
20000168:	b672      	cpsid	i
2000016a:	6813      	ldr	r3, [r2, #0]
2000016c:	2b00      	cmp	r3, #0
2000016e:	d0fc      	beq.n	2000016a <mutex_try_enter_block_until+0x6a>
20000170:	f3bf 8f5f 	dmb	sy
20000174:	7923      	ldrb	r3, [r4, #4]
20000176:	6822      	ldr	r2, [r4, #0]
20000178:	2b7f      	cmp	r3, #127	@ 0x7f
2000017a:	d9e7      	bls.n	2000014c <mutex_try_enter_block_until+0x4c>
2000017c:	4643      	mov	r3, r8
2000017e:	e002      	b.n	20000186 <mutex_try_enter_block_until+0x86>
20000180:	23d0      	movs	r3, #208	@ 0xd0
20000182:	061b      	lsls	r3, r3, #24
20000184:	681b      	ldr	r3, [r3, #0]
20000186:	7123      	strb	r3, [r4, #4]
20000188:	f3bf 8f5f 	dmb	sy
2000018c:	2300      	movs	r3, #0
2000018e:	6013      	str	r3, [r2, #0]
20000190:	f381 8810 	msr	PRIMASK, r1
20000194:	2001      	movs	r0, #1
20000196:	e7d6      	b.n	20000146 <mutex_try_enter_block_until+0x46>

20000198 <mutex_enter_timeout_ms>:
20000198:	b5f0      	push	{r4, r5, r6, r7, lr}
2000019a:	46c6      	mov	lr, r8
2000019c:	b500      	push	{lr}
2000019e:	000d      	movs	r5, r1
200001a0:	0004      	movs	r4, r0
200001a2:	f000 ff79 	bl	20001098 <__time_us_64_veneer>
200001a6:	22fa      	movs	r2, #250	@ 0xfa
200001a8:	0006      	movs	r6, r0
200001aa:	000f      	movs	r7, r1
200001ac:	2300      	movs	r3, #0
200001ae:	0028      	movs	r0, r5
200001b0:	2100      	movs	r1, #0
200001b2:	0092      	lsls	r2, r2, #2
200001b4:	f000 ff88 	bl	200010c8 <____wrap___aeabi_lmul_veneer>
200001b8:	1836      	adds	r6, r6, r0
200001ba:	414f      	adcs	r7, r1
200001bc:	2f00      	cmp	r7, #0
200001be:	da02      	bge.n	200001c6 <mutex_enter_timeout_ms+0x2e>
200001c0:	2601      	movs	r6, #1
200001c2:	4f17      	ldr	r7, [pc, #92]	@ (20000220 <mutex_enter_timeout_ms+0x88>)
200001c4:	4276      	negs	r6, r6
200001c6:	23d0      	movs	r3, #208	@ 0xd0
200001c8:	061b      	lsls	r3, r3, #24
200001ca:	681b      	ldr	r3, [r3, #0]
200001cc:	2500      	movs	r5, #0
200001ce:	4698      	mov	r8, r3
200001d0:	e00a      	b.n	200001e8 <mutex_enter_timeout_ms+0x50>
200001d2:	f3bf 8f5f 	dmb	sy
200001d6:	6015      	str	r5, [r2, #0]
200001d8:	f381 8810 	msr	PRIMASK, r1
200001dc:	0030      	movs	r0, r6
200001de:	0039      	movs	r1, r7
200001e0:	f000 ff52 	bl	20001088 <__best_effort_wfe_or_timeout_veneer>
200001e4:	2800      	cmp	r0, #0
200001e6:	d118      	bne.n	2000021a <mutex_enter_timeout_ms+0x82>
200001e8:	6822      	ldr	r2, [r4, #0]
200001ea:	f3ef 8110 	mrs	r1, PRIMASK
200001ee:	b672      	cpsid	i
200001f0:	6813      	ldr	r3, [r2, #0]
200001f2:	2b00      	cmp	r3, #0
200001f4:	d0fc      	beq.n	200001f0 <mutex_enter_timeout_ms+0x58>
200001f6:	f3bf 8f5f 	dmb	sy
200001fa:	7923      	ldrb	r3, [r4, #4]
200001fc:	6822      	ldr	r2, [r4, #0]
200001fe:	2b7f      	cmp	r3, #127	@ 0x7f
20000200:	d9e7      	bls.n	200001d2 <mutex_enter_timeout_ms+0x3a>
20000202:	4643      	mov	r3, r8
20000204:	7123      	strb	r3, [r4, #4]
20000206:	f3bf 8f5f 	dmb	sy
2000020a:	2300      	movs	r3, #0
2000020c:	6013      	str	r3, [r2, #0]
2000020e:	f381 8810 	msr	PRIMASK, r1
20000212:	2001      	movs	r0, #1
20000214:	bc80      	pop	{r7}
20000216:	46b8      	mov	r8, r7
20000218:	bdf0      	pop	{r4, r5, r6, r7, pc}
2000021a:	2000      	movs	r0, #0
2000021c:	e7fa      	b.n	20000214 <mutex_enter_timeout_ms+0x7c>
2000021e:	46c0      	nop			@ (mov r8, r8)
20000220:	7fffffff 	.word	0x7fffffff

20000224 <mutex_exit>:
20000224:	6802      	ldr	r2, [r0, #0]
20000226:	f3ef 8110 	mrs	r1, PRIMASK
2000022a:	b672      	cpsid	i
2000022c:	6813      	ldr	r3, [r2, #0]
2000022e:	2b00      	cmp	r3, #0
20000230:	d0fc      	beq.n	2000022c <mutex_exit+0x8>
20000232:	f3bf 8f5f 	dmb	sy
20000236:	23ff      	movs	r3, #255	@ 0xff
20000238:	7103      	strb	r3, [r0, #4]
2000023a:	6803      	ldr	r3, [r0, #0]
2000023c:	f3bf 8f5f 	dmb	sy
20000240:	2200      	movs	r2, #0
20000242:	601a      	str	r2, [r3, #0]
20000244:	f381 8810 	msr	PRIMASK, r1
20000248:	bf40      	sev
2000024a:	4770      	bx	lr

2000024c <flash_init_boot2_copyout>:
2000024c:	b510      	push	{r4, lr}
2000024e:	4c08      	ldr	r4, [pc, #32]	@ (20000270 <flash_init_boot2_copyout+0x24>)
20000250:	7823      	ldrb	r3, [r4, #0]
20000252:	2b00      	cmp	r3, #0
20000254:	d10a      	bne.n	2000026c <flash_init_boot2_copyout+0x20>
20000256:	2380      	movs	r3, #128	@ 0x80
20000258:	4806      	ldr	r0, [pc, #24]	@ (20000274 <flash_init_boot2_copyout+0x28>)
2000025a:	4907      	ldr	r1, [pc, #28]	@ (20000278 <flash_init_boot2_copyout+0x2c>)
2000025c:	055b      	lsls	r3, r3, #21
2000025e:	681a      	ldr	r2, [r3, #0]
20000260:	50c2      	str	r2, [r0, r3]
20000262:	3304      	adds	r3, #4
20000264:	428b      	cmp	r3, r1
20000266:	d1fa      	bne.n	2000025e <flash_init_boot2_copyout+0x12>
20000268:	2301      	movs	r3, #1
2000026a:	7023      	strb	r3, [r4, #0]
2000026c:	bd10      	pop	{r4, pc}
2000026e:	46c0      	nop			@ (mov r8, r8)
20000270:	20002790 	.word	0x20002790
20000274:	100021b0 	.word	0x100021b0
20000278:	10000100 	.word	0x10000100

2000027c <flash_enable_xip_via_boot2>:
2000027c:	b510      	push	{r4, lr}
2000027e:	4b01      	ldr	r3, [pc, #4]	@ (20000284 <flash_enable_xip_via_boot2+0x8>)
20000280:	4798      	blx	r3
20000282:	bd10      	pop	{r4, pc}
20000284:	200021b1 	.word	0x200021b1

20000288 <flash_save_hardware_state>:
20000288:	4b06      	ldr	r3, [pc, #24]	@ (200002a4 <flash_save_hardware_state+0x1c>)
2000028a:	685a      	ldr	r2, [r3, #4]
2000028c:	6002      	str	r2, [r0, #0]
2000028e:	689a      	ldr	r2, [r3, #8]
20000290:	6042      	str	r2, [r0, #4]
20000292:	68da      	ldr	r2, [r3, #12]
20000294:	6082      	str	r2, [r0, #8]
20000296:	691a      	ldr	r2, [r3, #16]
20000298:	60c2      	str	r2, [r0, #12]
2000029a:	695a      	ldr	r2, [r3, #20]
2000029c:	6102      	str	r2, [r0, #16]
2000029e:	699b      	ldr	r3, [r3, #24]
200002a0:	6143      	str	r3, [r0, #20]
200002a2:	4770      	bx	lr
200002a4:	40020000 	.word	0x40020000

200002a8 <flash_restore_hardware_state>:
200002a8:	6802      	ldr	r2, [r0, #0]
200002aa:	4b06      	ldr	r3, [pc, #24]	@ (200002c4 <flash_restore_hardware_state+0x1c>)
200002ac:	605a      	str	r2, [r3, #4]
200002ae:	6842      	ldr	r2, [r0, #4]
200002b0:	609a      	str	r2, [r3, #8]
200002b2:	6882      	ldr	r2, [r0, #8]
200002b4:	60da      	str	r2, [r3, #12]
200002b6:	68c2      	ldr	r2, [r0, #12]
200002b8:	611a      	str	r2, [r3, #16]
200002ba:	6902      	ldr	r2, [r0, #16]
200002bc:	615a      	str	r2, [r3, #20]
200002be:	6942      	ldr	r2, [r0, #20]
200002c0:	619a      	str	r2, [r3, #24]
200002c2:	4770      	bx	lr
200002c4:	40020000 	.word	0x40020000

200002c8 <flash_cs_force.constprop.0>:
200002c8:	4b03      	ldr	r3, [pc, #12]	@ (200002d8 <flash_cs_force.constprop.0+0x10>)
200002ca:	681a      	ldr	r2, [r3, #0]
200002cc:	23c0      	movs	r3, #192	@ 0xc0
200002ce:	009b      	lsls	r3, r3, #2
200002d0:	4393      	bics	r3, r2
200002d2:	4a02      	ldr	r2, [pc, #8]	@ (200002dc <flash_cs_force.constprop.0+0x14>)
200002d4:	6013      	str	r3, [r2, #0]
200002d6:	4770      	bx	lr
200002d8:	4001800c 	.word	0x4001800c
200002dc:	4001900c 	.word	0x4001900c

200002e0 <flash_cs_force.constprop.1>:
200002e0:	4b05      	ldr	r3, [pc, #20]	@ (200002f8 <flash_cs_force.constprop.1+0x18>)
200002e2:	681a      	ldr	r2, [r3, #0]
200002e4:	2380      	movs	r3, #128	@ 0x80
200002e6:	009b      	lsls	r3, r3, #2
200002e8:	4053      	eors	r3, r2
200002ea:	22c0      	movs	r2, #192	@ 0xc0
200002ec:	0092      	lsls	r2, r2, #2
200002ee:	4013      	ands	r3, r2
200002f0:	4a02      	ldr	r2, [pc, #8]	@ (200002fc <flash_cs_force.constprop.1+0x1c>)
200002f2:	6013      	str	r3, [r2, #0]
200002f4:	4770      	bx	lr
200002f6:	46c0      	nop			@ (mov r8, r8)
200002f8:	4001800c 	.word	0x4001800c
200002fc:	4001900c 	.word	0x4001900c

20000300 <flash_do_cmd>:
20000300:	2300      	movs	r3, #0
20000302:	b5f0      	push	{r4, r5, r6, r7, lr}
20000304:	46de      	mov	lr, fp
20000306:	4657      	mov	r7, sl
20000308:	464e      	mov	r6, r9
2000030a:	4645      	mov	r5, r8
2000030c:	469a      	mov	sl, r3
2000030e:	b5e0      	push	{r5, r6, r7, lr}
20000310:	b089      	sub	sp, #36	@ 0x24
20000312:	9001      	str	r0, [sp, #4]
20000314:	000e      	movs	r6, r1
20000316:	8a98      	ldrh	r0, [r3, #20]
20000318:	4945      	ldr	r1, [pc, #276]	@ (20000430 <flash_do_cmd+0x130>)
2000031a:	8b1b      	ldrh	r3, [r3, #24]
2000031c:	0014      	movs	r4, r2
2000031e:	4798      	blx	r3
20000320:	4653      	mov	r3, sl
20000322:	4681      	mov	r9, r0
20000324:	4943      	ldr	r1, [pc, #268]	@ (20000434 <flash_do_cmd+0x134>)
20000326:	8a98      	ldrh	r0, [r3, #20]
20000328:	8b1b      	ldrh	r3, [r3, #24]
2000032a:	4798      	blx	r3
2000032c:	4653      	mov	r3, sl
2000032e:	4942      	ldr	r1, [pc, #264]	@ (20000438 <flash_do_cmd+0x138>)
20000330:	0005      	movs	r5, r0
20000332:	8a98      	ldrh	r0, [r3, #20]
20000334:	8b1b      	ldrh	r3, [r3, #24]
20000336:	4798      	blx	r3
20000338:	4680      	mov	r8, r0
2000033a:	f7ff ff87 	bl	2000024c <flash_init_boot2_copyout>
2000033e:	a802      	add	r0, sp, #8
20000340:	f7ff ffa2 	bl	20000288 <flash_save_hardware_state>
20000344:	47c8      	blx	r9
20000346:	47a8      	blx	r5
20000348:	f7ff ffca 	bl	200002e0 <flash_cs_force.constprop.1>
2000034c:	1e25      	subs	r5, r4, #0
2000034e:	d022      	beq.n	20000396 <flash_do_cmd+0x96>
20000350:	2308      	movs	r3, #8
20000352:	21c0      	movs	r1, #192	@ 0xc0
20000354:	469c      	mov	ip, r3
20000356:	2002      	movs	r0, #2
20000358:	0549      	lsls	r1, r1, #21
2000035a:	4662      	mov	r2, ip
2000035c:	6a8b      	ldr	r3, [r1, #40]	@ 0x28
2000035e:	401a      	ands	r2, r3
20000360:	4218      	tst	r0, r3
20000362:	d03f      	beq.n	200003e4 <flash_do_cmd+0xe4>
20000364:	1b63      	subs	r3, r4, r5
20000366:	2d00      	cmp	r5, #0
20000368:	d12f      	bne.n	200003ca <flash_do_cmd+0xca>
2000036a:	2a00      	cmp	r2, #0
2000036c:	d111      	bne.n	20000392 <flash_do_cmd+0x92>
2000036e:	2c00      	cmp	r4, #0
20000370:	d011      	beq.n	20000396 <flash_do_cmd+0x96>
20000372:	23c0      	movs	r3, #192	@ 0xc0
20000374:	055b      	lsls	r3, r3, #21
20000376:	469b      	mov	fp, r3
20000378:	2302      	movs	r3, #2
2000037a:	469a      	mov	sl, r3
2000037c:	3306      	adds	r3, #6
2000037e:	4699      	mov	r9, r3
20000380:	465b      	mov	r3, fp
20000382:	464a      	mov	r2, r9
20000384:	4657      	mov	r7, sl
20000386:	6a9b      	ldr	r3, [r3, #40]	@ 0x28
20000388:	401a      	ands	r2, r3
2000038a:	421f      	tst	r7, r3
2000038c:	d042      	beq.n	20000414 <flash_do_cmd+0x114>
2000038e:	2a00      	cmp	r2, #0
20000390:	d0f6      	beq.n	20000380 <flash_do_cmd+0x80>
20000392:	2c00      	cmp	r4, #0
20000394:	d130      	bne.n	200003f8 <flash_do_cmd+0xf8>
20000396:	f7ff ff97 	bl	200002c8 <flash_cs_force.constprop.0>
2000039a:	47c0      	blx	r8
2000039c:	f7ff ff6e 	bl	2000027c <flash_enable_xip_via_boot2>
200003a0:	a802      	add	r0, sp, #8
200003a2:	f7ff ff81 	bl	200002a8 <flash_restore_hardware_state>
200003a6:	b009      	add	sp, #36	@ 0x24
200003a8:	bcf0      	pop	{r4, r5, r6, r7}
200003aa:	46bb      	mov	fp, r7
200003ac:	46b2      	mov	sl, r6
200003ae:	46a9      	mov	r9, r5
200003b0:	46a0      	mov	r8, r4
200003b2:	bdf0      	pop	{r4, r5, r6, r7, pc}
200003b4:	2c00      	cmp	r4, #0
200003b6:	d12f      	bne.n	20000418 <flash_do_cmd+0x118>
200003b8:	22c0      	movs	r2, #192	@ 0xc0
200003ba:	0552      	lsls	r2, r2, #21
200003bc:	6a92      	ldr	r2, [r2, #40]	@ 0x28
200003be:	4691      	mov	r9, r2
200003c0:	2208      	movs	r2, #8
200003c2:	464f      	mov	r7, r9
200003c4:	403a      	ands	r2, r7
200003c6:	07bf      	lsls	r7, r7, #30
200003c8:	d52d      	bpl.n	20000426 <flash_do_cmd+0x126>
200003ca:	2b0d      	cmp	r3, #13
200003cc:	d91b      	bls.n	20000406 <flash_do_cmd+0x106>
200003ce:	2a00      	cmp	r2, #0
200003d0:	d1f0      	bne.n	200003b4 <flash_do_cmd+0xb4>
200003d2:	22c0      	movs	r2, #192	@ 0xc0
200003d4:	0552      	lsls	r2, r2, #21
200003d6:	6a92      	ldr	r2, [r2, #40]	@ 0x28
200003d8:	4691      	mov	r9, r2
200003da:	2208      	movs	r2, #8
200003dc:	464f      	mov	r7, r9
200003de:	403a      	ands	r2, r7
200003e0:	07bf      	lsls	r7, r7, #30
200003e2:	d4f2      	bmi.n	200003ca <flash_do_cmd+0xca>
200003e4:	2a00      	cmp	r2, #0
200003e6:	d104      	bne.n	200003f2 <flash_do_cmd+0xf2>
200003e8:	002b      	movs	r3, r5
200003ea:	4323      	orrs	r3, r4
200003ec:	2b00      	cmp	r3, #0
200003ee:	d1b4      	bne.n	2000035a <flash_do_cmd+0x5a>
200003f0:	e7d1      	b.n	20000396 <flash_do_cmd+0x96>
200003f2:	002b      	movs	r3, r5
200003f4:	2c00      	cmp	r4, #0
200003f6:	d0f9      	beq.n	200003ec <flash_do_cmd+0xec>
200003f8:	6e0b      	ldr	r3, [r1, #96]	@ 0x60
200003fa:	3c01      	subs	r4, #1
200003fc:	7033      	strb	r3, [r6, #0]
200003fe:	0023      	movs	r3, r4
20000400:	3601      	adds	r6, #1
20000402:	432b      	orrs	r3, r5
20000404:	e7f2      	b.n	200003ec <flash_do_cmd+0xec>
20000406:	9f01      	ldr	r7, [sp, #4]
20000408:	3d01      	subs	r5, #1
2000040a:	783b      	ldrb	r3, [r7, #0]
2000040c:	3701      	adds	r7, #1
2000040e:	660b      	str	r3, [r1, #96]	@ 0x60
20000410:	9701      	str	r7, [sp, #4]
20000412:	e7e7      	b.n	200003e4 <flash_do_cmd+0xe4>
20000414:	2500      	movs	r5, #0
20000416:	e7e5      	b.n	200003e4 <flash_do_cmd+0xe4>
20000418:	23c0      	movs	r3, #192	@ 0xc0
2000041a:	055b      	lsls	r3, r3, #21
2000041c:	6e1b      	ldr	r3, [r3, #96]	@ 0x60
2000041e:	3c01      	subs	r4, #1
20000420:	7033      	strb	r3, [r6, #0]
20000422:	3601      	adds	r6, #1
20000424:	e799      	b.n	2000035a <flash_do_cmd+0x5a>
20000426:	002b      	movs	r3, r5
20000428:	2a00      	cmp	r2, #0
2000042a:	d1df      	bne.n	200003ec <flash_do_cmd+0xec>
2000042c:	e7dc      	b.n	200003e8 <flash_do_cmd+0xe8>
2000042e:	46c0      	nop			@ (mov r8, r8)
20000430:	00004649 	.word	0x00004649
20000434:	00005845 	.word	0x00005845
20000438:	00004346 	.word	0x00004346

2000043c <reset_non_control_endpoints>:
2000043c:	2200      	movs	r2, #0
2000043e:	4b15      	ldr	r3, [pc, #84]	@ (20000494 <reset_non_control_endpoints+0x58>)
20000440:	b510      	push	{r4, lr}
20000442:	609a      	str	r2, [r3, #8]
20000444:	60da      	str	r2, [r3, #12]
20000446:	611a      	str	r2, [r3, #16]
20000448:	615a      	str	r2, [r3, #20]
2000044a:	619a      	str	r2, [r3, #24]
2000044c:	61da      	str	r2, [r3, #28]
2000044e:	621a      	str	r2, [r3, #32]
20000450:	625a      	str	r2, [r3, #36]	@ 0x24
20000452:	629a      	str	r2, [r3, #40]	@ 0x28
20000454:	62da      	str	r2, [r3, #44]	@ 0x2c
20000456:	631a      	str	r2, [r3, #48]	@ 0x30
20000458:	635a      	str	r2, [r3, #52]	@ 0x34
2000045a:	639a      	str	r2, [r3, #56]	@ 0x38
2000045c:	63da      	str	r2, [r3, #60]	@ 0x3c
2000045e:	641a      	str	r2, [r3, #64]	@ 0x40
20000460:	645a      	str	r2, [r3, #68]	@ 0x44
20000462:	649a      	str	r2, [r3, #72]	@ 0x48
20000464:	64da      	str	r2, [r3, #76]	@ 0x4c
20000466:	651a      	str	r2, [r3, #80]	@ 0x50
20000468:	655a      	str	r2, [r3, #84]	@ 0x54
2000046a:	659a      	str	r2, [r3, #88]	@ 0x58
2000046c:	65da      	str	r2, [r3, #92]	@ 0x5c
2000046e:	661a      	str	r2, [r3, #96]	@ 0x60
20000470:	665a      	str	r2, [r3, #100]	@ 0x64
20000472:	669a      	str	r2, [r3, #104]	@ 0x68
20000474:	66da      	str	r2, [r3, #108]	@ 0x6c
20000476:	671a      	str	r2, [r3, #112]	@ 0x70
20000478:	675a      	str	r2, [r3, #116]	@ 0x74
2000047a:	679a      	str	r2, [r3, #120]	@ 0x78
2000047c:	67da      	str	r2, [r3, #124]	@ 0x7c
2000047e:	32f0      	adds	r2, #240	@ 0xf0
20000480:	0092      	lsls	r2, r2, #2
20000482:	2100      	movs	r1, #0
20000484:	4804      	ldr	r0, [pc, #16]	@ (20000498 <reset_non_control_endpoints+0x5c>)
20000486:	f000 fdf7 	bl	20001078 <____wrap_memset_veneer>
2000048a:	4b04      	ldr	r3, [pc, #16]	@ (2000049c <reset_non_control_endpoints+0x60>)
2000048c:	4a04      	ldr	r2, [pc, #16]	@ (200004a0 <reset_non_control_endpoints+0x64>)
2000048e:	601a      	str	r2, [r3, #0]
20000490:	bd10      	pop	{r4, pc}
20000492:	46c0      	nop			@ (mov r8, r8)
20000494:	50100000 	.word	0x50100000
20000498:	20002364 	.word	0x20002364
2000049c:	2000272c 	.word	0x2000272c
200004a0:	50100180 	.word	0x50100180

200004a4 <hw_handle_buff_status>:
200004a4:	b5f0      	push	{r4, r5, r6, r7, lr}
200004a6:	464e      	mov	r6, r9
200004a8:	4645      	mov	r5, r8
200004aa:	46de      	mov	lr, fp
200004ac:	4657      	mov	r7, sl
200004ae:	b5e0      	push	{r5, r6, r7, lr}
200004b0:	4b21      	ldr	r3, [pc, #132]	@ (20000538 <hw_handle_buff_status+0x94>)
200004b2:	2400      	movs	r4, #0
200004b4:	6d9e      	ldr	r6, [r3, #88]	@ 0x58
200004b6:	2501      	movs	r5, #1
200004b8:	b085      	sub	sp, #20
200004ba:	2e00      	cmp	r6, #0
200004bc:	d022      	beq.n	20000504 <hw_handle_buff_status+0x60>
200004be:	4b1f      	ldr	r3, [pc, #124]	@ (2000053c <hw_handle_buff_status+0x98>)
200004c0:	469a      	mov	sl, r3
200004c2:	2301      	movs	r3, #1
200004c4:	4699      	mov	r9, r3
200004c6:	4b1e      	ldr	r3, [pc, #120]	@ (20000540 <hw_handle_buff_status+0x9c>)
200004c8:	4698      	mov	r8, r3
200004ca:	e001      	b.n	200004d0 <hw_handle_buff_status+0x2c>
200004cc:	2c20      	cmp	r4, #32
200004ce:	d019      	beq.n	20000504 <hw_handle_buff_status+0x60>
200004d0:	002a      	movs	r2, r5
200004d2:	0023      	movs	r3, r4
200004d4:	3401      	adds	r4, #1
200004d6:	002f      	movs	r7, r5
200004d8:	4032      	ands	r2, r6
200004da:	b2e4      	uxtb	r4, r4
200004dc:	006d      	lsls	r5, r5, #1
200004de:	2a00      	cmp	r2, #0
200004e0:	d0f4      	beq.n	200004cc <hw_handle_buff_status+0x28>
200004e2:	4652      	mov	r2, sl
200004e4:	6597      	str	r7, [r2, #88]	@ 0x58
200004e6:	464a      	mov	r2, r9
200004e8:	085b      	lsrs	r3, r3, #1
200004ea:	005b      	lsls	r3, r3, #1
200004ec:	4022      	ands	r2, r4
200004ee:	189b      	adds	r3, r3, r2
200004f0:	015b      	lsls	r3, r3, #5
200004f2:	4443      	add	r3, r8
200004f4:	0018      	movs	r0, r3
200004f6:	469b      	mov	fp, r3
200004f8:	f000 fc1e 	bl	20000d38 <hw_endpoint_xfer_continue>
200004fc:	2800      	cmp	r0, #0
200004fe:	d108      	bne.n	20000512 <hw_handle_buff_status+0x6e>
20000500:	43be      	bics	r6, r7
20000502:	d1e3      	bne.n	200004cc <hw_handle_buff_status+0x28>
20000504:	b005      	add	sp, #20
20000506:	bcf0      	pop	{r4, r5, r6, r7}
20000508:	46bb      	mov	fp, r7
2000050a:	46b2      	mov	sl, r6
2000050c:	46a9      	mov	r9, r5
2000050e:	46a0      	mov	r8, r4
20000510:	bdf0      	pop	{r4, r5, r6, r7, pc}
20000512:	465b      	mov	r3, fp
20000514:	21e0      	movs	r1, #224	@ 0xe0
20000516:	789a      	ldrb	r2, [r3, #2]
20000518:	8adb      	ldrh	r3, [r3, #22]
2000051a:	a801      	add	r0, sp, #4
2000051c:	6083      	str	r3, [r0, #8]
2000051e:	2300      	movs	r3, #0
20000520:	00c9      	lsls	r1, r1, #3
20000522:	8001      	strh	r1, [r0, #0]
20000524:	2101      	movs	r1, #1
20000526:	7102      	strb	r2, [r0, #4]
20000528:	7143      	strb	r3, [r0, #5]
2000052a:	f000 fc25 	bl	20000d78 <dcd_event_handler>
2000052e:	4658      	mov	r0, fp
20000530:	f000 fba0 	bl	20000c74 <hw_endpoint_reset_transfer>
20000534:	e7e4      	b.n	20000500 <hw_handle_buff_status+0x5c>
20000536:	46c0      	nop			@ (mov r8, r8)
20000538:	50110000 	.word	0x50110000
2000053c:	50113000 	.word	0x50113000
20000540:	20002324 	.word	0x20002324

20000544 <dcd_rp2040_irq>:
20000544:	2398      	movs	r3, #152	@ 0x98
20000546:	b5f0      	push	{r4, r5, r6, r7, lr}
20000548:	46c6      	mov	lr, r8
2000054a:	4ac8      	ldr	r2, [pc, #800]	@ (2000086c <dcd_rp2040_irq+0x328>)
2000054c:	b500      	push	{lr}
2000054e:	58d5      	ldr	r5, [r2, r3]
20000550:	2380      	movs	r3, #128	@ 0x80
20000552:	002e      	movs	r6, r5
20000554:	029b      	lsls	r3, r3, #10
20000556:	2410      	movs	r4, #16
20000558:	b084      	sub	sp, #16
2000055a:	401e      	ands	r6, r3
2000055c:	421d      	tst	r5, r3
2000055e:	d074      	beq.n	2000064a <dcd_rp2040_irq+0x106>
20000560:	4bc3      	ldr	r3, [pc, #780]	@ (20000870 <dcd_rp2040_irq+0x32c>)
20000562:	4cc4      	ldr	r4, [pc, #784]	@ (20000874 <dcd_rp2040_irq+0x330>)
20000564:	6a9a      	ldr	r2, [r3, #40]	@ 0x28
20000566:	4bc4      	ldr	r3, [pc, #784]	@ (20000878 <dcd_rp2040_irq+0x334>)
20000568:	2600      	movs	r6, #0
2000056a:	601a      	str	r2, [r3, #0]
2000056c:	233b      	movs	r3, #59	@ 0x3b
2000056e:	5ce3      	ldrb	r3, [r4, r3]
20000570:	2b02      	cmp	r3, #2
20000572:	d100      	bne.n	20000576 <dcd_rp2040_irq+0x32>
20000574:	e14f      	b.n	20000816 <dcd_rp2040_irq+0x2d2>
20000576:	237b      	movs	r3, #123	@ 0x7b
20000578:	5ce3      	ldrb	r3, [r4, r3]
2000057a:	2b02      	cmp	r3, #2
2000057c:	d100      	bne.n	20000580 <dcd_rp2040_irq+0x3c>
2000057e:	e0f3      	b.n	20000768 <dcd_rp2040_irq+0x224>
20000580:	23bb      	movs	r3, #187	@ 0xbb
20000582:	5ce3      	ldrb	r3, [r4, r3]
20000584:	2b02      	cmp	r3, #2
20000586:	d100      	bne.n	2000058a <dcd_rp2040_irq+0x46>
20000588:	e0fa      	b.n	20000780 <dcd_rp2040_irq+0x23c>
2000058a:	23fb      	movs	r3, #251	@ 0xfb
2000058c:	5ce3      	ldrb	r3, [r4, r3]
2000058e:	2b02      	cmp	r3, #2
20000590:	d100      	bne.n	20000594 <dcd_rp2040_irq+0x50>
20000592:	e101      	b.n	20000798 <dcd_rp2040_irq+0x254>
20000594:	233c      	movs	r3, #60	@ 0x3c
20000596:	33ff      	adds	r3, #255	@ 0xff
20000598:	5ce3      	ldrb	r3, [r4, r3]
2000059a:	2b02      	cmp	r3, #2
2000059c:	d100      	bne.n	200005a0 <dcd_rp2040_irq+0x5c>
2000059e:	e12d      	b.n	200007fc <dcd_rp2040_irq+0x2b8>
200005a0:	237c      	movs	r3, #124	@ 0x7c
200005a2:	33ff      	adds	r3, #255	@ 0xff
200005a4:	5ce3      	ldrb	r3, [r4, r3]
200005a6:	2b02      	cmp	r3, #2
200005a8:	d100      	bne.n	200005ac <dcd_rp2040_irq+0x68>
200005aa:	e10e      	b.n	200007ca <dcd_rp2040_irq+0x286>
200005ac:	23bc      	movs	r3, #188	@ 0xbc
200005ae:	33ff      	adds	r3, #255	@ 0xff
200005b0:	5ce3      	ldrb	r3, [r4, r3]
200005b2:	2b02      	cmp	r3, #2
200005b4:	d100      	bne.n	200005b8 <dcd_rp2040_irq+0x74>
200005b6:	e13f      	b.n	20000838 <dcd_rp2040_irq+0x2f4>
200005b8:	23fc      	movs	r3, #252	@ 0xfc
200005ba:	33ff      	adds	r3, #255	@ 0xff
200005bc:	5ce3      	ldrb	r3, [r4, r3]
200005be:	2b02      	cmp	r3, #2
200005c0:	d100      	bne.n	200005c4 <dcd_rp2040_irq+0x80>
200005c2:	e0f5      	b.n	200007b0 <dcd_rp2040_irq+0x26c>
200005c4:	4bad      	ldr	r3, [pc, #692]	@ (2000087c <dcd_rp2040_irq+0x338>)
200005c6:	5ce3      	ldrb	r3, [r4, r3]
200005c8:	2b02      	cmp	r3, #2
200005ca:	d100      	bne.n	200005ce <dcd_rp2040_irq+0x8a>
200005cc:	e174      	b.n	200008b8 <dcd_rp2040_irq+0x374>
200005ce:	4bac      	ldr	r3, [pc, #688]	@ (20000880 <dcd_rp2040_irq+0x33c>)
200005d0:	5ce3      	ldrb	r3, [r4, r3]
200005d2:	2b02      	cmp	r3, #2
200005d4:	d100      	bne.n	200005d8 <dcd_rp2040_irq+0x94>
200005d6:	e105      	b.n	200007e4 <dcd_rp2040_irq+0x2a0>
200005d8:	4baa      	ldr	r3, [pc, #680]	@ (20000884 <dcd_rp2040_irq+0x340>)
200005da:	5ce3      	ldrb	r3, [r4, r3]
200005dc:	2b02      	cmp	r3, #2
200005de:	d100      	bne.n	200005e2 <dcd_rp2040_irq+0x9e>
200005e0:	e175      	b.n	200008ce <dcd_rp2040_irq+0x38a>
200005e2:	4ba9      	ldr	r3, [pc, #676]	@ (20000888 <dcd_rp2040_irq+0x344>)
200005e4:	5ce3      	ldrb	r3, [r4, r3]
200005e6:	2b02      	cmp	r3, #2
200005e8:	d100      	bne.n	200005ec <dcd_rp2040_irq+0xa8>
200005ea:	e132      	b.n	20000852 <dcd_rp2040_irq+0x30e>
200005ec:	4ba7      	ldr	r3, [pc, #668]	@ (2000088c <dcd_rp2040_irq+0x348>)
200005ee:	5ce3      	ldrb	r3, [r4, r3]
200005f0:	2b02      	cmp	r3, #2
200005f2:	d100      	bne.n	200005f6 <dcd_rp2040_irq+0xb2>
200005f4:	e1a0      	b.n	20000938 <dcd_rp2040_irq+0x3f4>
200005f6:	4ba6      	ldr	r3, [pc, #664]	@ (20000890 <dcd_rp2040_irq+0x34c>)
200005f8:	5ce3      	ldrb	r3, [r4, r3]
200005fa:	2b02      	cmp	r3, #2
200005fc:	d100      	bne.n	20000600 <dcd_rp2040_irq+0xbc>
200005fe:	e171      	b.n	200008e4 <dcd_rp2040_irq+0x3a0>
20000600:	4ba4      	ldr	r3, [pc, #656]	@ (20000894 <dcd_rp2040_irq+0x350>)
20000602:	5ce3      	ldrb	r3, [r4, r3]
20000604:	2b02      	cmp	r3, #2
20000606:	d100      	bne.n	2000060a <dcd_rp2040_irq+0xc6>
20000608:	e1a1      	b.n	2000094e <dcd_rp2040_irq+0x40a>
2000060a:	4ba3      	ldr	r3, [pc, #652]	@ (20000898 <dcd_rp2040_irq+0x354>)
2000060c:	5ce3      	ldrb	r3, [r4, r3]
2000060e:	2b02      	cmp	r3, #2
20000610:	d100      	bne.n	20000614 <dcd_rp2040_irq+0xd0>
20000612:	e17f      	b.n	20000914 <dcd_rp2040_irq+0x3d0>
20000614:	2e00      	cmp	r6, #0
20000616:	d108      	bne.n	2000062a <dcd_rp2040_irq+0xe6>
20000618:	4ba0      	ldr	r3, [pc, #640]	@ (2000089c <dcd_rp2040_irq+0x358>)
2000061a:	781b      	ldrb	r3, [r3, #0]
2000061c:	2b00      	cmp	r3, #0
2000061e:	d104      	bne.n	2000062a <dcd_rp2040_irq+0xe6>
20000620:	2180      	movs	r1, #128	@ 0x80
20000622:	4a9f      	ldr	r2, [pc, #636]	@ (200008a0 <dcd_rp2040_irq+0x35c>)
20000624:	3390      	adds	r3, #144	@ 0x90
20000626:	0289      	lsls	r1, r1, #10
20000628:	50d1      	str	r1, [r2, r3]
2000062a:	22c0      	movs	r2, #192	@ 0xc0
2000062c:	4669      	mov	r1, sp
2000062e:	4b8f      	ldr	r3, [pc, #572]	@ (2000086c <dcd_rp2040_irq+0x328>)
20000630:	0092      	lsls	r2, r2, #2
20000632:	6c9b      	ldr	r3, [r3, #72]	@ 0x48
20000634:	2680      	movs	r6, #128	@ 0x80
20000636:	055b      	lsls	r3, r3, #21
20000638:	808a      	strh	r2, [r1, #4]
2000063a:	0d5b      	lsrs	r3, r3, #21
2000063c:	2101      	movs	r1, #1
2000063e:	a801      	add	r0, sp, #4
20000640:	9302      	str	r3, [sp, #8]
20000642:	f000 fb99 	bl	20000d78 <dcd_event_handler>
20000646:	4c97      	ldr	r4, [pc, #604]	@ (200008a4 <dcd_rp2040_irq+0x360>)
20000648:	02b6      	lsls	r6, r6, #10
2000064a:	06eb      	lsls	r3, r5, #27
2000064c:	d500      	bpl.n	20000650 <dcd_rp2040_irq+0x10c>
2000064e:	e07f      	b.n	20000750 <dcd_rp2040_irq+0x20c>
20000650:	2380      	movs	r3, #128	@ 0x80
20000652:	025b      	lsls	r3, r3, #9
20000654:	421d      	tst	r5, r3
20000656:	d031      	beq.n	200006bc <dcd_rp2040_irq+0x178>
20000658:	431e      	orrs	r6, r3
2000065a:	2301      	movs	r3, #1
2000065c:	2402      	movs	r4, #2
2000065e:	4698      	mov	r8, r3
20000660:	4f84      	ldr	r7, [pc, #528]	@ (20000874 <dcd_rp2040_irq+0x330>)
20000662:	7ebb      	ldrb	r3, [r7, #26]
20000664:	2b00      	cmp	r3, #0
20000666:	d014      	beq.n	20000692 <dcd_rp2040_irq+0x14e>
20000668:	f000 fcf6 	bl	20001058 <__rp2040_chip_version_veneer>
2000066c:	2801      	cmp	r0, #1
2000066e:	d900      	bls.n	20000672 <dcd_rp2040_irq+0x12e>
20000670:	e072      	b.n	20000758 <dcd_rp2040_irq+0x214>
20000672:	22c0      	movs	r2, #192	@ 0xc0
20000674:	2100      	movs	r1, #0
20000676:	0038      	movs	r0, r7
20000678:	0192      	lsls	r2, r2, #6
2000067a:	f000 fb01 	bl	20000c80 <_hw_endpoint_buffer_control_update32>
2000067e:	0038      	movs	r0, r7
20000680:	f000 faf8 	bl	20000c74 <hw_endpoint_reset_transfer>
20000684:	f000 fce8 	bl	20001058 <__rp2040_chip_version_veneer>
20000688:	2801      	cmp	r0, #1
2000068a:	d902      	bls.n	20000692 <dcd_rp2040_irq+0x14e>
2000068c:	4b84      	ldr	r3, [pc, #528]	@ (200008a0 <dcd_rp2040_irq+0x35c>)
2000068e:	665c      	str	r4, [r3, #100]	@ 0x64
20000690:	661c      	str	r4, [r3, #96]	@ 0x60
20000692:	4643      	mov	r3, r8
20000694:	70fb      	strb	r3, [r7, #3]
20000696:	3720      	adds	r7, #32
20000698:	2c01      	cmp	r4, #1
2000069a:	d122      	bne.n	200006e2 <dcd_rp2040_irq+0x19e>
2000069c:	23c0      	movs	r3, #192	@ 0xc0
2000069e:	466a      	mov	r2, sp
200006a0:	00db      	lsls	r3, r3, #3
200006a2:	8093      	strh	r3, [r2, #4]
200006a4:	4a80      	ldr	r2, [pc, #512]	@ (200008a8 <dcd_rp2040_irq+0x364>)
200006a6:	ab02      	add	r3, sp, #8
200006a8:	ca03      	ldmia	r2!, {r0, r1}
200006aa:	c303      	stmia	r3!, {r0, r1}
200006ac:	2101      	movs	r1, #1
200006ae:	a801      	add	r0, sp, #4
200006b0:	f000 fb62 	bl	20000d78 <dcd_event_handler>
200006b4:	2280      	movs	r2, #128	@ 0x80
200006b6:	4b7a      	ldr	r3, [pc, #488]	@ (200008a0 <dcd_rp2040_irq+0x35c>)
200006b8:	0292      	lsls	r2, r2, #10
200006ba:	651a      	str	r2, [r3, #80]	@ 0x50
200006bc:	2380      	movs	r3, #128	@ 0x80
200006be:	015b      	lsls	r3, r3, #5
200006c0:	421d      	tst	r5, r3
200006c2:	d110      	bne.n	200006e6 <dcd_rp2040_irq+0x1a2>
200006c4:	2380      	movs	r3, #128	@ 0x80
200006c6:	01db      	lsls	r3, r3, #7
200006c8:	421d      	tst	r5, r3
200006ca:	d123      	bne.n	20000714 <dcd_rp2040_irq+0x1d0>
200006cc:	2380      	movs	r3, #128	@ 0x80
200006ce:	021b      	lsls	r3, r3, #8
200006d0:	421d      	tst	r5, r3
200006d2:	d12f      	bne.n	20000734 <dcd_rp2040_irq+0x1f0>
200006d4:	42ae      	cmp	r6, r5
200006d6:	d000      	beq.n	200006da <dcd_rp2040_irq+0x196>
200006d8:	e1c0      	b.n	20000a5c <dcd_rp2040_irq+0x518>
200006da:	b004      	add	sp, #16
200006dc:	bc80      	pop	{r7}
200006de:	46b8      	mov	r8, r7
200006e0:	bdf0      	pop	{r4, r5, r6, r7, pc}
200006e2:	2401      	movs	r4, #1
200006e4:	e7bd      	b.n	20000662 <dcd_rp2040_irq+0x11e>
200006e6:	2400      	movs	r4, #0
200006e8:	431e      	orrs	r6, r3
200006ea:	4b60      	ldr	r3, [pc, #384]	@ (2000086c <dcd_rp2040_irq+0x328>)
200006ec:	601c      	str	r4, [r3, #0]
200006ee:	f7ff fea5 	bl	2000043c <reset_non_control_endpoints>
200006f2:	2380      	movs	r3, #128	@ 0x80
200006f4:	466a      	mov	r2, sp
200006f6:	005b      	lsls	r3, r3, #1
200006f8:	8093      	strh	r3, [r2, #4]
200006fa:	7214      	strb	r4, [r2, #8]
200006fc:	2101      	movs	r1, #1
200006fe:	a801      	add	r0, sp, #4
20000700:	f000 fb3a 	bl	20000d78 <dcd_event_handler>
20000704:	2280      	movs	r2, #128	@ 0x80
20000706:	4b66      	ldr	r3, [pc, #408]	@ (200008a0 <dcd_rp2040_irq+0x35c>)
20000708:	0312      	lsls	r2, r2, #12
2000070a:	651a      	str	r2, [r3, #80]	@ 0x50
2000070c:	2380      	movs	r3, #128	@ 0x80
2000070e:	01db      	lsls	r3, r3, #7
20000710:	421d      	tst	r5, r3
20000712:	d0db      	beq.n	200006cc <dcd_rp2040_irq+0x188>
20000714:	431e      	orrs	r6, r3
20000716:	2380      	movs	r3, #128	@ 0x80
20000718:	466a      	mov	r2, sp
2000071a:	00db      	lsls	r3, r3, #3
2000071c:	8093      	strh	r3, [r2, #4]
2000071e:	2101      	movs	r1, #1
20000720:	a801      	add	r0, sp, #4
20000722:	f000 fb29 	bl	20000d78 <dcd_event_handler>
20000726:	2210      	movs	r2, #16
20000728:	4b5d      	ldr	r3, [pc, #372]	@ (200008a0 <dcd_rp2040_irq+0x35c>)
2000072a:	651a      	str	r2, [r3, #80]	@ 0x50
2000072c:	2380      	movs	r3, #128	@ 0x80
2000072e:	021b      	lsls	r3, r3, #8
20000730:	421d      	tst	r5, r3
20000732:	d0cf      	beq.n	200006d4 <dcd_rp2040_irq+0x190>
20000734:	431e      	orrs	r6, r3
20000736:	23a0      	movs	r3, #160	@ 0xa0
20000738:	466a      	mov	r2, sp
2000073a:	00db      	lsls	r3, r3, #3
2000073c:	8093      	strh	r3, [r2, #4]
2000073e:	2101      	movs	r1, #1
20000740:	a801      	add	r0, sp, #4
20000742:	f000 fb19 	bl	20000d78 <dcd_event_handler>
20000746:	2280      	movs	r2, #128	@ 0x80
20000748:	4b55      	ldr	r3, [pc, #340]	@ (200008a0 <dcd_rp2040_irq+0x35c>)
2000074a:	0112      	lsls	r2, r2, #4
2000074c:	651a      	str	r2, [r3, #80]	@ 0x50
2000074e:	e7c1      	b.n	200006d4 <dcd_rp2040_irq+0x190>
20000750:	f7ff fea8 	bl	200004a4 <hw_handle_buff_status>
20000754:	0026      	movs	r6, r4
20000756:	e77b      	b.n	20000650 <dcd_rp2040_irq+0x10c>
20000758:	4b54      	ldr	r3, [pc, #336]	@ (200008ac <dcd_rp2040_irq+0x368>)
2000075a:	4a44      	ldr	r2, [pc, #272]	@ (2000086c <dcd_rp2040_irq+0x328>)
2000075c:	661c      	str	r4, [r3, #96]	@ 0x60
2000075e:	6e53      	ldr	r3, [r2, #100]	@ 0x64
20000760:	4023      	ands	r3, r4
20000762:	42a3      	cmp	r3, r4
20000764:	d1fb      	bne.n	2000075e <dcd_rp2040_irq+0x21a>
20000766:	e784      	b.n	20000672 <dcd_rp2040_irq+0x12e>
20000768:	3378      	adds	r3, #120	@ 0x78
2000076a:	5ce7      	ldrb	r7, [r4, r3]
2000076c:	2f00      	cmp	r7, #0
2000076e:	d100      	bne.n	20000772 <dcd_rp2040_irq+0x22e>
20000770:	e706      	b.n	20000580 <dcd_rp2040_irq+0x3c>
20000772:	3302      	adds	r3, #2
20000774:	5ce2      	ldrb	r2, [r4, r3]
20000776:	2a00      	cmp	r2, #0
20000778:	d000      	beq.n	2000077c <dcd_rp2040_irq+0x238>
2000077a:	e10d      	b.n	20000998 <dcd_rp2040_irq+0x454>
2000077c:	003e      	movs	r6, r7
2000077e:	e6ff      	b.n	20000580 <dcd_rp2040_irq+0x3c>
20000780:	33b8      	adds	r3, #184	@ 0xb8
20000782:	5ce7      	ldrb	r7, [r4, r3]
20000784:	2f00      	cmp	r7, #0
20000786:	d100      	bne.n	2000078a <dcd_rp2040_irq+0x246>
20000788:	e6ff      	b.n	2000058a <dcd_rp2040_irq+0x46>
2000078a:	3302      	adds	r3, #2
2000078c:	5ce2      	ldrb	r2, [r4, r3]
2000078e:	2a00      	cmp	r2, #0
20000790:	d000      	beq.n	20000794 <dcd_rp2040_irq+0x250>
20000792:	e0f9      	b.n	20000988 <dcd_rp2040_irq+0x444>
20000794:	003e      	movs	r6, r7
20000796:	e6f8      	b.n	2000058a <dcd_rp2040_irq+0x46>
20000798:	33f8      	adds	r3, #248	@ 0xf8
2000079a:	5ce7      	ldrb	r7, [r4, r3]
2000079c:	2f00      	cmp	r7, #0
2000079e:	d100      	bne.n	200007a2 <dcd_rp2040_irq+0x25e>
200007a0:	e6f8      	b.n	20000594 <dcd_rp2040_irq+0x50>
200007a2:	3302      	adds	r3, #2
200007a4:	5ce2      	ldrb	r2, [r4, r3]
200007a6:	2a00      	cmp	r2, #0
200007a8:	d000      	beq.n	200007ac <dcd_rp2040_irq+0x268>
200007aa:	e141      	b.n	20000a30 <dcd_rp2040_irq+0x4ec>
200007ac:	003e      	movs	r6, r7
200007ae:	e6f1      	b.n	20000594 <dcd_rp2040_irq+0x50>
200007b0:	33f9      	adds	r3, #249	@ 0xf9
200007b2:	33ff      	adds	r3, #255	@ 0xff
200007b4:	5ce7      	ldrb	r7, [r4, r3]
200007b6:	2f00      	cmp	r7, #0
200007b8:	d100      	bne.n	200007bc <dcd_rp2040_irq+0x278>
200007ba:	e703      	b.n	200005c4 <dcd_rp2040_irq+0x80>
200007bc:	3302      	adds	r3, #2
200007be:	5ce2      	ldrb	r2, [r4, r3]
200007c0:	2a00      	cmp	r2, #0
200007c2:	d000      	beq.n	200007c6 <dcd_rp2040_irq+0x282>
200007c4:	e12b      	b.n	20000a1e <dcd_rp2040_irq+0x4da>
200007c6:	003e      	movs	r6, r7
200007c8:	e6fc      	b.n	200005c4 <dcd_rp2040_irq+0x80>
200007ca:	3379      	adds	r3, #121	@ 0x79
200007cc:	33ff      	adds	r3, #255	@ 0xff
200007ce:	5ce7      	ldrb	r7, [r4, r3]
200007d0:	2f00      	cmp	r7, #0
200007d2:	d100      	bne.n	200007d6 <dcd_rp2040_irq+0x292>
200007d4:	e6ea      	b.n	200005ac <dcd_rp2040_irq+0x68>
200007d6:	3302      	adds	r3, #2
200007d8:	5ce2      	ldrb	r2, [r4, r3]
200007da:	2a00      	cmp	r2, #0
200007dc:	d000      	beq.n	200007e0 <dcd_rp2040_irq+0x29c>
200007de:	e115      	b.n	20000a0c <dcd_rp2040_irq+0x4c8>
200007e0:	003e      	movs	r6, r7
200007e2:	e6e3      	b.n	200005ac <dcd_rp2040_irq+0x68>
200007e4:	4b32      	ldr	r3, [pc, #200]	@ (200008b0 <dcd_rp2040_irq+0x36c>)
200007e6:	5ce7      	ldrb	r7, [r4, r3]
200007e8:	2f00      	cmp	r7, #0
200007ea:	d100      	bne.n	200007ee <dcd_rp2040_irq+0x2aa>
200007ec:	e6f4      	b.n	200005d8 <dcd_rp2040_irq+0x94>
200007ee:	3302      	adds	r3, #2
200007f0:	5ce2      	ldrb	r2, [r4, r3]
200007f2:	2a00      	cmp	r2, #0
200007f4:	d000      	beq.n	200007f8 <dcd_rp2040_irq+0x2b4>
200007f6:	e101      	b.n	200009fc <dcd_rp2040_irq+0x4b8>
200007f8:	003e      	movs	r6, r7
200007fa:	e6ed      	b.n	200005d8 <dcd_rp2040_irq+0x94>
200007fc:	3339      	adds	r3, #57	@ 0x39
200007fe:	33ff      	adds	r3, #255	@ 0xff
20000800:	5ce7      	ldrb	r7, [r4, r3]
20000802:	2f00      	cmp	r7, #0
20000804:	d100      	bne.n	20000808 <dcd_rp2040_irq+0x2c4>
20000806:	e6cb      	b.n	200005a0 <dcd_rp2040_irq+0x5c>
20000808:	3302      	adds	r3, #2
2000080a:	5ce2      	ldrb	r2, [r4, r3]
2000080c:	2a00      	cmp	r2, #0
2000080e:	d000      	beq.n	20000812 <dcd_rp2040_irq+0x2ce>
20000810:	e0eb      	b.n	200009ea <dcd_rp2040_irq+0x4a6>
20000812:	003e      	movs	r6, r7
20000814:	e6c4      	b.n	200005a0 <dcd_rp2040_irq+0x5c>
20000816:	3338      	adds	r3, #56	@ 0x38
20000818:	5ce6      	ldrb	r6, [r4, r3]
2000081a:	2e00      	cmp	r6, #0
2000081c:	d100      	bne.n	20000820 <dcd_rp2040_irq+0x2dc>
2000081e:	e6aa      	b.n	20000576 <dcd_rp2040_irq+0x32>
20000820:	3302      	adds	r3, #2
20000822:	5ce2      	ldrb	r2, [r4, r3]
20000824:	2a00      	cmp	r2, #0
20000826:	d100      	bne.n	2000082a <dcd_rp2040_irq+0x2e6>
20000828:	e6a5      	b.n	20000576 <dcd_rp2040_irq+0x32>
2000082a:	0020      	movs	r0, r4
2000082c:	2200      	movs	r2, #0
2000082e:	3020      	adds	r0, #32
20000830:	54e2      	strb	r2, [r4, r3]
20000832:	f000 fa4d 	bl	20000cd0 <hw_endpoint_start_next_buffer>
20000836:	e69e      	b.n	20000576 <dcd_rp2040_irq+0x32>
20000838:	33b9      	adds	r3, #185	@ 0xb9
2000083a:	33ff      	adds	r3, #255	@ 0xff
2000083c:	5ce7      	ldrb	r7, [r4, r3]
2000083e:	2f00      	cmp	r7, #0
20000840:	d100      	bne.n	20000844 <dcd_rp2040_irq+0x300>
20000842:	e6b9      	b.n	200005b8 <dcd_rp2040_irq+0x74>
20000844:	3302      	adds	r3, #2
20000846:	5ce2      	ldrb	r2, [r4, r3]
20000848:	2a00      	cmp	r2, #0
2000084a:	d000      	beq.n	2000084e <dcd_rp2040_irq+0x30a>
2000084c:	e0c4      	b.n	200009d8 <dcd_rp2040_irq+0x494>
2000084e:	003e      	movs	r6, r7
20000850:	e6b2      	b.n	200005b8 <dcd_rp2040_irq+0x74>
20000852:	4b18      	ldr	r3, [pc, #96]	@ (200008b4 <dcd_rp2040_irq+0x370>)
20000854:	5ce7      	ldrb	r7, [r4, r3]
20000856:	2f00      	cmp	r7, #0
20000858:	d100      	bne.n	2000085c <dcd_rp2040_irq+0x318>
2000085a:	e6c7      	b.n	200005ec <dcd_rp2040_irq+0xa8>
2000085c:	3302      	adds	r3, #2
2000085e:	5ce2      	ldrb	r2, [r4, r3]
20000860:	2a00      	cmp	r2, #0
20000862:	d000      	beq.n	20000866 <dcd_rp2040_irq+0x322>
20000864:	e0b0      	b.n	200009c8 <dcd_rp2040_irq+0x484>
20000866:	003e      	movs	r6, r7
20000868:	e6c0      	b.n	200005ec <dcd_rp2040_irq+0xa8>
2000086a:	46c0      	nop			@ (mov r8, r8)
2000086c:	50110000 	.word	0x50110000
20000870:	40054000 	.word	0x40054000
20000874:	20002324 	.word	0x20002324
20000878:	20002314 	.word	0x20002314
2000087c:	0000023b 	.word	0x0000023b
20000880:	0000027b 	.word	0x0000027b
20000884:	000002bb 	.word	0x000002bb
20000888:	000002fb 	.word	0x000002fb
2000088c:	0000033b 	.word	0x0000033b
20000890:	0000037b 	.word	0x0000037b
20000894:	000003bb 	.word	0x000003bb
20000898:	000003fb 	.word	0x000003fb
2000089c:	2000278e 	.word	0x2000278e
200008a0:	50113000 	.word	0x50113000
200008a4:	00020010 	.word	0x00020010
200008a8:	50100000 	.word	0x50100000
200008ac:	50112000 	.word	0x50112000
200008b0:	0000027a 	.word	0x0000027a
200008b4:	000002fa 	.word	0x000002fa
200008b8:	4b6b      	ldr	r3, [pc, #428]	@ (20000a68 <dcd_rp2040_irq+0x524>)
200008ba:	5ce7      	ldrb	r7, [r4, r3]
200008bc:	2f00      	cmp	r7, #0
200008be:	d100      	bne.n	200008c2 <dcd_rp2040_irq+0x37e>
200008c0:	e685      	b.n	200005ce <dcd_rp2040_irq+0x8a>
200008c2:	3302      	adds	r3, #2
200008c4:	5ce2      	ldrb	r2, [r4, r3]
200008c6:	2a00      	cmp	r2, #0
200008c8:	d176      	bne.n	200009b8 <dcd_rp2040_irq+0x474>
200008ca:	003e      	movs	r6, r7
200008cc:	e67f      	b.n	200005ce <dcd_rp2040_irq+0x8a>
200008ce:	4b67      	ldr	r3, [pc, #412]	@ (20000a6c <dcd_rp2040_irq+0x528>)
200008d0:	5ce7      	ldrb	r7, [r4, r3]
200008d2:	2f00      	cmp	r7, #0
200008d4:	d100      	bne.n	200008d8 <dcd_rp2040_irq+0x394>
200008d6:	e684      	b.n	200005e2 <dcd_rp2040_irq+0x9e>
200008d8:	3302      	adds	r3, #2
200008da:	5ce2      	ldrb	r2, [r4, r3]
200008dc:	2a00      	cmp	r2, #0
200008de:	d163      	bne.n	200009a8 <dcd_rp2040_irq+0x464>
200008e0:	003e      	movs	r6, r7
200008e2:	e67e      	b.n	200005e2 <dcd_rp2040_irq+0x9e>
200008e4:	4b62      	ldr	r3, [pc, #392]	@ (20000a70 <dcd_rp2040_irq+0x52c>)
200008e6:	5ce7      	ldrb	r7, [r4, r3]
200008e8:	2f00      	cmp	r7, #0
200008ea:	d100      	bne.n	200008ee <dcd_rp2040_irq+0x3aa>
200008ec:	e688      	b.n	20000600 <dcd_rp2040_irq+0xbc>
200008ee:	3302      	adds	r3, #2
200008f0:	5ce2      	ldrb	r2, [r4, r3]
200008f2:	2a00      	cmp	r2, #0
200008f4:	d000      	beq.n	200008f8 <dcd_rp2040_irq+0x3b4>
200008f6:	e0a3      	b.n	20000a40 <dcd_rp2040_irq+0x4fc>
200008f8:	4b5e      	ldr	r3, [pc, #376]	@ (20000a74 <dcd_rp2040_irq+0x530>)
200008fa:	5ce3      	ldrb	r3, [r4, r3]
200008fc:	2b02      	cmp	r3, #2
200008fe:	d130      	bne.n	20000962 <dcd_rp2040_irq+0x41e>
20000900:	4b5d      	ldr	r3, [pc, #372]	@ (20000a78 <dcd_rp2040_irq+0x534>)
20000902:	5ce3      	ldrb	r3, [r4, r3]
20000904:	2b00      	cmp	r3, #0
20000906:	d127      	bne.n	20000958 <dcd_rp2040_irq+0x414>
20000908:	4b5c      	ldr	r3, [pc, #368]	@ (20000a7c <dcd_rp2040_irq+0x538>)
2000090a:	5ce3      	ldrb	r3, [r4, r3]
2000090c:	2b02      	cmp	r3, #2
2000090e:	d000      	beq.n	20000912 <dcd_rp2040_irq+0x3ce>
20000910:	e68b      	b.n	2000062a <dcd_rp2040_irq+0xe6>
20000912:	003e      	movs	r6, r7
20000914:	4b5a      	ldr	r3, [pc, #360]	@ (20000a80 <dcd_rp2040_irq+0x53c>)
20000916:	5ce3      	ldrb	r3, [r4, r3]
20000918:	2b00      	cmp	r3, #0
2000091a:	d100      	bne.n	2000091e <dcd_rp2040_irq+0x3da>
2000091c:	e67a      	b.n	20000614 <dcd_rp2040_irq+0xd0>
2000091e:	23ff      	movs	r3, #255	@ 0xff
20000920:	009b      	lsls	r3, r3, #2
20000922:	5ce2      	ldrb	r2, [r4, r3]
20000924:	2a00      	cmp	r2, #0
20000926:	d100      	bne.n	2000092a <dcd_rp2040_irq+0x3e6>
20000928:	e67f      	b.n	2000062a <dcd_rp2040_irq+0xe6>
2000092a:	2200      	movs	r2, #0
2000092c:	54e2      	strb	r2, [r4, r3]
2000092e:	3b1c      	subs	r3, #28
20000930:	18e0      	adds	r0, r4, r3
20000932:	f000 f9cd 	bl	20000cd0 <hw_endpoint_start_next_buffer>
20000936:	e678      	b.n	2000062a <dcd_rp2040_irq+0xe6>
20000938:	4b52      	ldr	r3, [pc, #328]	@ (20000a84 <dcd_rp2040_irq+0x540>)
2000093a:	5ce7      	ldrb	r7, [r4, r3]
2000093c:	2f00      	cmp	r7, #0
2000093e:	d100      	bne.n	20000942 <dcd_rp2040_irq+0x3fe>
20000940:	e659      	b.n	200005f6 <dcd_rp2040_irq+0xb2>
20000942:	3302      	adds	r3, #2
20000944:	5ce2      	ldrb	r2, [r4, r3]
20000946:	2a00      	cmp	r2, #0
20000948:	d116      	bne.n	20000978 <dcd_rp2040_irq+0x434>
2000094a:	003e      	movs	r6, r7
2000094c:	e653      	b.n	200005f6 <dcd_rp2040_irq+0xb2>
2000094e:	4b4a      	ldr	r3, [pc, #296]	@ (20000a78 <dcd_rp2040_irq+0x534>)
20000950:	5ce3      	ldrb	r3, [r4, r3]
20000952:	2b00      	cmp	r3, #0
20000954:	d100      	bne.n	20000958 <dcd_rp2040_irq+0x414>
20000956:	e658      	b.n	2000060a <dcd_rp2040_irq+0xc6>
20000958:	23ef      	movs	r3, #239	@ 0xef
2000095a:	009b      	lsls	r3, r3, #2
2000095c:	5ce2      	ldrb	r2, [r4, r3]
2000095e:	2a00      	cmp	r2, #0
20000960:	d175      	bne.n	20000a4e <dcd_rp2040_irq+0x50a>
20000962:	4b46      	ldr	r3, [pc, #280]	@ (20000a7c <dcd_rp2040_irq+0x538>)
20000964:	5ce3      	ldrb	r3, [r4, r3]
20000966:	2b02      	cmp	r3, #2
20000968:	d000      	beq.n	2000096c <dcd_rp2040_irq+0x428>
2000096a:	e65e      	b.n	2000062a <dcd_rp2040_irq+0xe6>
2000096c:	4b44      	ldr	r3, [pc, #272]	@ (20000a80 <dcd_rp2040_irq+0x53c>)
2000096e:	5ce3      	ldrb	r3, [r4, r3]
20000970:	2b00      	cmp	r3, #0
20000972:	d100      	bne.n	20000976 <dcd_rp2040_irq+0x432>
20000974:	e659      	b.n	2000062a <dcd_rp2040_irq+0xe6>
20000976:	e7d2      	b.n	2000091e <dcd_rp2040_irq+0x3da>
20000978:	2200      	movs	r2, #0
2000097a:	54e2      	strb	r2, [r4, r3]
2000097c:	3b1c      	subs	r3, #28
2000097e:	18e0      	adds	r0, r4, r3
20000980:	f000 f9a6 	bl	20000cd0 <hw_endpoint_start_next_buffer>
20000984:	003e      	movs	r6, r7
20000986:	e636      	b.n	200005f6 <dcd_rp2040_irq+0xb2>
20000988:	0020      	movs	r0, r4
2000098a:	2200      	movs	r2, #0
2000098c:	30a0      	adds	r0, #160	@ 0xa0
2000098e:	54e2      	strb	r2, [r4, r3]
20000990:	003e      	movs	r6, r7
20000992:	f000 f99d 	bl	20000cd0 <hw_endpoint_start_next_buffer>
20000996:	e5f8      	b.n	2000058a <dcd_rp2040_irq+0x46>
20000998:	0020      	movs	r0, r4
2000099a:	2200      	movs	r2, #0
2000099c:	3060      	adds	r0, #96	@ 0x60
2000099e:	54e2      	strb	r2, [r4, r3]
200009a0:	003e      	movs	r6, r7
200009a2:	f000 f995 	bl	20000cd0 <hw_endpoint_start_next_buffer>
200009a6:	e5eb      	b.n	20000580 <dcd_rp2040_irq+0x3c>
200009a8:	2200      	movs	r2, #0
200009aa:	54e2      	strb	r2, [r4, r3]
200009ac:	3b1c      	subs	r3, #28
200009ae:	18e0      	adds	r0, r4, r3
200009b0:	f000 f98e 	bl	20000cd0 <hw_endpoint_start_next_buffer>
200009b4:	003e      	movs	r6, r7
200009b6:	e614      	b.n	200005e2 <dcd_rp2040_irq+0x9e>
200009b8:	2200      	movs	r2, #0
200009ba:	54e2      	strb	r2, [r4, r3]
200009bc:	3b1c      	subs	r3, #28
200009be:	18e0      	adds	r0, r4, r3
200009c0:	f000 f986 	bl	20000cd0 <hw_endpoint_start_next_buffer>
200009c4:	003e      	movs	r6, r7
200009c6:	e602      	b.n	200005ce <dcd_rp2040_irq+0x8a>
200009c8:	2200      	movs	r2, #0
200009ca:	54e2      	strb	r2, [r4, r3]
200009cc:	3b1c      	subs	r3, #28
200009ce:	18e0      	adds	r0, r4, r3
200009d0:	f000 f97e 	bl	20000cd0 <hw_endpoint_start_next_buffer>
200009d4:	003e      	movs	r6, r7
200009d6:	e609      	b.n	200005ec <dcd_rp2040_irq+0xa8>
200009d8:	0020      	movs	r0, r4
200009da:	2200      	movs	r2, #0
200009dc:	30a1      	adds	r0, #161	@ 0xa1
200009de:	30ff      	adds	r0, #255	@ 0xff
200009e0:	54e2      	strb	r2, [r4, r3]
200009e2:	003e      	movs	r6, r7
200009e4:	f000 f974 	bl	20000cd0 <hw_endpoint_start_next_buffer>
200009e8:	e5e6      	b.n	200005b8 <dcd_rp2040_irq+0x74>
200009ea:	0020      	movs	r0, r4
200009ec:	2200      	movs	r2, #0
200009ee:	3021      	adds	r0, #33	@ 0x21
200009f0:	30ff      	adds	r0, #255	@ 0xff
200009f2:	54e2      	strb	r2, [r4, r3]
200009f4:	003e      	movs	r6, r7
200009f6:	f000 f96b 	bl	20000cd0 <hw_endpoint_start_next_buffer>
200009fa:	e5d1      	b.n	200005a0 <dcd_rp2040_irq+0x5c>
200009fc:	2200      	movs	r2, #0
200009fe:	54e2      	strb	r2, [r4, r3]
20000a00:	3b1c      	subs	r3, #28
20000a02:	18e0      	adds	r0, r4, r3
20000a04:	f000 f964 	bl	20000cd0 <hw_endpoint_start_next_buffer>
20000a08:	003e      	movs	r6, r7
20000a0a:	e5e5      	b.n	200005d8 <dcd_rp2040_irq+0x94>
20000a0c:	0020      	movs	r0, r4
20000a0e:	2200      	movs	r2, #0
20000a10:	3061      	adds	r0, #97	@ 0x61
20000a12:	30ff      	adds	r0, #255	@ 0xff
20000a14:	54e2      	strb	r2, [r4, r3]
20000a16:	003e      	movs	r6, r7
20000a18:	f000 f95a 	bl	20000cd0 <hw_endpoint_start_next_buffer>
20000a1c:	e5c6      	b.n	200005ac <dcd_rp2040_irq+0x68>
20000a1e:	0020      	movs	r0, r4
20000a20:	2200      	movs	r2, #0
20000a22:	30e1      	adds	r0, #225	@ 0xe1
20000a24:	30ff      	adds	r0, #255	@ 0xff
20000a26:	54e2      	strb	r2, [r4, r3]
20000a28:	003e      	movs	r6, r7
20000a2a:	f000 f951 	bl	20000cd0 <hw_endpoint_start_next_buffer>
20000a2e:	e5c9      	b.n	200005c4 <dcd_rp2040_irq+0x80>
20000a30:	0020      	movs	r0, r4
20000a32:	2200      	movs	r2, #0
20000a34:	30e0      	adds	r0, #224	@ 0xe0
20000a36:	54e2      	strb	r2, [r4, r3]
20000a38:	003e      	movs	r6, r7
20000a3a:	f000 f949 	bl	20000cd0 <hw_endpoint_start_next_buffer>
20000a3e:	e5a9      	b.n	20000594 <dcd_rp2040_irq+0x50>
20000a40:	2200      	movs	r2, #0
20000a42:	54e2      	strb	r2, [r4, r3]
20000a44:	3b1c      	subs	r3, #28
20000a46:	18e0      	adds	r0, r4, r3
20000a48:	f000 f942 	bl	20000cd0 <hw_endpoint_start_next_buffer>
20000a4c:	e754      	b.n	200008f8 <dcd_rp2040_irq+0x3b4>
20000a4e:	2200      	movs	r2, #0
20000a50:	54e2      	strb	r2, [r4, r3]
20000a52:	3b1c      	subs	r3, #28
20000a54:	18e0      	adds	r0, r4, r3
20000a56:	f000 f93b 	bl	20000cd0 <hw_endpoint_start_next_buffer>
20000a5a:	e782      	b.n	20000962 <dcd_rp2040_irq+0x41e>
20000a5c:	0031      	movs	r1, r6
20000a5e:	480a      	ldr	r0, [pc, #40]	@ (20000a88 <dcd_rp2040_irq+0x544>)
20000a60:	4069      	eors	r1, r5
20000a62:	f000 fb01 	bl	20001068 <__panic_veneer>
20000a66:	46c0      	nop			@ (mov r8, r8)
20000a68:	0000023a 	.word	0x0000023a
20000a6c:	000002ba 	.word	0x000002ba
20000a70:	0000037a 	.word	0x0000037a
20000a74:	000003bb 	.word	0x000003bb
20000a78:	000003ba 	.word	0x000003ba
20000a7c:	000003fb 	.word	0x000003fb
20000a80:	000003fa 	.word	0x000003fa
20000a84:	0000033a 	.word	0x0000033a
20000a88:	10008960 	.word	0x10008960

20000a8c <prepare_ep_buffer>:
20000a8c:	b5f0      	push	{r4, r5, r6, r7, lr}
20000a8e:	46c6      	mov	lr, r8
20000a90:	b500      	push	{lr}
20000a92:	0002      	movs	r2, r0
20000a94:	8a83      	ldrh	r3, [r0, #20]
20000a96:	8b00      	ldrh	r0, [r0, #24]
20000a98:	468c      	mov	ip, r1
20000a9a:	1c01      	adds	r1, r0, #0
20000a9c:	4298      	cmp	r0, r3
20000a9e:	d900      	bls.n	20000aa2 <prepare_ep_buffer+0x16>
20000aa0:	1c19      	adds	r1, r3, #0
20000aa2:	78d4      	ldrb	r4, [r2, #3]
20000aa4:	2580      	movs	r5, #128	@ 0x80
20000aa6:	0020      	movs	r0, r4
20000aa8:	1e46      	subs	r6, r0, #1
20000aaa:	41b0      	sbcs	r0, r6
20000aac:	b289      	uxth	r1, r1
20000aae:	00ed      	lsls	r5, r5, #3
20000ab0:	430d      	orrs	r5, r1
20000ab2:	0340      	lsls	r0, r0, #13
20000ab4:	4328      	orrs	r0, r5
20000ab6:	2501      	movs	r5, #1
20000ab8:	406c      	eors	r4, r5
20000aba:	1a5b      	subs	r3, r3, r1
20000abc:	70d4      	strb	r4, [r2, #3]
20000abe:	7854      	ldrb	r4, [r2, #1]
20000ac0:	b29b      	uxth	r3, r3
20000ac2:	8293      	strh	r3, [r2, #20]
20000ac4:	2c00      	cmp	r4, #0
20000ac6:	d131      	bne.n	20000b2c <prepare_ep_buffer+0xa0>
20000ac8:	4664      	mov	r4, ip
20000aca:	68d5      	ldr	r5, [r2, #12]
20000acc:	01a4      	lsls	r4, r4, #6
20000ace:	1e4e      	subs	r6, r1, #1
20000ad0:	192d      	adds	r5, r5, r4
20000ad2:	46b0      	mov	r8, r6
20000ad4:	6914      	ldr	r4, [r2, #16]
20000ad6:	2900      	cmp	r1, #0
20000ad8:	d023      	beq.n	20000b22 <prepare_ep_buffer+0x96>
20000ada:	2e06      	cmp	r6, #6
20000adc:	d932      	bls.n	20000b44 <prepare_ep_buffer+0xb8>
20000ade:	002b      	movs	r3, r5
20000ae0:	4323      	orrs	r3, r4
20000ae2:	079b      	lsls	r3, r3, #30
20000ae4:	d12e      	bne.n	20000b44 <prepare_ep_buffer+0xb8>
20000ae6:	1c63      	adds	r3, r4, #1
20000ae8:	1aeb      	subs	r3, r5, r3
20000aea:	2b02      	cmp	r3, #2
20000aec:	d92a      	bls.n	20000b44 <prepare_ep_buffer+0xb8>
20000aee:	2300      	movs	r3, #0
20000af0:	088f      	lsrs	r7, r1, #2
20000af2:	00bf      	lsls	r7, r7, #2
20000af4:	58e6      	ldr	r6, [r4, r3]
20000af6:	50ee      	str	r6, [r5, r3]
20000af8:	3304      	adds	r3, #4
20000afa:	429f      	cmp	r7, r3
20000afc:	d1fa      	bne.n	20000af4 <prepare_ep_buffer+0x68>
20000afe:	4643      	mov	r3, r8
20000b00:	19ed      	adds	r5, r5, r7
20000b02:	1bdb      	subs	r3, r3, r7
20000b04:	19e4      	adds	r4, r4, r7
20000b06:	42b9      	cmp	r1, r7
20000b08:	d009      	beq.n	20000b1e <prepare_ep_buffer+0x92>
20000b0a:	7826      	ldrb	r6, [r4, #0]
20000b0c:	702e      	strb	r6, [r5, #0]
20000b0e:	2b00      	cmp	r3, #0
20000b10:	d005      	beq.n	20000b1e <prepare_ep_buffer+0x92>
20000b12:	7866      	ldrb	r6, [r4, #1]
20000b14:	706e      	strb	r6, [r5, #1]
20000b16:	2b01      	cmp	r3, #1
20000b18:	d001      	beq.n	20000b1e <prepare_ep_buffer+0x92>
20000b1a:	78a3      	ldrb	r3, [r4, #2]
20000b1c:	70ab      	strb	r3, [r5, #2]
20000b1e:	6914      	ldr	r4, [r2, #16]
20000b20:	8a93      	ldrh	r3, [r2, #20]
20000b22:	1864      	adds	r4, r4, r1
20000b24:	6114      	str	r4, [r2, #16]
20000b26:	2280      	movs	r2, #128	@ 0x80
20000b28:	0212      	lsls	r2, r2, #8
20000b2a:	4310      	orrs	r0, r2
20000b2c:	2b00      	cmp	r3, #0
20000b2e:	d102      	bne.n	20000b36 <prepare_ep_buffer+0xaa>
20000b30:	2380      	movs	r3, #128	@ 0x80
20000b32:	01db      	lsls	r3, r3, #7
20000b34:	4318      	orrs	r0, r3
20000b36:	4663      	mov	r3, ip
20000b38:	2b00      	cmp	r3, #0
20000b3a:	d000      	beq.n	20000b3e <prepare_ep_buffer+0xb2>
20000b3c:	0400      	lsls	r0, r0, #16
20000b3e:	bc80      	pop	{r7}
20000b40:	46b8      	mov	r8, r7
20000b42:	bdf0      	pop	{r4, r5, r6, r7, pc}
20000b44:	2300      	movs	r3, #0
20000b46:	5ce6      	ldrb	r6, [r4, r3]
20000b48:	54ee      	strb	r6, [r5, r3]
20000b4a:	3301      	adds	r3, #1
20000b4c:	4299      	cmp	r1, r3
20000b4e:	d1fa      	bne.n	20000b46 <prepare_ep_buffer+0xba>
20000b50:	e7e5      	b.n	20000b1e <prepare_ep_buffer+0x92>
20000b52:	46c0      	nop			@ (mov r8, r8)

20000b54 <sync_ep_buffer>:
20000b54:	6883      	ldr	r3, [r0, #8]
20000b56:	b5f0      	push	{r4, r5, r6, r7, lr}
20000b58:	681a      	ldr	r2, [r3, #0]
20000b5a:	0004      	movs	r4, r0
20000b5c:	2900      	cmp	r1, #0
20000b5e:	d000      	beq.n	20000b62 <sync_ep_buffer+0xe>
20000b60:	0c12      	lsrs	r2, r2, #16
20000b62:	7863      	ldrb	r3, [r4, #1]
20000b64:	0592      	lsls	r2, r2, #22
20000b66:	0d90      	lsrs	r0, r2, #22
20000b68:	2b00      	cmp	r3, #0
20000b6a:	d108      	bne.n	20000b7e <sync_ep_buffer+0x2a>
20000b6c:	8ae3      	ldrh	r3, [r4, #22]
20000b6e:	18c3      	adds	r3, r0, r3
20000b70:	82e3      	strh	r3, [r4, #22]
20000b72:	8b23      	ldrh	r3, [r4, #24]
20000b74:	4283      	cmp	r3, r0
20000b76:	d901      	bls.n	20000b7c <sync_ep_buffer+0x28>
20000b78:	2300      	movs	r3, #0
20000b7a:	82a3      	strh	r3, [r4, #20]
20000b7c:	bdf0      	pop	{r4, r5, r6, r7, pc}
20000b7e:	68e3      	ldr	r3, [r4, #12]
20000b80:	0189      	lsls	r1, r1, #6
20000b82:	6925      	ldr	r5, [r4, #16]
20000b84:	185e      	adds	r6, r3, r1
20000b86:	1e47      	subs	r7, r0, #1
20000b88:	2800      	cmp	r0, #0
20000b8a:	d022      	beq.n	20000bd2 <sync_ep_buffer+0x7e>
20000b8c:	2f06      	cmp	r7, #6
20000b8e:	d926      	bls.n	20000bde <sync_ep_buffer+0x8a>
20000b90:	3101      	adds	r1, #1
20000b92:	185b      	adds	r3, r3, r1
20000b94:	1aeb      	subs	r3, r5, r3
20000b96:	2b02      	cmp	r3, #2
20000b98:	d921      	bls.n	20000bde <sync_ep_buffer+0x8a>
20000b9a:	002b      	movs	r3, r5
20000b9c:	4333      	orrs	r3, r6
20000b9e:	079b      	lsls	r3, r3, #30
20000ba0:	d11d      	bne.n	20000bde <sync_ep_buffer+0x8a>
20000ba2:	2300      	movs	r3, #0
20000ba4:	0e12      	lsrs	r2, r2, #24
20000ba6:	0092      	lsls	r2, r2, #2
20000ba8:	58f1      	ldr	r1, [r6, r3]
20000baa:	50e9      	str	r1, [r5, r3]
20000bac:	3304      	adds	r3, #4
20000bae:	429a      	cmp	r2, r3
20000bb0:	d1fa      	bne.n	20000ba8 <sync_ep_buffer+0x54>
20000bb2:	1abf      	subs	r7, r7, r2
20000bb4:	18ad      	adds	r5, r5, r2
20000bb6:	18b6      	adds	r6, r6, r2
20000bb8:	4290      	cmp	r0, r2
20000bba:	d009      	beq.n	20000bd0 <sync_ep_buffer+0x7c>
20000bbc:	7832      	ldrb	r2, [r6, #0]
20000bbe:	702a      	strb	r2, [r5, #0]
20000bc0:	2f00      	cmp	r7, #0
20000bc2:	d005      	beq.n	20000bd0 <sync_ep_buffer+0x7c>
20000bc4:	7872      	ldrb	r2, [r6, #1]
20000bc6:	706a      	strb	r2, [r5, #1]
20000bc8:	2f01      	cmp	r7, #1
20000bca:	d001      	beq.n	20000bd0 <sync_ep_buffer+0x7c>
20000bcc:	78b2      	ldrb	r2, [r6, #2]
20000bce:	70aa      	strb	r2, [r5, #2]
20000bd0:	6925      	ldr	r5, [r4, #16]
20000bd2:	8ae3      	ldrh	r3, [r4, #22]
20000bd4:	182d      	adds	r5, r5, r0
20000bd6:	18c3      	adds	r3, r0, r3
20000bd8:	82e3      	strh	r3, [r4, #22]
20000bda:	6125      	str	r5, [r4, #16]
20000bdc:	e7c9      	b.n	20000b72 <sync_ep_buffer+0x1e>
20000bde:	2200      	movs	r2, #0
20000be0:	5cb3      	ldrb	r3, [r6, r2]
20000be2:	54ab      	strb	r3, [r5, r2]
20000be4:	3201      	adds	r2, #1
20000be6:	4290      	cmp	r0, r2
20000be8:	d1fa      	bne.n	20000be0 <sync_ep_buffer+0x8c>
20000bea:	6925      	ldr	r5, [r4, #16]
20000bec:	e7f1      	b.n	20000bd2 <sync_ep_buffer+0x7e>
20000bee:	46c0      	nop			@ (mov r8, r8)

20000bf0 <_hw_endpoint_xfer_sync>:
20000bf0:	b510      	push	{r4, lr}
20000bf2:	0004      	movs	r4, r0
20000bf4:	6883      	ldr	r3, [r0, #8]
20000bf6:	2100      	movs	r1, #0
20000bf8:	681b      	ldr	r3, [r3, #0]
20000bfa:	f7ff ffab 	bl	20000b54 <sync_ep_buffer>
20000bfe:	6863      	ldr	r3, [r4, #4]
20000c00:	681b      	ldr	r3, [r3, #0]
20000c02:	005b      	lsls	r3, r3, #1
20000c04:	d502      	bpl.n	20000c0c <_hw_endpoint_xfer_sync+0x1c>
20000c06:	8b23      	ldrh	r3, [r4, #24]
20000c08:	4283      	cmp	r3, r0
20000c0a:	d000      	beq.n	20000c0e <_hw_endpoint_xfer_sync+0x1e>
20000c0c:	bd10      	pop	{r4, pc}
20000c0e:	2101      	movs	r1, #1
20000c10:	0020      	movs	r0, r4
20000c12:	f7ff ff9f 	bl	20000b54 <sync_ep_buffer>
20000c16:	e7f9      	b.n	20000c0c <_hw_endpoint_xfer_sync+0x1c>

20000c18 <e15_is_bulkin_ep>:
20000c18:	4a08      	ldr	r2, [pc, #32]	@ (20000c3c <e15_is_bulkin_ep+0x24>)
20000c1a:	0003      	movs	r3, r0
20000c1c:	6c12      	ldr	r2, [r2, #64]	@ 0x40
20000c1e:	2000      	movs	r0, #0
20000c20:	0792      	lsls	r2, r2, #30
20000c22:	d403      	bmi.n	20000c2c <e15_is_bulkin_ep+0x14>
20000c24:	789a      	ldrb	r2, [r3, #2]
20000c26:	09d2      	lsrs	r2, r2, #7
20000c28:	2a01      	cmp	r2, #1
20000c2a:	d000      	beq.n	20000c2e <e15_is_bulkin_ep+0x16>
20000c2c:	4770      	bx	lr
20000c2e:	7ed8      	ldrb	r0, [r3, #27]
20000c30:	3802      	subs	r0, #2
20000c32:	4243      	negs	r3, r0
20000c34:	4158      	adcs	r0, r3
20000c36:	b2c0      	uxtb	r0, r0
20000c38:	e7f8      	b.n	20000c2c <e15_is_bulkin_ep+0x14>
20000c3a:	46c0      	nop			@ (mov r8, r8)
20000c3c:	50110000 	.word	0x50110000

20000c40 <e15_is_critical_frame_period>:
20000c40:	b510      	push	{r4, lr}
20000c42:	f7ff ffe9 	bl	20000c18 <e15_is_bulkin_ep>
20000c46:	2800      	cmp	r0, #0
20000c48:	d00c      	beq.n	20000c64 <e15_is_critical_frame_period+0x24>
20000c4a:	4907      	ldr	r1, [pc, #28]	@ (20000c68 <e15_is_critical_frame_period+0x28>)
20000c4c:	4b07      	ldr	r3, [pc, #28]	@ (20000c6c <e15_is_critical_frame_period+0x2c>)
20000c4e:	468c      	mov	ip, r1
20000c50:	4a07      	ldr	r2, [pc, #28]	@ (20000c70 <e15_is_critical_frame_period+0x30>)
20000c52:	6a9b      	ldr	r3, [r3, #40]	@ 0x28
20000c54:	6812      	ldr	r2, [r2, #0]
20000c56:	4463      	add	r3, ip
20000c58:	1a9b      	subs	r3, r3, r2
20000c5a:	2000      	movs	r0, #0
20000c5c:	22c6      	movs	r2, #198	@ 0xc6
20000c5e:	429a      	cmp	r2, r3
20000c60:	4140      	adcs	r0, r0
20000c62:	b2c0      	uxtb	r0, r0
20000c64:	bd10      	pop	{r4, pc}
20000c66:	46c0      	nop			@ (mov r8, r8)
20000c68:	fffffce0 	.word	0xfffffce0
20000c6c:	40054000 	.word	0x40054000
20000c70:	20002314 	.word	0x20002314

20000c74 <hw_endpoint_reset_transfer>:
20000c74:	2300      	movs	r3, #0
20000c76:	7683      	strb	r3, [r0, #26]
20000c78:	6143      	str	r3, [r0, #20]
20000c7a:	6103      	str	r3, [r0, #16]
20000c7c:	4770      	bx	lr
20000c7e:	46c0      	nop			@ (mov r8, r8)

20000c80 <_hw_endpoint_buffer_control_update32>:
20000c80:	b510      	push	{r4, lr}
20000c82:	6883      	ldr	r3, [r0, #8]
20000c84:	2900      	cmp	r1, #0
20000c86:	d001      	beq.n	20000c8c <_hw_endpoint_buffer_control_update32+0xc>
20000c88:	681c      	ldr	r4, [r3, #0]
20000c8a:	4021      	ands	r1, r4
20000c8c:	2a00      	cmp	r2, #0
20000c8e:	d012      	beq.n	20000cb6 <_hw_endpoint_buffer_control_update32+0x36>
20000c90:	2480      	movs	r4, #128	@ 0x80
20000c92:	00e4      	lsls	r4, r4, #3
20000c94:	4311      	orrs	r1, r2
20000c96:	4222      	tst	r2, r4
20000c98:	d00d      	beq.n	20000cb6 <_hw_endpoint_buffer_control_update32+0x36>
20000c9a:	681a      	ldr	r2, [r3, #0]
20000c9c:	4222      	tst	r2, r4
20000c9e:	d10c      	bne.n	20000cba <_hw_endpoint_buffer_control_update32+0x3a>
20000ca0:	4a08      	ldr	r2, [pc, #32]	@ (20000cc4 <_hw_endpoint_buffer_control_update32+0x44>)
20000ca2:	400a      	ands	r2, r1
20000ca4:	601a      	str	r2, [r3, #0]
20000ca6:	4a08      	ldr	r2, [pc, #32]	@ (20000cc8 <_hw_endpoint_buffer_control_update32+0x48>)
20000ca8:	6c12      	ldr	r2, [r2, #64]	@ 0x40
20000caa:	0792      	lsls	r2, r2, #30
20000cac:	d403      	bmi.n	20000cb6 <_hw_endpoint_buffer_control_update32+0x36>
20000cae:	230c      	movs	r3, #12
20000cb0:	3b03      	subs	r3, #3
20000cb2:	d2fd      	bcs.n	20000cb0 <_hw_endpoint_buffer_control_update32+0x30>
20000cb4:	6883      	ldr	r3, [r0, #8]
20000cb6:	6019      	str	r1, [r3, #0]
20000cb8:	bd10      	pop	{r4, pc}
20000cba:	7881      	ldrb	r1, [r0, #2]
20000cbc:	4803      	ldr	r0, [pc, #12]	@ (20000ccc <_hw_endpoint_buffer_control_update32+0x4c>)
20000cbe:	f000 f9d3 	bl	20001068 <__panic_veneer>
20000cc2:	46c0      	nop			@ (mov r8, r8)
20000cc4:	fffffbff 	.word	0xfffffbff
20000cc8:	50110000 	.word	0x50110000
20000ccc:	10008974 	.word	0x10008974

20000cd0 <hw_endpoint_start_next_buffer>:
20000cd0:	6843      	ldr	r3, [r0, #4]
20000cd2:	b570      	push	{r4, r5, r6, lr}
20000cd4:	2100      	movs	r1, #0
20000cd6:	2580      	movs	r5, #128	@ 0x80
20000cd8:	0004      	movs	r4, r0
20000cda:	681e      	ldr	r6, [r3, #0]
20000cdc:	f7ff fed6 	bl	20000a8c <prepare_ep_buffer>
20000ce0:	4b12      	ldr	r3, [pc, #72]	@ (20000d2c <hw_endpoint_start_next_buffer+0x5c>)
20000ce2:	016d      	lsls	r5, r5, #5
20000ce4:	6c1a      	ldr	r2, [r3, #64]	@ 0x40
20000ce6:	4305      	orrs	r5, r0
20000ce8:	78a3      	ldrb	r3, [r4, #2]
20000cea:	0792      	lsls	r2, r2, #30
20000cec:	d50e      	bpl.n	20000d0c <hw_endpoint_start_next_buffer+0x3c>
20000cee:	065b      	lsls	r3, r3, #25
20000cf0:	d00e      	beq.n	20000d10 <hw_endpoint_start_next_buffer+0x40>
20000cf2:	4b0f      	ldr	r3, [pc, #60]	@ (20000d30 <hw_endpoint_start_next_buffer+0x60>)
20000cf4:	401e      	ands	r6, r3
20000cf6:	2380      	movs	r3, #128	@ 0x80
20000cf8:	059b      	lsls	r3, r3, #22
20000cfa:	4333      	orrs	r3, r6
20000cfc:	6862      	ldr	r2, [r4, #4]
20000cfe:	2100      	movs	r1, #0
20000d00:	6013      	str	r3, [r2, #0]
20000d02:	0020      	movs	r0, r4
20000d04:	002a      	movs	r2, r5
20000d06:	f7ff ffbb 	bl	20000c80 <_hw_endpoint_buffer_control_update32>
20000d0a:	bd70      	pop	{r4, r5, r6, pc}
20000d0c:	09db      	lsrs	r3, r3, #7
20000d0e:	d0f0      	beq.n	20000cf2 <hw_endpoint_start_next_buffer+0x22>
20000d10:	8aa3      	ldrh	r3, [r4, #20]
20000d12:	2b00      	cmp	r3, #0
20000d14:	d0ed      	beq.n	20000cf2 <hw_endpoint_start_next_buffer+0x22>
20000d16:	2101      	movs	r1, #1
20000d18:	0020      	movs	r0, r4
20000d1a:	f7ff feb7 	bl	20000a8c <prepare_ep_buffer>
20000d1e:	23a0      	movs	r3, #160	@ 0xa0
20000d20:	4a04      	ldr	r2, [pc, #16]	@ (20000d34 <hw_endpoint_start_next_buffer+0x64>)
20000d22:	05db      	lsls	r3, r3, #23
20000d24:	4032      	ands	r2, r6
20000d26:	4305      	orrs	r5, r0
20000d28:	4313      	orrs	r3, r2
20000d2a:	e7e7      	b.n	20000cfc <hw_endpoint_start_next_buffer+0x2c>
20000d2c:	50110000 	.word	0x50110000
20000d30:	afffffff 	.word	0xafffffff
20000d34:	dfffffff 	.word	0xdfffffff

20000d38 <hw_endpoint_xfer_continue>:
20000d38:	b570      	push	{r4, r5, r6, lr}
20000d3a:	7e85      	ldrb	r5, [r0, #26]
20000d3c:	0004      	movs	r4, r0
20000d3e:	2d00      	cmp	r5, #0
20000d40:	d014      	beq.n	20000d6c <hw_endpoint_xfer_continue+0x34>
20000d42:	f7ff ff55 	bl	20000bf0 <_hw_endpoint_xfer_sync>
20000d46:	8aa3      	ldrh	r3, [r4, #20]
20000d48:	2b00      	cmp	r3, #0
20000d4a:	d101      	bne.n	20000d50 <hw_endpoint_xfer_continue+0x18>
20000d4c:	0028      	movs	r0, r5
20000d4e:	bd70      	pop	{r4, r5, r6, pc}
20000d50:	0020      	movs	r0, r4
20000d52:	f7ff ff75 	bl	20000c40 <e15_is_critical_frame_period>
20000d56:	2800      	cmp	r0, #0
20000d58:	d003      	beq.n	20000d62 <hw_endpoint_xfer_continue+0x2a>
20000d5a:	2301      	movs	r3, #1
20000d5c:	2500      	movs	r5, #0
20000d5e:	7723      	strb	r3, [r4, #28]
20000d60:	e7f4      	b.n	20000d4c <hw_endpoint_xfer_continue+0x14>
20000d62:	0020      	movs	r0, r4
20000d64:	f7ff ffb4 	bl	20000cd0 <hw_endpoint_start_next_buffer>
20000d68:	2500      	movs	r5, #0
20000d6a:	e7ef      	b.n	20000d4c <hw_endpoint_xfer_continue+0x14>
20000d6c:	7881      	ldrb	r1, [r0, #2]
20000d6e:	4801      	ldr	r0, [pc, #4]	@ (20000d74 <hw_endpoint_xfer_continue+0x3c>)
20000d70:	f000 f97a 	bl	20001068 <__panic_veneer>
20000d74:	10008994 	.word	0x10008994

20000d78 <dcd_event_handler>:
20000d78:	b5f0      	push	{r4, r5, r6, r7, lr}
20000d7a:	46ce      	mov	lr, r9
20000d7c:	4647      	mov	r7, r8
20000d7e:	b580      	push	{r7, lr}
20000d80:	7843      	ldrb	r3, [r0, #1]
20000d82:	0005      	movs	r5, r0
20000d84:	000e      	movs	r6, r1
20000d86:	b085      	sub	sp, #20
20000d88:	2b06      	cmp	r3, #6
20000d8a:	d808      	bhi.n	20000d9e <dcd_event_handler+0x26>
20000d8c:	4a6c      	ldr	r2, [pc, #432]	@ (20000f40 <dcd_event_handler+0x1c8>)
20000d8e:	009b      	lsls	r3, r3, #2
20000d90:	58d3      	ldr	r3, [r2, r3]
20000d92:	469f      	mov	pc, r3
20000d94:	4a6b      	ldr	r2, [pc, #428]	@ (20000f44 <dcd_event_handler+0x1cc>)
20000d96:	7813      	ldrb	r3, [r2, #0]
20000d98:	3301      	adds	r3, #1
20000d9a:	b2db      	uxtb	r3, r3
20000d9c:	7013      	strb	r3, [r2, #0]
20000d9e:	4b6a      	ldr	r3, [pc, #424]	@ (20000f48 <dcd_event_handler+0x1d0>)
20000da0:	681c      	ldr	r4, [r3, #0]
20000da2:	6962      	ldr	r2, [r4, #20]
20000da4:	f3ef 8110 	mrs	r1, PRIMASK
20000da8:	b672      	cpsid	i
20000daa:	6813      	ldr	r3, [r2, #0]
20000dac:	2b00      	cmp	r3, #0
20000dae:	d0fc      	beq.n	20000daa <dcd_event_handler+0x32>
20000db0:	f3bf 8f5f 	dmb	sy
20000db4:	61a1      	str	r1, [r4, #24]
20000db6:	0020      	movs	r0, r4
20000db8:	0029      	movs	r1, r5
20000dba:	f000 f97d 	bl	200010b8 <__tu_fifo_write_veneer>
20000dbe:	6962      	ldr	r2, [r4, #20]
20000dc0:	69a3      	ldr	r3, [r4, #24]
20000dc2:	f3bf 8f5f 	dmb	sy
20000dc6:	2100      	movs	r1, #0
20000dc8:	6011      	str	r1, [r2, #0]
20000dca:	f383 8810 	msr	PRIMASK, r3
20000dce:	2800      	cmp	r0, #0
20000dd0:	d104      	bne.n	20000ddc <dcd_event_handler+0x64>
20000dd2:	b005      	add	sp, #20
20000dd4:	bcc0      	pop	{r6, r7}
20000dd6:	46b9      	mov	r9, r7
20000dd8:	46b0      	mov	r8, r6
20000dda:	bdf0      	pop	{r4, r5, r6, r7, pc}
20000ddc:	0032      	movs	r2, r6
20000dde:	7869      	ldrb	r1, [r5, #1]
20000de0:	7828      	ldrb	r0, [r5, #0]
20000de2:	f000 f961 	bl	200010a8 <__tud_event_hook_cb_veneer>
20000de6:	e7f4      	b.n	20000dd2 <dcd_event_handler+0x5a>
20000de8:	2101      	movs	r1, #1
20000dea:	4b58      	ldr	r3, [pc, #352]	@ (20000f4c <dcd_event_handler+0x1d4>)
20000dec:	781a      	ldrb	r2, [r3, #0]
20000dee:	438a      	bics	r2, r1
20000df0:	701a      	strb	r2, [r3, #0]
20000df2:	781a      	ldrb	r2, [r3, #0]
20000df4:	3101      	adds	r1, #1
20000df6:	438a      	bics	r2, r1
20000df8:	701a      	strb	r2, [r3, #0]
20000dfa:	2200      	movs	r2, #0
20000dfc:	705a      	strb	r2, [r3, #1]
20000dfe:	781a      	ldrb	r2, [r3, #0]
20000e00:	3102      	adds	r1, #2
20000e02:	438a      	bics	r2, r1
20000e04:	701a      	strb	r2, [r3, #0]
20000e06:	e7ca      	b.n	20000d9e <dcd_event_handler+0x26>
20000e08:	4951      	ldr	r1, [pc, #324]	@ (20000f50 <dcd_event_handler+0x1d8>)
20000e0a:	4f52      	ldr	r7, [pc, #328]	@ (20000f54 <dcd_event_handler+0x1dc>)
20000e0c:	4689      	mov	r9, r1
20000e0e:	4952      	ldr	r1, [pc, #328]	@ (20000f58 <dcd_event_handler+0x1e0>)
20000e10:	2400      	movs	r4, #0
20000e12:	2300      	movs	r3, #0
20000e14:	4688      	mov	r8, r1
20000e16:	783a      	ldrb	r2, [r7, #0]
20000e18:	e012      	b.n	20000e40 <dcd_event_handler+0xc8>
20000e1a:	4643      	mov	r3, r8
20000e1c:	681b      	ldr	r3, [r3, #0]
20000e1e:	0161      	lsls	r1, r4, #5
20000e20:	185b      	adds	r3, r3, r1
20000e22:	2b00      	cmp	r3, #0
20000e24:	d006      	beq.n	20000e34 <dcd_event_handler+0xbc>
20000e26:	69db      	ldr	r3, [r3, #28]
20000e28:	2b00      	cmp	r3, #0
20000e2a:	d003      	beq.n	20000e34 <dcd_event_handler+0xbc>
20000e2c:	6869      	ldr	r1, [r5, #4]
20000e2e:	7828      	ldrb	r0, [r5, #0]
20000e30:	4798      	blx	r3
20000e32:	783a      	ldrb	r2, [r7, #0]
20000e34:	3401      	adds	r4, #1
20000e36:	b2e4      	uxtb	r4, r4
20000e38:	1c51      	adds	r1, r2, #1
20000e3a:	0023      	movs	r3, r4
20000e3c:	42a1      	cmp	r1, r4
20000e3e:	db17      	blt.n	20000e70 <dcd_event_handler+0xf8>
20000e40:	42a2      	cmp	r2, r4
20000e42:	d8ea      	bhi.n	20000e1a <dcd_event_handler+0xa2>
20000e44:	1a9b      	subs	r3, r3, r2
20000e46:	015b      	lsls	r3, r3, #5
20000e48:	444b      	add	r3, r9
20000e4a:	e7ec      	b.n	20000e26 <dcd_event_handler+0xae>
20000e4c:	4b3f      	ldr	r3, [pc, #252]	@ (20000f4c <dcd_event_handler+0x1d4>)
20000e4e:	781a      	ldrb	r2, [r3, #0]
20000e50:	07d2      	lsls	r2, r2, #31
20000e52:	d5be      	bpl.n	20000dd2 <dcd_event_handler+0x5a>
20000e54:	2104      	movs	r1, #4
20000e56:	781a      	ldrb	r2, [r3, #0]
20000e58:	430a      	orrs	r2, r1
20000e5a:	701a      	strb	r2, [r3, #0]
20000e5c:	e79f      	b.n	20000d9e <dcd_event_handler+0x26>
20000e5e:	4b3b      	ldr	r3, [pc, #236]	@ (20000f4c <dcd_event_handler+0x1d4>)
20000e60:	781a      	ldrb	r2, [r3, #0]
20000e62:	07d2      	lsls	r2, r2, #31
20000e64:	d5b5      	bpl.n	20000dd2 <dcd_event_handler+0x5a>
20000e66:	2104      	movs	r1, #4
20000e68:	781a      	ldrb	r2, [r3, #0]
20000e6a:	438a      	bics	r2, r1
20000e6c:	701a      	strb	r2, [r3, #0]
20000e6e:	e796      	b.n	20000d9e <dcd_event_handler+0x26>
20000e70:	4f36      	ldr	r7, [pc, #216]	@ (20000f4c <dcd_event_handler+0x1d4>)
20000e72:	783b      	ldrb	r3, [r7, #0]
20000e74:	075b      	lsls	r3, r3, #29
20000e76:	d52b      	bpl.n	20000ed0 <dcd_event_handler+0x158>
20000e78:	2204      	movs	r2, #4
20000e7a:	783b      	ldrb	r3, [r7, #0]
20000e7c:	2100      	movs	r1, #0
20000e7e:	4393      	bics	r3, r2
20000e80:	703b      	strb	r3, [r7, #0]
20000e82:	466b      	mov	r3, sp
20000e84:	3206      	adds	r2, #6
20000e86:	1d98      	adds	r0, r3, #6
20000e88:	f000 f8f6 	bl	20001078 <____wrap_memset_veneer>
20000e8c:	782b      	ldrb	r3, [r5, #0]
20000e8e:	ac01      	add	r4, sp, #4
20000e90:	7023      	strb	r3, [r4, #0]
20000e92:	2305      	movs	r3, #5
20000e94:	7063      	strb	r3, [r4, #1]
20000e96:	4b2c      	ldr	r3, [pc, #176]	@ (20000f48 <dcd_event_handler+0x1d0>)
20000e98:	681b      	ldr	r3, [r3, #0]
20000e9a:	4698      	mov	r8, r3
20000e9c:	695a      	ldr	r2, [r3, #20]
20000e9e:	f3ef 8110 	mrs	r1, PRIMASK
20000ea2:	b672      	cpsid	i
20000ea4:	6813      	ldr	r3, [r2, #0]
20000ea6:	2b00      	cmp	r3, #0
20000ea8:	d0fc      	beq.n	20000ea4 <dcd_event_handler+0x12c>
20000eaa:	f3bf 8f5f 	dmb	sy
20000eae:	4643      	mov	r3, r8
20000eb0:	4640      	mov	r0, r8
20000eb2:	6199      	str	r1, [r3, #24]
20000eb4:	0021      	movs	r1, r4
20000eb6:	f000 f8ff 	bl	200010b8 <__tu_fifo_write_veneer>
20000eba:	4643      	mov	r3, r8
20000ebc:	695a      	ldr	r2, [r3, #20]
20000ebe:	699b      	ldr	r3, [r3, #24]
20000ec0:	f3bf 8f5f 	dmb	sy
20000ec4:	2100      	movs	r1, #0
20000ec6:	6011      	str	r1, [r2, #0]
20000ec8:	f383 8810 	msr	PRIMASK, r3
20000ecc:	2800      	cmp	r0, #0
20000ece:	d131      	bne.n	20000f34 <dcd_event_handler+0x1bc>
20000ed0:	78fb      	ldrb	r3, [r7, #3]
20000ed2:	07db      	lsls	r3, r3, #31
20000ed4:	d400      	bmi.n	20000ed8 <dcd_event_handler+0x160>
20000ed6:	e77c      	b.n	20000dd2 <dcd_event_handler+0x5a>
20000ed8:	466b      	mov	r3, sp
20000eda:	220a      	movs	r2, #10
20000edc:	2100      	movs	r1, #0
20000ede:	1d98      	adds	r0, r3, #6
20000ee0:	f000 f8ca 	bl	20001078 <____wrap_memset_veneer>
20000ee4:	782b      	ldrb	r3, [r5, #0]
20000ee6:	ac01      	add	r4, sp, #4
20000ee8:	7023      	strb	r3, [r4, #0]
20000eea:	2303      	movs	r3, #3
20000eec:	7063      	strb	r3, [r4, #1]
20000eee:	686b      	ldr	r3, [r5, #4]
20000ef0:	6063      	str	r3, [r4, #4]
20000ef2:	4b15      	ldr	r3, [pc, #84]	@ (20000f48 <dcd_event_handler+0x1d0>)
20000ef4:	681d      	ldr	r5, [r3, #0]
20000ef6:	696a      	ldr	r2, [r5, #20]
20000ef8:	f3ef 8110 	mrs	r1, PRIMASK
20000efc:	b672      	cpsid	i
20000efe:	6813      	ldr	r3, [r2, #0]
20000f00:	2b00      	cmp	r3, #0
20000f02:	d0fc      	beq.n	20000efe <dcd_event_handler+0x186>
20000f04:	f3bf 8f5f 	dmb	sy
20000f08:	61a9      	str	r1, [r5, #24]
20000f0a:	0028      	movs	r0, r5
20000f0c:	0021      	movs	r1, r4
20000f0e:	f000 f8d3 	bl	200010b8 <__tu_fifo_write_veneer>
20000f12:	696a      	ldr	r2, [r5, #20]
20000f14:	69ab      	ldr	r3, [r5, #24]
20000f16:	f3bf 8f5f 	dmb	sy
20000f1a:	2100      	movs	r1, #0
20000f1c:	6011      	str	r1, [r2, #0]
20000f1e:	f383 8810 	msr	PRIMASK, r3
20000f22:	2800      	cmp	r0, #0
20000f24:	d100      	bne.n	20000f28 <dcd_event_handler+0x1b0>
20000f26:	e754      	b.n	20000dd2 <dcd_event_handler+0x5a>
20000f28:	0032      	movs	r2, r6
20000f2a:	7861      	ldrb	r1, [r4, #1]
20000f2c:	7820      	ldrb	r0, [r4, #0]
20000f2e:	f000 f8bb 	bl	200010a8 <__tud_event_hook_cb_veneer>
20000f32:	e74e      	b.n	20000dd2 <dcd_event_handler+0x5a>
20000f34:	0032      	movs	r2, r6
20000f36:	7861      	ldrb	r1, [r4, #1]
20000f38:	7820      	ldrb	r0, [r4, #0]
20000f3a:	f000 f8b5 	bl	200010a8 <__tud_event_hook_cb_veneer>
20000f3e:	e7c7      	b.n	20000ed0 <dcd_event_handler+0x158>
20000f40:	10008ea0 	.word	0x10008ea0
20000f44:	2000278f 	.word	0x2000278f
20000f48:	20001e20 	.word	0x20001e20
20000f4c:	20001dc8 	.word	0x20001dc8
20000f50:	10008ebc 	.word	0x10008ebc
20000f54:	2000278d 	.word	0x2000278d
20000f58:	20001c18 	.word	0x20001c18

20000f5c <spi_write_blocking>:
20000f5c:	b530      	push	{r4, r5, lr}
20000f5e:	0004      	movs	r4, r0
20000f60:	1e10      	subs	r0, r2, #0
20000f62:	d00a      	beq.n	20000f7a <spi_write_blocking+0x1e>
20000f64:	000a      	movs	r2, r1
20000f66:	180d      	adds	r5, r1, r0
20000f68:	2102      	movs	r1, #2
20000f6a:	68e3      	ldr	r3, [r4, #12]
20000f6c:	4219      	tst	r1, r3
20000f6e:	d0fc      	beq.n	20000f6a <spi_write_blocking+0xe>
20000f70:	7813      	ldrb	r3, [r2, #0]
20000f72:	3201      	adds	r2, #1
20000f74:	60a3      	str	r3, [r4, #8]
20000f76:	42aa      	cmp	r2, r5
20000f78:	d1f7      	bne.n	20000f6a <spi_write_blocking+0xe>
20000f7a:	68e3      	ldr	r3, [r4, #12]
20000f7c:	075b      	lsls	r3, r3, #29
20000f7e:	d504      	bpl.n	20000f8a <spi_write_blocking+0x2e>
20000f80:	2104      	movs	r1, #4
20000f82:	68a3      	ldr	r3, [r4, #8]
20000f84:	68e3      	ldr	r3, [r4, #12]
20000f86:	4219      	tst	r1, r3
20000f88:	d1fb      	bne.n	20000f82 <spi_write_blocking+0x26>
20000f8a:	2110      	movs	r1, #16
20000f8c:	68e3      	ldr	r3, [r4, #12]
20000f8e:	4219      	tst	r1, r3
20000f90:	d1fc      	bne.n	20000f8c <spi_write_blocking+0x30>
20000f92:	68e3      	ldr	r3, [r4, #12]
20000f94:	075b      	lsls	r3, r3, #29
20000f96:	d504      	bpl.n	20000fa2 <spi_write_blocking+0x46>
20000f98:	2104      	movs	r1, #4
20000f9a:	68a3      	ldr	r3, [r4, #8]
20000f9c:	68e3      	ldr	r3, [r4, #12]
20000f9e:	4219      	tst	r1, r3
20000fa0:	d1fb      	bne.n	20000f9a <spi_write_blocking+0x3e>
20000fa2:	2301      	movs	r3, #1
20000fa4:	6223      	str	r3, [r4, #32]
20000fa6:	bd30      	pop	{r4, r5, pc}

20000fa8 <spi_read_blocking>:
20000fa8:	b5f0      	push	{r4, r5, r6, r7, lr}
20000faa:	46ce      	mov	lr, r9
20000fac:	4647      	mov	r7, r8
20000fae:	0005      	movs	r5, r0
20000fb0:	001e      	movs	r6, r3
20000fb2:	0018      	movs	r0, r3
20000fb4:	001c      	movs	r4, r3
20000fb6:	2304      	movs	r3, #4
20000fb8:	b580      	push	{r7, lr}
20000fba:	4689      	mov	r9, r1
20000fbc:	2702      	movs	r7, #2
20000fbe:	469c      	mov	ip, r3
20000fc0:	2800      	cmp	r0, #0
20000fc2:	d02d      	beq.n	20001020 <spi_read_blocking+0x78>
20000fc4:	2e00      	cmp	r6, #0
20000fc6:	d02f      	beq.n	20001028 <spi_read_blocking+0x80>
20000fc8:	68eb      	ldr	r3, [r5, #12]
20000fca:	421f      	tst	r7, r3
20000fcc:	d016      	beq.n	20000ffc <spi_read_blocking+0x54>
20000fce:	0033      	movs	r3, r6
20000fd0:	3308      	adds	r3, #8
20000fd2:	42a3      	cmp	r3, r4
20000fd4:	d80f      	bhi.n	20000ff6 <spi_read_blocking+0x4e>
20000fd6:	2c00      	cmp	r4, #0
20000fd8:	d129      	bne.n	2000102e <spi_read_blocking+0x86>
20000fda:	2302      	movs	r3, #2
20000fdc:	68e9      	ldr	r1, [r5, #12]
20000fde:	420b      	tst	r3, r1
20000fe0:	d132      	bne.n	20001048 <spi_read_blocking+0xa0>
20000fe2:	2e00      	cmp	r6, #0
20000fe4:	d01c      	beq.n	20001020 <spi_read_blocking+0x78>
20000fe6:	68eb      	ldr	r3, [r5, #12]
20000fe8:	2400      	movs	r4, #0
20000fea:	421f      	tst	r7, r3
20000fec:	d0fb      	beq.n	20000fe6 <spi_read_blocking+0x3e>
20000fee:	0033      	movs	r3, r6
20000ff0:	3308      	adds	r3, #8
20000ff2:	42a3      	cmp	r3, r4
20000ff4:	d9ef      	bls.n	20000fd6 <spi_read_blocking+0x2e>
20000ff6:	464b      	mov	r3, r9
20000ff8:	3e01      	subs	r6, #1
20000ffa:	60ab      	str	r3, [r5, #8]
20000ffc:	2c00      	cmp	r4, #0
20000ffe:	d0f0      	beq.n	20000fe2 <spi_read_blocking+0x3a>
20001000:	4661      	mov	r1, ip
20001002:	68eb      	ldr	r3, [r5, #12]
20001004:	4219      	tst	r1, r3
20001006:	d115      	bne.n	20001034 <spi_read_blocking+0x8c>
20001008:	2e00      	cmp	r6, #0
2000100a:	d1dd      	bne.n	20000fc8 <spi_read_blocking+0x20>
2000100c:	2104      	movs	r1, #4
2000100e:	68eb      	ldr	r3, [r5, #12]
20001010:	4219      	tst	r1, r3
20001012:	d0fc      	beq.n	2000100e <spi_read_blocking+0x66>
20001014:	68ab      	ldr	r3, [r5, #8]
20001016:	3c01      	subs	r4, #1
20001018:	7013      	strb	r3, [r2, #0]
2000101a:	3201      	adds	r2, #1
2000101c:	2c00      	cmp	r4, #0
2000101e:	d1f5      	bne.n	2000100c <spi_read_blocking+0x64>
20001020:	bcc0      	pop	{r6, r7}
20001022:	46b9      	mov	r9, r7
20001024:	46b0      	mov	r8, r6
20001026:	bdf0      	pop	{r4, r5, r6, r7, pc}
20001028:	2c00      	cmp	r4, #0
2000102a:	d0f9      	beq.n	20001020 <spi_read_blocking+0x78>
2000102c:	e7ee      	b.n	2000100c <spi_read_blocking+0x64>
2000102e:	68eb      	ldr	r3, [r5, #12]
20001030:	075b      	lsls	r3, r3, #29
20001032:	d5c9      	bpl.n	20000fc8 <spi_read_blocking+0x20>
20001034:	68ab      	ldr	r3, [r5, #8]
20001036:	3c01      	subs	r4, #1
20001038:	7013      	strb	r3, [r2, #0]
2000103a:	0023      	movs	r3, r4
2000103c:	1c51      	adds	r1, r2, #1
2000103e:	4688      	mov	r8, r1
20001040:	4333      	orrs	r3, r6
20001042:	d0ed      	beq.n	20001020 <spi_read_blocking+0x78>
20001044:	4642      	mov	r2, r8
20001046:	e7bd      	b.n	20000fc4 <spi_read_blocking+0x1c>
20001048:	0031      	movs	r1, r6
2000104a:	3108      	adds	r1, #8
2000104c:	d1d3      	bne.n	20000ff6 <spi_read_blocking+0x4e>
2000104e:	e7c5      	b.n	20000fdc <spi_read_blocking+0x34>

20001050 <__aeabi_idiv0>:
20001050:	4770      	bx	lr
20001052:	46c0      	nop			@ (mov r8, r8)
20001054:	0000      	movs	r0, r0
	...

20001058 <__rp2040_chip_version_veneer>:
20001058:	b401      	push	{r0}
2000105a:	4802      	ldr	r0, [pc, #8]	@ (20001064 <__rp2040_chip_version_veneer+0xc>)
2000105c:	4684      	mov	ip, r0
2000105e:	bc01      	pop	{r0}
20001060:	4760      	bx	ip
20001062:	bf00      	nop
20001064:	100003f1 	.word	0x100003f1

20001068 <__panic_veneer>:
20001068:	b401      	push	{r0}
2000106a:	4802      	ldr	r0, [pc, #8]	@ (20001074 <__panic_veneer+0xc>)
2000106c:	4684      	mov	ip, r0
2000106e:	bc01      	pop	{r0}
20001070:	4760      	bx	ip
20001072:	bf00      	nop
20001074:	100003fd 	.word	0x100003fd

20001078 <____wrap_memset_veneer>:
20001078:	b401      	push	{r0}
2000107a:	4802      	ldr	r0, [pc, #8]	@ (20001084 <____wrap_memset_veneer+0xc>)
2000107c:	4684      	mov	ip, r0
2000107e:	bc01      	pop	{r0}
20001080:	4760      	bx	ip
20001082:	bf00      	nop
20001084:	1000282d 	.word	0x1000282d

20001088 <__best_effort_wfe_or_timeout_veneer>:
20001088:	b401      	push	{r0}
2000108a:	4802      	ldr	r0, [pc, #8]	@ (20001094 <__best_effort_wfe_or_timeout_veneer+0xc>)
2000108c:	4684      	mov	ip, r0
2000108e:	bc01      	pop	{r0}
20001090:	4760      	bx	ip
20001092:	bf00      	nop
20001094:	100010c1 	.word	0x100010c1

20001098 <__time_us_64_veneer>:
20001098:	b401      	push	{r0}
2000109a:	4802      	ldr	r0, [pc, #8]	@ (200010a4 <__time_us_64_veneer+0xc>)
2000109c:	4684      	mov	ip, r0
2000109e:	bc01      	pop	{r0}
200010a0:	4760      	bx	ip
200010a2:	bf00      	nop
200010a4:	100011f1 	.word	0x100011f1

200010a8 <__tud_event_hook_cb_veneer>:
200010a8:	b401      	push	{r0}
200010aa:	4802      	ldr	r0, [pc, #8]	@ (200010b4 <__tud_event_hook_cb_veneer+0xc>)
200010ac:	4684      	mov	ip, r0
200010ae:	bc01      	pop	{r0}
200010b0:	4760      	bx	ip
200010b2:	bf00      	nop
200010b4:	100051c5 	.word	0x100051c5

200010b8 <__tu_fifo_write_veneer>:
200010b8:	b401      	push	{r0}
200010ba:	4802      	ldr	r0, [pc, #8]	@ (200010c4 <__tu_fifo_write_veneer+0xc>)
200010bc:	4684      	mov	ip, r0
200010be:	bc01      	pop	{r0}
200010c0:	4760      	bx	ip
200010c2:	bf00      	nop
200010c4:	10006c25 	.word	0x10006c25

200010c8 <____wrap___aeabi_lmul_veneer>:
200010c8:	b401      	push	{r0}
200010ca:	4802      	ldr	r0, [pc, #8]	@ (200010d4 <____wrap___aeabi_lmul_veneer+0xc>)
200010cc:	4684      	mov	ip, r0
200010ce:	bc01      	pop	{r0}
200010d0:	4760      	bx	ip
200010d2:	bf00      	nop
200010d4:	10002759 	.word	0x10002759

200010d8 <striped_spin_lock_num>:
200010d8:	00000010                                ....

200010dc <irq_handler_chain_slots>:
200010dc:	00000000 	.word	0x00000000
200010e0:	00010000 	.word	0x00010000
	...
200010ec:	00020000 	.word	0x00020000
	...
200010f8:	00030000 	.word	0x00030000
	...
20001104:	00ff0000 	.word	0x00ff0000
20001108:	00000000 	.word	0x00000000

2000110c <irq_handler_chain_first_slot>:
2000110c:	b501      	push	{r0, lr}
2000110e:	6848      	ldr	r0, [r1, #4]
20001110:	3101      	adds	r1, #1
20001112:	468e      	mov	lr, r1
20001114:	4700      	bx	r0

20001116 <irq_handler_chain_remove_tail>:
20001116:	4670      	mov	r0, lr
20001118:	3809      	subs	r0, #9
2000111a:	4901      	ldr	r1, [pc, #4]	@ (20001120 <irq_handler_chain_remove_tail+0xa>)
2000111c:	4788      	blx	r1
2000111e:	bd01      	pop	{r0, pc}
20001120:	1000082d 	.word	0x1000082d

20001124 <default_alarm_pool>:
	...
20001138:	20001720 00000000                        .. ....

20001140 <aeabi_bits_funcs>:
20001140:	00003350 	.word	0x00003350
20001144:	0000334c 	.word	0x0000334c
20001148:	00003354 	.word	0x00003354
2000114c:	00003352 	.word	0x00003352

20001150 <aeabi_bits_funcs_end>:
20001150:	0000534d 	.word	0x0000534d
20001154:	0000434d 	.word	0x0000434d
20001158:	00003453 	.word	0x00003453
2000115c:	00003443 	.word	0x00003443

20001160 <stdio_usb>:
20001160:	10004985 10004939 100048ad 10004825     .I..9I...H..%H..
20001170:	00000000 00000100                       ........

20001178 <_usbd_qdef>:
20001178:	20001e24 000c0010 00000000 00000000     $.. ............
	...

20001194 <_usbd_rhport>:
20001194:	000000ff                                ....

20001198 <i2c0_inst>:
20001198:	40044000 00000000                       .@.@....

200011a0 <arducam>:
200011a0:	00000030 10007339 100074a1 10007409     0...9s...t...t..
200011b0:	10007551 100076c9                       Qu...v..

200011b8 <__malloc_sbrk_base>:
200011b8:	ffffffff                                ....

200011bc <__malloc_trim_threshold>:
200011bc:	00020000                                ....

200011c0 <__malloc_av_>:
	...
200011c8:	200011c0 200011c0 200011c8 200011c8     ... ... ... ... 
200011d8:	200011d0 200011d0 200011d8 200011d8     ... ... ... ... 
200011e8:	200011e0 200011e0 200011e8 200011e8     ... ... ... ... 
200011f8:	200011f0 200011f0 200011f8 200011f8     ... ... ... ... 
20001208:	20001200 20001200 20001208 20001208     ... ... ... ... 
20001218:	20001210 20001210 20001218 20001218     ... ... ... ... 
20001228:	20001220 20001220 20001228 20001228      ..  .. (.. (.. 
20001238:	20001230 20001230 20001238 20001238     0.. 0.. 8.. 8.. 
20001248:	20001240 20001240 20001248 20001248     @.. @.. H.. H.. 
20001258:	20001250 20001250 20001258 20001258     P.. P.. X.. X.. 
20001268:	20001260 20001260 20001268 20001268     `.. `.. h.. h.. 
20001278:	20001270 20001270 20001278 20001278     p.. p.. x.. x.. 
20001288:	20001280 20001280 20001288 20001288     ... ... ... ... 
20001298:	20001290 20001290 20001298 20001298     ... ... ... ... 
200012a8:	200012a0 200012a0 200012a8 200012a8     ... ... ... ... 
200012b8:	200012b0 200012b0 200012b8 200012b8     ... ... ... ... 
200012c8:	200012c0 200012c0 200012c8 200012c8     ... ... ... ... 
200012d8:	200012d0 200012d0 200012d8 200012d8     ... ... ... ... 
200012e8:	200012e0 200012e0 200012e8 200012e8     ... ... ... ... 
200012f8:	200012f0 200012f0 200012f8 200012f8     ... ... ... ... 
20001308:	20001300 20001300 20001308 20001308     ... ... ... ... 
20001318:	20001310 20001310 20001318 20001318     ... ... ... ... 
20001328:	20001320 20001320 20001328 20001328      ..  .. (.. (.. 
20001338:	20001330 20001330 20001338 20001338     0.. 0.. 8.. 8.. 
20001348:	20001340 20001340 20001348 20001348     @.. @.. H.. H.. 
20001358:	20001350 20001350 20001358 20001358     P.. P.. X.. X.. 
20001368:	20001360 20001360 20001368 20001368     `.. `.. h.. h.. 
20001378:	20001370 20001370 20001378 20001378     p.. p.. x.. x.. 
20001388:	20001380 20001380 20001388 20001388     ... ... ... ... 
20001398:	20001390 20001390 20001398 20001398     ... ... ... ... 
200013a8:	200013a0 200013a0 200013a8 200013a8     ... ... ... ... 
200013b8:	200013b0 200013b0 200013b8 200013b8     ... ... ... ... 
200013c8:	200013c0 200013c0 200013c8 200013c8     ... ... ... ... 
200013d8:	200013d0 200013d0 200013d8 200013d8     ... ... ... ... 
200013e8:	200013e0 200013e0 200013e8 200013e8     ... ... ... ... 
200013f8:	200013f0 200013f0 200013f8 200013f8     ... ... ... ... 
20001408:	20001400 20001400 20001408 20001408     ... ... ... ... 
20001418:	20001410 20001410 20001418 20001418     ... ... ... ... 
20001428:	20001420 20001420 20001428 20001428      ..  .. (.. (.. 
20001438:	20001430 20001430 20001438 20001438     0.. 0.. 8.. 8.. 
20001448:	20001440 20001440 20001448 20001448     @.. @.. H.. H.. 
20001458:	20001450 20001450 20001458 20001458     P.. P.. X.. X.. 
20001468:	20001460 20001460 20001468 20001468     `.. `.. h.. h.. 
20001478:	20001470 20001470 20001478 20001478     p.. p.. x.. x.. 
20001488:	20001480 20001480 20001488 20001488     ... ... ... ... 
20001498:	20001490 20001490 20001498 20001498     ... ... ... ... 
200014a8:	200014a0 200014a0 200014a8 200014a8     ... ... ... ... 
200014b8:	200014b0 200014b0 200014b8 200014b8     ... ... ... ... 
200014c8:	200014c0 200014c0 200014c8 200014c8     ... ... ... ... 
200014d8:	200014d0 200014d0 200014d8 200014d8     ... ... ... ... 
200014e8:	200014e0 200014e0 200014e8 200014e8     ... ... ... ... 
200014f8:	200014f0 200014f0 200014f8 200014f8     ... ... ... ... 
20001508:	20001500 20001500 20001508 20001508     ... ... ... ... 
20001518:	20001510 20001510 20001518 20001518     ... ... ... ... 
20001528:	20001520 20001520 20001528 20001528      ..  .. (.. (.. 
20001538:	20001530 20001530 20001538 20001538     0.. 0.. 8.. 8.. 
20001548:	20001540 20001540 20001548 20001548     @.. @.. H.. H.. 
20001558:	20001550 20001550 20001558 20001558     P.. P.. X.. X.. 
20001568:	20001560 20001560 20001568 20001568     `.. `.. h.. h.. 
20001578:	20001570 20001570 20001578 20001578     p.. p.. x.. x.. 
20001588:	20001580 20001580 20001588 20001588     ... ... ... ... 
20001598:	20001590 20001590 20001598 20001598     ... ... ... ... 
200015a8:	200015a0 200015a0 200015a8 200015a8     ... ... ... ... 
200015b8:	200015b0 200015b0 200015b8 200015b8     ... ... ... ... 

200015c8 <__sglue>:
200015c8:	00000000 00000003 20001adc              ........... 

200015d4 <_impure_ptr>:
200015d4:	200015d8                                ... 

200015d8 <_impure_data>:
200015d8:	00000000 20001adc 20001b44 20001bac     ....... D.. ... 
	...
20001670:	00000001 00000000 abcd330e e66d1234     .........3..4.m.
20001680:	0005deec 0000000b 00000000 00000000     ................
	...

20001718 <print_mutex>:
	...
