:020000041000EA
:1000000000B5324B212058609868022188439860DF
:10001000D860186158612E4B002199600221596106
:100020000121F02299502B49196001219960352056
:1000300000F044F80222904214D00621196600F024
:1000400034F8196E01211966002018661A6600F04E
:100050002CF8196E196E196E052000F02FF8012189
:100060000842F9D1002199601B49196000215960AB
:100070001A491B48016001219960EB211966A021F2
:10008000196600F012F800219960164914480160C1
:100090000121996001BC002800D000471248134993
:1000A000086003C880F30888084703B5996A0420EC
:1000B0000142FBD001200142F8D103BD02B5186610
:1000C0001866FFF7F2FF186E186E02BD00000240BE
:1000D000000000180000070000035F00212200005C
:1000E000F4000018222000A00001001008ED00E03C
:1000F00000000000000000000000000074B24E7A12
:1001000000200420F7010010CB010010CD010010E9
:10011000C9010010C9010010C9010010C901001077
:10012000C9010010C9010010C9010010CF01001061
:10013000C9010010C9010010D1010010D301001045
:10014000C1010010C1010010C1010010C101001067
:10015000C1010010C1010010C1010010C101001057
:10016000C1010010C1010010C1010010C101001047
:10017000C1010010C1010010C1010010C101001037
:10018000C1010010C1010010C1010010C101001027
:10019000C1010010C1010010C1010010C101001017
:1001A000C1010010C1010010C1010010C101001007
:1001B000C1010010C1010010C1010010C1010010F7
:1001C000EFF30580103800BE00BE00BE00BE00BECA
:1001D00000BE00BEF2EB887110A1001038A1001023
:1001E0003802001090A31AE71E481F49086006C88D
:1001F00081F3088810471D480068002801D019487D
:10020000F3E70DA40ECC002902D000F012F8F9E7B4
:100210001749184A002000E001C19142FCD116495B
:100220008847164988471649884700BEFDE701C937
:1002300001C29A42FBD3704738A10010C0000020D1
:100240002017002098B700100000042000000420B0
:1002500098B70010001004200010042000000000D7
:10026000704700000000000008ED00E0000000D032
:100270002017002098270020D1410010D50200103F
:10028000C9410010F8B5C04606480749091A8B1045
:10029000C90FC91810B5491003D0044B002B00D06A
:1002A000984710BD201700202017002000000000F4
:1002B000054B10B5002B03D00449054800E000BFF2
:1002C000FFF7E2FF10BDC04600000000302700200D
:1002D0003487001010B5174C63689847FA20C000A7
:1002E00000F070FE144804F08BF9A36898470028CA
:1002F0001CD1124804F084F9E3689847002810D113
:100300000F4804F07DF923699847022063699847F4
:100310000C4804F075F90C4804F072F907F048FB3A
:10032000FCE70A4804F06CF9012010BD084804F00D
:1003300067F9F9E7A0110020388700107C870010CA
:10034000A4870010C8870010EC8700108887001071
:1003500058870010094A83009A1810B51468402283
:10036000544080322240064CC000A44663441A60C8
:10037000044B9C466044416010BDC04604C001402F
:1003800004D0014000400140074B8000C3181B68A7
:10039000C90092000A435A400C231340034A944672
:1003A000604403607047C04604C0014004D001406F
:1003B0000123D0228340120693629361094A83008D
:1003C0009A1811684022514080320A400649C00004
:1003D0008C4663441A60054B9C4605236044436089
:1003E0007047C04604C0014004D0014000400140B5
:1003F0008023DB051868000F7047C0460FB400B5B6
:10040000084883B004F0FCF8049B002B07D005A932
:100410001800019103F078FE034804F0F1F8012080
:1004200003F08AFE088800101888001070B5EFF3FA
:10043000108C72B60D4D2B68002BFCD0BFF35F8F74
:100440000724CB08C618C05C01230C40A3401C0045
:100450000440034207D118433070BFF35F8F2C6014
:100460008CF3108870BD1000FFF7C8FF2C0100D07E
:10047000F8B54746CE46884680B5EFF3108C72B685
:100480001C4D2C68002CFCD0BFF35F8F9A4222D801
:1004900007210126894602E00132934218D34D46D6
:1004A00037001540AF40D4080119045D2742F3D14D
:1004B00010003C430C70BFF35F8F00220D4B1A609D
:1004C0008CF3108800280EDBC0BCB946B046F8BDDE
:1004D00001204042EFE7BFF35F8F00232B608CF3D6
:1004E0001088012040424346002BEDD00898FFF7CA
:1004F00085FFC0462C0100D0044A1078431CDBB2B3
:10050000172B00D9102313707047C046D810002055
:1005100010B5064B064C82B00100009318221F2331
:100520002000FFF7A5FF02B010BDC0461C880010D8
:10053000B82200200021044B044ABFF35F8F02C39E
:100540009342FAD17047C046000100D0800100D02C
:10055000054B064A1360064A136053609360D360EC
:1005600013615361936170478080808000E400E0F4
:1005700004E400E01F2318401E3B8340002905D0FF
:10058000C021044A4900535013607047802201493A
:100590008B50FAE700E100E001228240034B1B6828
:1005A00013405A1E9341D8B27047C04600E100E0A4
:1005B00001238340014A13607047C04600E200E017
:1005C000064B10309B688000C358054A00209B1AD8
:1005D0002F229A424041C0B27047C04600ED00E071
:1005E000DC10002070B50D00EFF3108672B60F4AD4
:1005F0001368002BFCD0BFF35F8F0D4B10309B684E
:1006000084001B590B4A934203D09D4201D001F054
:100610002DF9074B9B681D51BFF35F8FBFF35F8FB1
:100620000022024B1A6086F3108870BD240100D0AE
:1006300000ED00E0C1010010F0B557464E46DE4621
:100640004546E0B585B0060000911700EFF3108B2A
:1006500072B66A4A1368002BFCD0BFF35F8F002587
:10066000674B5D579A46002D00DAA9E06B00654C98
:1006700001935B199B009846A146C1444B465246E4
:100680009B7910361370604BB6009B6899590B1B11
:100690002F2B33D95D4B994200D0ACE0019B4246F1
:1006A0009C465B4B6544AD0063535A4B0232A21823
:1006B000043B9B1A1B05584A5B0D651913436B805D
:1006C000564B0121AB80FF23AB71009BEF71AB60F8
:1006D0004B460B4319004C4B9B689951BFF35F8FFE
:1006E000BFF35F8F0022454B1A608BF3108805B073
:1006F000F0BCBB46B246A946A046F0BD01200A00A8
:100700008243D3798C46BB4231D8454613004449D5
:100710001B1B5B415943090D3D4B63533D4B023558
:100720006519043B5B1B1B053B4D5B0D2B43AA4628
:100730004D466B800425AC465546E044131F4444A7
:100740001B1B1B055B0D1D434B46997100999D803A
:1007500099604946DF71334B01431360BBE7580092
:10076000C01880002018C179B9422FD90200062391
:10077000D356002BF3DA02932B4B61460393131DE0
:100780009A4604235B429C46E14450464B461B1A62
:100790001B055B0D9C46204B957198466346404671
:1007A00003439380019B5A199200039BA418A380D2
:1007B000029B1C4AA371009B2260E771A3608AE739
:1007C00001F054F8002553465D574FE79088029397
:1007D0004005131D9A46031561469C464046D44485
:1007E000634604302018181AE0230005400D1B0250
:1007F00018430390C5E701F039F84FE7240100D012
:1008000092270020DC10002000ED00E0C101001064
:1008100000A1FFFF0C11002000E0FFFF01BDFFFF62
:10082000AAAA00000148804701BD000070B501245C
:100830000443EFF30581EFF3108C72B6214A13687D
:10084000002BFCD0BFF35F8F1F4B05001F4AED1A32
:100850006D416A43120D1E4D8900AE6852B2765842
:10086000A6421CD00621595691421CD0122159563D
:10087000914222D01E215956914220D02A21595608
:100880000324914210D0134B19781A708171BFF371
:100890005F8F00220B4B1A608CF3108870BDAB6821
:1008A0000D4C5C50EFE700246100091989005B18CA
:1008B000FF21997109499980E5E70124F4E70224B1
:1008C000F2E7C046240100D0DC100020AAAA0000F4
:1008D00000ED00E092270020C101001001BDFFFFE4
:1008E00010B5084B084C82B001000093002205238C
:1008F0002000FFF7BDFD002801DB1F23181A02B0FE
:1009000010BDC0463888001096270020024B9C4638
:1009100061448900016070474000003470B5114C9B
:10092000114DAC420FD2FF262368002B0CD0FFF7ED
:10093000E3FD01002000FFF7E9FFA680BFF35F8F12
:100940000834AC42F0D370BDFFF7D6FD01002000A3
:10095000FFF7DCFF2671BFF35F8F0834AC42E3D3AF
:10096000F1E7C046181700202017002010B504003A
:10097000FFF7C2FD01002000FFF7C8FFFF2323712E
:10098000BFF35F8F10BDC04610B504000120FFF714
:10099000BFFD034BC3189B002360BFF35F8F10BDE7
:1009A00040000034034B9C46614489000160BFF362
:1009B0005F8F7047400000340A4B1968EFF31080D6
:1009C00072B60A68002AFCD0BFF35F8F1B68BFF3C2
:1009D0005F8F00221A6080F3108840BF0020002142
:1009E0007047C0466C270020F0B5DE4657464E469D
:1009F0004546E0B587B0EFF30583032201251A4091
:100A0000954091008846A946B34B03925C58B34B7E
:100A10001D60B34B04934B46B24843630823E55E25
:100A2000002D37DAA3881BB2002B00DBADE0A379E1
:100A3000002B00D0EEE00823E05E002820DB43001E
:100A400062691B18DB00D3189E68DD68731C00D137
:100A500011E1A44801004144826A0B69B71A9B1A4C
:100A60009F4215D30123026A039883401A420FD094
:100A70009C4800F0B5FB8D4202DCCCD18642CAD93D
:100A800040BF07B0F0BCBB46B246A946A046F0BD89
:100A90000E61EDE762696B0092465B19DB009A44D8
:100AA00053469E68DF6800F09BFB8F42BADC00D1A2
:100AB00003E1002F00DAE8E05246534652691B6911
:100AC0009346049A934200D1D9E052460821605ED1
:100AD00052880004594610439847009001910099AC
:100AE000019A0B001000134300D1CEE013000A005E
:100AF000B61A9F41002806DB7A4800F071FB009E81
:100B0000019F36184F4153469E60DF6000229A5E77
:100B1000002A00DA86E7530099186069C900411875
:100B200002938B68C9689B46B94200DD7AE702D11F
:100B3000B34200D976E708239C46A4440595654650
:100B40002281A446029B2C0006E053009918C9009C
:100B500041188D68C968AB469B18DB00C318B942C1
:100B600006DC00D1B3E01C000023E25E002AECDAD0
:100B7000230064469C4653461A806346059D1D80AB
:100B8000A3881BB2002B00DA51E72269EFF3108132
:100B900072B61368002BFCD0BFF35F8F0123A788C8
:100BA0005B42A3803FB22369BFF35F8F00221A60CC
:100BB00081F31088002F00DA39E723000833220080
:100BC0009A4666697B00DB19DB00F318996850468A
:100BD0008C460824115FDD68002910DB029306E0D3
:100BE000AB4244D00023E15E2000002906DB4C002C
:100BF0006418E4003419E368AB42F1DD029B07801E
:100C000000201F5E1980002FDCDA1400A379002B6E
:100C100000D110E70023A37126000823E15E083607
:100C20004B1C00D12CE70800A246656902E03E009B
:100C30004B1C1AD04B005B18DB00EF180A008C46E7
:100C4000E95E7B881BB2002BF1DA01235B42DC17E3
:100C5000BB60FC60824205D0534631801B893B80DB
:100C600053461A8160464B1CE4D15446E5E6A3681E
:100C70006345B7D9C2E76B1C00D0EAE6F8E65B46ED
:100C800058461B69984700281BD153461B88226988
:100C90002381EFF3108372B611680029FCD0BFF3F3
:100CA0005F8F514662880A8022696580BFF35F8F3B
:100CB0000021116083F31088B4E6864200D8F8E67C
:100CC000B0E65B461A685B680092019307E7B3459C
:100CD00000D848E74CE7C046502700203C7005404C
:100CE000E90900100040054070B52E4C2569002D23
:100CF00004D00A212C48FFF709FE70BD2B4E0321BA
:100D0000300000F063FAE660FFF7F6FB284B0322A1
:100D10009C46D02322701B061B6801216370254B63
:100D20006044A3600F238000206102206380636918
:100D30004942A18019800231198647311D835852DA
:100D400018315A5275325C39995218320131995220
:100D5000183201319952183201319952083518323E
:100D60009D5202311832995218320131995218327B
:100D70000131995218320131995218320131995288
:100D80001832013199520C4B0C49DC60013035624C
:100D9000FFF728FC01210320FFF7ECFB084B1D6047
:100DA000A7E7C046241100206C2700200040054022
:100DB00040000034FFFF100050270020E909001018
:100DC000386005400048704724110020F8B51F0026
:100DD00008AB1B7804001600002B08D100F008FABD
:100DE00032003B00121A8B41002B00DA52E02269DC
:100DF000EFF3108072B61368002BFCD0BFF35F8F47
:100E00000223E15E63694A005218D2009B182269EE
:100E1000002936DB1D886580BFF35F8F00251560D4
:100E200080F31088069A9E60DF601A61079A5A6103
:100E30005A8801325204520C101C002A1FD082B270
:100E40005880080410432669EFF3108772B63268A1
:100E5000002AFCD0BFF35F8FA2881A80A18023698B
:100E6000BFF35F8F00221A6087F310880A49237846
:100E70008C4601329A40E36863441A60F8BD012051
:100E8000DDE7BFF35F8F0023136080F3108801203C
:100E90004042F3E70020F1E73C20000070B501007C
:100EA0000469EFF3108C72B620680028FCD0BFF301
:100EB0005F8F02200D5E4C6968004019C000241845
:100EC0000869002D36DB26884E80BFF35F8F002631
:100ED00006608CF31088E360638804980133206116
:100EE0005B0405985B0CA26060611A1C002B1FD08C
:100EF00093B22804628018430A69EFF3108C72B62B
:100F00001368002BFCD0BFF35F8F8B8823808D800C
:100F10000B69BFF35F8F00221A608CF310880B7887
:100F200001329A40CB6808498C4663441A6070BD10
:100F30000122DDE7BFF35F8F002303608CF310888D
:100F400001204042F3E7C0463C20000010B5438931
:100F50000A1493421ADD53009B184269DB00D31830
:100F60000469EFF3108C72B62268002AFCD0BFF33C
:100F70005F8F5A88090494B2090C8A4208D0036929
:100F8000BFF35F8F00221A608CF31088002010BD21
:100F90008022120214435C80012302698371BFF333
:100FA0005F8F002111608CF31088044902788C4611
:100FB0009340C268012062441360E8E73C200000CF
:100FC00040787047F0B5C64600B582B0040000F026
:100FD0000FF9FA2206000F002000002300219200E2
:100FE00001F0BAFB8019794104000D1E02DA0124D8
:100FF0002E4D644206267642F71736196F41AF42EE
:1010000014D811D000F0F4F832003B00121A8B41D2
:10101000002B15DC002B46D02000290000F026F91B
:1010200002B080BCB846F0BDA642EBD9002600272E
:1010300000F0DEF832003B00121A8B41002BE9DD94
:1010400000F0D6F832003B00121A8B41002B0ADB6D
:1010500000230193164B3200009316483B00FFF724
:101060001DFF0130D8D000233900B0469C46124AFB
:101070001248536A994204D8966A4645CCD299429E
:10108000CAD10668EFF3108772B63368002BFCD024
:10109000BFF35F8F0368BFF35F8F66461E6087F301
:1010A000108820BFE5E7002AB6D0C9E7FFFFFF7F21
:1010B000B909001024110020004005406C270020D1
:1010C000F0B557464E46DE464546E0B506000F00F1
:1010D00085B0EFF3058399468B46002B12D0384933
:1010E00000204B6ABB4206D38A6ADB1B591E8B4128
:1010F000B2424041184305B0F0BCBB46B246A946D7
:10110000A046F0BD2F4B9A46DB68984653461B78A5
:101110004046039300F064F84246039B0400043306
:101120009B009B580D001B1A39003000001BA94181
:10113000894510DC0DD020BF214A0020536A5B4551
:10114000D9D3926ADB1B591E8B41B24240411843EE
:10115000D1E78342EFD900F04BF832003B00121A7E
:101160008B41002B1ADB00230193174B32000093B5
:1011700050463B00FFF792FE011E0FDD104B5A6AEE
:101180005A451BD39B6AB34216D35046FFF7DEFE87
:101190000B4A0020536A5B45ADD3D2E7084A0020D2
:1011A000536A5B45A7D30020926ADB1BB2424041E1
:1011B0005A1E934118439EE75A45E6D120BFE4E703
:1011C0000040054024110020B909001010B5024A62
:1011D0000248FFF72BF910BD54880010BC220020F4
:1011E0000300416A0A00986A596A8A42FAD1704734
:1011F000034B596A0A00986A596A9142FAD17047BA
:101200000040054070B504000D00174A536A1900EC
:10121000966A536A8B42FAD13000190024184D4166
:10122000AB4216D813D0104B2A005B6A9D4203D9FB
:101230000D494B6A9342FCD3934207D10A4A02E01C
:10124000516A994202D1916AA142F9D370BDA64276
:10125000E9D9054B5B6A1C005A1CEFD0012201241E
:101260006442E5175242E3E700400540064A536AEC
:101270009942FCD807D1044B02E05A6A914202D14C
:101280009A6A9042F9D8704700400540F8B50400CA
:1012900006200D0000F0E2F9002844D0374B384911
:1012A000E3185A1E93418022120494465B429B0D20
:1012B000344A9B0563441360334A136018000A687C
:1012C0009043FBD12D4B314AE31859424B418021C9
:1012D0005B0049000620995200F0C0F92900C000C7
:1012E00000F016FC0130C3091ED1402701226262C2
:1012F000A362266BF30722D4E36A254B0620E51888
:1013000000232B60266300F0A9F93900800000F06B
:10131000FFFB7023E26A5A400E3313402B601D4BD3
:1013200023630323A364F8BD1B4A93421ED9002301
:101330001A4A1B4F6262A362266BF307DCD5194B76
:10134000144AE3181A60656AA36A0620AD01ED1815
:1013500000F084F9144900F0DBFBAD020100280025
:1013600000F0D6FB0021FFF74DFFC5E74006800ED9
:101370009F011A003F180300B9E7C0460080FCBF78
:1013800008C0004000E0004000F000407827002046
:101390002C10000001030000FEFF0000FFFF000012
:1013A000C0FF3F00303000004E0E00000539013A0A
:1013B000F8B5D2004C0105001443002B06D0013BC8
:1013C0005A4253419B00234302241C432E6BF307D4
:1013D00008D46E23EA6A624013400E4AAA181360CA
:1013E0002E63F8BD0C4B0D4AEB181A606F6AAB6A9E
:1013F0000620BF01FF1800F031F9094900F088FB11
:10140000BF020100380000F083FB0021FFF7FAFE65
:10141000DFE7C0462C100000303000000103000060
:101420004E0E0000F8B5066B04000D01F30708D45A
:10143000E36A5D4010231D400D4BE3181D602663D9
:10144000F8BD0C4B0C4AC3181A60476A836ABF0187
:101450000620FF1800F002F9084900F059FBBF020E
:101460000100380000F054FB0021FFF7CBFEDFE75E
:101470002C10000030300000010300004E0E000070
:10148000F8B5DE464E4657464546E0B58B46050064
:101490000A991800160000F03BFB0A9B6C001F0223
:1014A000324B64199C46A4006444636881469F42A1
:1014B00000D967602B1FDBB29846012B30D9C023BF
:1014C00080229B01E31812011A60294BAD00595983
:1014D0009A4600291BD17301E026226853401E4022
:1014E000802342465B01E3181E60012A30D9802325
:1014F00080229B01E31812011A6053464A46676036
:101500005A51F0BCBB46B246A946A046F8BD586940
:1015100000F0FEFA013043001B18033BFDD2DAE76E
:101520005B46012BCBD1C02303229B01E3181A6039
:10153000023AA3681A42FCD07301E0262268AD008B
:1015400053401E4080230A4A5B019246E3181E6006
:101550005A462168514003220A401A6001225B4624
:101560009A40A3681A42FCD0C1E7C0460080004000
:10157000C0220020F0B546464F46D646C0B51F00F3
:10158000344B44009C462418A40064446368884695
:101590001600FF2B02D880235B006360031FDBB2C1
:1015A0009A46012B30D9C02380229B01E3181201F7
:1015B0001A60294B85005959994600291BD173019E
:1015C000E026226853401E40802352465B01E31808
:1015D0001E60012A30D9802380229B01E31812016A
:1015E0001A6080235B0063604B465F51E0BCBA46E3
:1015F000B146A846F0BD586900F08AFA01304300B0
:101600001B18033BFDD2DAE74346012BCBD1C023A5
:1016100003229B01E3181A60023AA3681A42FCD025
:101620007301E0262268850053401E4080230A4A49
:101630005B019146E3181E60424621685140032237
:101640000A401A60012342469340A2681342FCD02C
:10165000C1E7C04600800040C0220020014B80004E
:10166000C0587047C0220020F8B5040021481E0071
:1016700017000D0000F04CFA0100380000F048FAA5
:10168000069B36041B031E432368002B20DB1A4BEA
:101690001A49E3185A1E93418022920194465B42F4
:1016A0001B0B174A1B0363441360164A13601F0089
:1016B0000A689743FBD1144B2560E2182123A060F0
:1016C00013602368002BFCDA0823E6601360F8BD82
:1016D0003F2322681340AB42D9D1A3681B051B0DE1
:1016E0008342D4D1EE22E368D2021340B342CED17A
:1016F000EDE7C046001BB7000040FDBF08C000403A
:1017000000E0004000F000400430000010B58024EC
:101710001C4BE4051C6000281AD001231A4C184306
:101720001A4BDC611A4C44401C6259629862802159
:10173000144BC9051960174817490860E021C9040E
:101740001960002A07D18022144B12061A6010BDBE
:101750000E4BD861EBE753019B1A9B009A1880232C
:1017600012015B049A4209D213000D490B60074B2A
:101770005A608022094BD2051A60E8E7094B1A002B
:10178000F3E7C04600B00540D3C007B00080054075
:101790002D3FF84FFCFF01000820014000A005404C
:1017A00028270020FFFFFF008023024A9B000B43F5
:1017B000D362704700800540002310B50100988A6D
:1017C0001B8B984710BDC046162310B50100188822
:1017D00002331B88984710BDF8B54746CE4680B502
:1017E0000F1E18D014239946043304000025012647
:1017F00098464B461888434621681B88984701C481
:10180000431E984101350640AF42F2D13000C0BCC2
:10181000B946B046F8BD0126F8E7C046002370B5CA
:1018200004000D00988A05491B8B9847030000208F
:10183000002C01DB0130A0402900984755420000F0
:10184000AA23064A1B0113608D235B00D360044961
:10185000044B19605368002BFCDA704700400240CB
:1018600000B0FA00006002407047C04610B5014861
:10187000FEF7C4FD7888001070B5074D074EB542DD
:1018800009D20024013E761BB60808CD98472300F4
:101890000134B342F9D170BDF08600102C870010DE
:1018A000054B064A06491A60064A074B1A601000A3
:1018B0000B689843FBD1704700E00040BFCDFBFEB2
:1018C00008C00040FE7F3C0000F00040044BDB6C91
:1018D000002B03D18022034BD2021A607047C0460E
:1018E000000011504C201150044A054B1A60054A63
:1018F0001368DB018033FBD17047C046FFFFFF0157
:1019000000F0004008C000404022034B9A675A672D
:101910001A67DA667047C04600F0014010B5FEF75E
:1019200009FE10BDF8B52749274C284D641AA610AA
:101930003200302E00D930222800920000F07CFFC7
:10194000BC2C3BD830202F232C196407204A801B45
:10195000E40F9B1B052B16D93700002C02D0B300D7
:10196000771CEA50001B33199B004108EB18C90093
:10197000C9181A605A6008339942FAD10123034208
:101980001CD09843C619B300EA50731C2F2E15D0F3
:101990009B00EA50B31C2E2E10D09B00EA50F31C83
:1019A0002D2E0BD09B00EA50331D2C2E06D09B0011
:1019B000EA50731D2B2E01D09B00EA50054B9D6011
:1019C000F8BDC04600010010C0010010000000205A
:1019D000C101001000ED00E0002310B5294C82B0D9
:1019E000A367FFF72DFF0122274B1A60636C012BC1
:1019F000FCD10322254B1A60224A936B012BFCD1A8
:101A0000013300930121224A22480433FFF72CFEC0
:101A1000052301210093204A2048FFF725FE0022DC
:101A2000022104201E4BFFF7A5FD00220121052005
:101A30001C4BFFF79FFD0022002107201A4BFFF7E8
:101A400099FD002200210820174BFFF793FD80230A
:101A5000DB000093002200210920134BFFF710FD4B
:101A60000022104B00210620FFF784FD0420FFF721
:101A7000F5FD0E4900F04CF801000020FFF794FE40
:101A800002B010BD008000403CB0004030B00040CB
:101A9000002F685900800240008C864700C0024039
:101AA000001BB70040597307006CDC0240420F0076
:101AB00001480421014B184740110020D91700109C
:101AC000124A936F9B0815D29066D166002905D003
:101AD000FFE7FFE7FFE7516F106F704704B5802104
:101AE0000906C2175140002800D0C84306F0B8FDCF
:101AF000002104BDF0B5146E556E576F166FFFF7D9
:101B0000E3FF1466556657671667F0BD000000D006
:101B1000114A936F9B0813D210665166002905D0B5
:101B2000FFE7FFE7FFE7516F106F704704B500282C
:101B300001D00020C04306F093FD002104BDC04643
:101B4000F0B5146E556E576F166FFFF7E5FF14660C
:101B5000556657671667F0BD000000D094464A4AA4
:101B6000926F9208624601D228E0C046F0B5464E18
:101B7000346E756E776F366F00F020F89446424AE7
:101B800014665566576716676246F0BD94463E4A2E
:101B9000926F9208624601D254E0C046F0B53A4EC8
:101BA000346E756E776F366F00F04CF89446364A97
:101BB00014665566576716676246F0BD002B24DB36
:101BC00011D000293EDA00B5C943404200D10131AD
:101BD00000F038F8C943404200D10131DB435242A2
:101BE00000D1013300BD002AEBD1002801D100292A
:101BF00005D00020C90FC90701D1C043410800B575
:101C000006F026FD0022002300BD00B500290ADBF6
:101C1000DB43524200D1013300F014F8C943404283
:101C200000D1013100BDC943404200D10131DB4345
:101C3000524200D1013300F005F8DB43524200D19B
:101C4000013300BD002923D1002B18D1002A0CD06C
:101C5000BC460D4F38667A6600210023FFE7FFE798
:101C6000FFE77A6F386F67467047002801D0074852
:101C7000010000B506F0ECFC0022002300BD0200CC
:101C80000B00002000217047000000D0FFFFFFFF85
:101C9000002B00D0BFE0130C28D1002AE7D080B47D
:101CA000114F39667A66FFE7FFE730B4040C7B6FAB
:101CB000396F1B0423433B667A66FFE7FFE7FFE7C4
:101CC000C04684B27B6F3D6F1B0423433B667A663C
:101CD000FFE7FFE7C04600232C042D0C7A6F386F16
:101CE00000196941B0BC7047000000D0F0B59446BF
:101CF0000025140E01D112020835140F01D1120172
:101D00000435940F01D192000235D40F01D1520055
:101D10000135D40B0134254F7C66254C3C660E0CF6
:101D200093B2FFE7FFE7FFE73C6F6643360C7703AC
:101D3000BE467343DF0B5B04C01AB941130C7343F7
:101D4000DB18C91ACE086643360CB64493B2734307
:101D50001F0F1B01C01AB941130C73431F0B1B0546
:101D6000C01AB941860D8F023E436643360C092DD9
:101D700024DB520A7243801A7703460A6643360C04
:101D800016235B1BDE40DF40BF1964466643821B9F
:101D90007046043506330100D940A840C01900D36D
:101DA0000131A24206D20023F0BD0000000000D0A5
:101DB000FFFFFFFF121B0130F3D3F1E709277F1B61
:101DC000FE406446A2B27243801A00D20139220C4E
:101DD0007243130C1204821A99410B0070460435A9
:101DE00013370100F940A840801900D30131002BBE
:101DF00002D1A2420AD2F0BD013000D30131121B40
:101E0000FAD2013BF8D1A24200D2F0BD013000D39A
:101E10000131121BF7E7F0B51C0C00D080E00CB4C8
:101E200000251C0A04D11B02160E3343120208358A
:101E30001C0B04D11B01160F3343120104359C0BFC
:101E400004D19B00960F334392000235DC0B02D184
:101E500092185B4101351C00971864410134464FCC
:101E60007C66464C3C660E0CFFE7FFE7FFE7C0468A
:101E70003C6F6643360C7703BE4697B27743C01B70
:101E800000D20139C01B00D201399FB27743C91B70
:101E9000C91B170C77437E04FF0B801BB941CE088A
:101EA0006643360C0C2D33DBB644120B1F053A4348
:101EB0001B0B97B27743C01B00D201399FB2774307
:101EC000C91B170C77433E043F0C801BB941860D9C
:101ED0008F023E43664329277F1BFE400C3D774619
:101EE000AF40BF1930BCA2B2ABB272437343801A89
:101EF0009941220C7243130C1204801A994102007A
:101F00000B000137001BA941F9D2781E0021F0BD5A
:101F10000C277F1BFE4077467F0BAF40FF19E0E7A1
:101F200000245D1C07D0144F7D663966FFE7FFE78C
:101F3000FFE7FFE73C6F95B29EB265436643401BE7
:101F4000B141150C1E0C6543664336042F0C3E430D
:101F50002D04401BB141994204D202000B00200025
:101F60000021F0BD01D19042F7D3801A994101348C
:101F70009942F2D3F6E70000000000D0FFFFFFFF18
:101F800048404140484018B41B4B5B68FC460193F5
:101F900008BD04DF2B22001018B4174B1B68FC4649
:101FA000019308BD00DF352200109446134A926F5A
:101FB000920809D2624618B40F4BDB68FC460193C5
:101FC00008BD0CDFED2400100C4AF0B5146E556E00
:101FD000576F166F6246FFF7EEFF084A14665566A4
:101FE00057671667F0BD18B4034B9B68FC46019316
:101FF00008BD08DF91230010A8180020000000D0C1
:10200000FFB550404240504059404B40594000E0DD
:10201000FFB5154F4C00640D03D0BC4204D10C0336
:1020200014D80020090D09055C00640D03D0BC42E2
:1020300004D11C030AD800221B0D1B0501264B40AE
:1020400009D44B4003D58B4200D18242FFBD994257
:10205000FCD19042FFBD0B43DB1803431343F5D083
:10206000C9434918FFBD0000FF07000000B5FFF796
:10207000CFFF804100BDC04600B5FFF7C9FF01D9C1
:10208000002000BD012000BD00B5FFF7B9FF01D958
:10209000002000BD012000BD00B5FFF7B1FF804169
:1020A00000BD012040054A00121804D85A00121839
:1020B00001D800207047012070470000002100284F
:1020C00005D17047C1174840401AFAD0C90713B567
:1020D000064B1B6898470CBC441CA2401005120B11
:1020E0000349091B09051943114310BD6827002046
:1020F0001F04000010B54C00620D8023D218DB00D5
:10210000D21A5B057E2A10DD9E3A13DACC1709033A
:10211000490819435242D140640001341532202A43
:1021200005DAD0400843604310BD002010BD0846CA
:10213000604310BDC80FC018013810BD18B4044B5F
:102140005B6AFC46019308BD24DF9D260010000059
:10215000A8180020132370B51D78012D19D014DDA7
:102160001F48FFF731FB06001E48FFF72DFB1E4CF2
:1021700080223100200000F05FFB022D2DD01B4893
:10218000FFF71AFB1A4B186070BD1A4B164CA3646C
:10219000F5E7184B144C23606360A360E360236190
:1021A0006361A361E36123626362A362E362236309
:1021B0006363A363E36323646364A364E3642365E9
:1021C0006365A365E36523666366A366E3662367C9
:1021D0006367A367E367A364D1E7064BA364CEE715
:1021E0005344000053460000A81800204C33000060
:1021F00068270020F921001007B5604601880A0A07
:102200000230DF2AFAD1C9B2820804D3028840889A
:102210000004104300E00068014A5050039007BDDD
:10222000A81800200FB403BC0CBCF0B50124E407CF
:10223000634000E0F0B50C0DCF0F661E3605891B1C
:10224000640503D3C943404200D30131640D03D078
:10225000661CF60A07D0E41B00207F00791C890762
:102260008912803C24031D0DDF0F6E1E36059B1B5B
:102270006D0503D3DB43524200D301336D0D03D010
:102280006E1CF60A07D0ED1B00227F007B1C9B070B
:102290009B12803D2D032F1B661B58D4A446202E75
:1022A00046DA20371400BC401D00BD40F2403341E7
:1022B0002A4380185941CB0F05D0C943C04300229F
:1022C00064425041514162464D0D28D10D0D07D158
:1022D00000281FD0241940414941013A0D0DF9D081
:1022E000640006D3013000D30131002C01D1400835
:1022F0004000013A0BD4941CE40A04D112051144A5
:10230000DB071944F0BDD907204B194300E0D9077A
:102310000020F0BD0029DDD1002CDBD1F0BD013261
:10232000C6074008CD0728434908002EE1D0D9E769
:102330003C2E29DA203E40371400BC4000D0012456
:10234000F24014431A00BB401C43D317ACE7AC4621
:10235000202F08DA20360400B4400D00B540F840C4
:1023600039412843A5E73C2F0CDA203F40360400D2
:10237000B44000D00124F84004430800B1400C43AD
:10238000C117EAE710001900002494E70000F07F6D
:10239000F0B50C0D661E3605891BE60A6405640D52
:1023A00002D0651CED0A04D0002001210905803C03
:1023B0002403A4461C0D671E3F05DB1BE70A6405CA
:1023C000640D02D0651CED0A04D0002201231B0518
:1023D000803C24037740644497B484B296B274433B
:1023E000070C7E43150C6F4380B26843361802D346
:1023F000012000043F183004350C00197D4184464B
:1024000088B29AB250430C0C62431F0C7C438EB2CC
:102410007E43921902D301263604A4191604170C20
:102420003618674101BC81B29AB25143040C624331
:102430001B0C5C4380B25843121802D301200004E5
:1024400024181004130C401863412D185E4100201D
:10245000474106BC88B293B258430C0C6343120C3C
:10246000544389B251435B1802D301210904641813
:1024700019041A0C091862416D1856410020474191
:1024800018BCF902720D1143F0026A0D1043ED02FF
:102490000A0D03D16D1940414941013B124E9B1B6E
:1024A0007600B3420ED26D0007D301300026714191
:1024B0006646354301D1400840001B05C918E407B2
:1024C0002144F0BD0BDA013306D1013004D10131D2
:1024D0004F0D01D04908F2E7E1070020F0BD0136B9
:1024E00031050020EBE70000FF030000F0B51C0DF4
:1024F000671E3F05DB1BE70A6405640D02D0661CFE
:10250000F60A04D0002201231B05803C2403D025B9
:102510002D060026F6432E661E096E66CE0FF619AE
:10252000B44649004F0D02D07E1CF60A03D00020AD
:102530000021403F3F033E1BB600B444013F7F05EE
:10254000C91B49082E6F013676089C02950D25435C
:102550007543ED137543AD1301356D10F603761B0E
:102560000CB4CC02450D2C43A2B2B3B25A43270C93
:102570007B43350C6F43A4B26C431B1902D3012477
:1025800024043F191C041D0CA4187D4124196D411D
:10259000009A91B2ACB26143170C7C432B0C5F43A1
:1025A00092B25A43A41802D301221204BF18220483
:1025B000230C52187B41019C6C431B19520ED9010C
:1025C0000A434401A01A81B2B2B2514303145A43E0
:1025D000360C734387B27743D617D21900277E4152
:1025E00036049B191704160C7F185E417316ED18FC
:1025F000F301002680337541A90F06D16400690AF2
:10260000E8055B0A184309D22FE004229444803382
:102610007541A90AA8059B0A184326D340414941A0
:102620002404009A019B0D005543641B4343E41AA4
:1026300095B286B27543170C7E43030C5F4392B28A
:102640005A43B61802D301221204BF183204330CC5
:1026500052197B4152429C41002C02D4002201308D
:1026600051414008CA071043490802B06246D707E3
:102670009210084BD218084B9A4203D212058918BF
:10268000C919F0BD0020002A01DC3900F0BD01337A
:102690001905F5E7FD030000FE070000002200B564
:1026A000203200F004F8080000BD000000220B15E5
:1026B0000AD410B5944600F031F81414013400DA4D
:1026C0000021CB17144C20470020002170476244A2
:1026D000343A0CD40C2A07DA04009140904052425C
:1026E0002032D440214310BDD843D94310BD2032FD
:1026F00007D40C469440524220321141D04020432E
:1027000010BD0800C917203203D4524220321041B4
:1027100010BD1800190010BDCF2600100A0DCC0FF7
:10272000531E1B05C91A520503D3C943404200D3A7
:102730000131520D03D0531CDB0A07D0121B0020BD
:102740006400611C89078912803A1203014BD21A76
:1027500070470000FF03000051434343C9188C46F3
:10276000110C83B24B4310B4040C614392B280B29B
:10277000504362431C041B0C001910BC5941130444
:10278000120CC0185141614470470000132310B56A
:1027900012481C78FFF718F80100012C0AD003DD5D
:1027A00080220F4800F048F80E48FFF705F80E4B5E
:1027B000186010BD0A4C5422200000F03DF80B4B6D
:1027C0006365A365E36523666366A366E3662367C3
:1027D0006367A367E3672362E361E5E753460000AD
:1027E000A81900204C33000068270020F1270010B2
:1027F00007B5604601880A0A0230DF2AFAD1C9B259
:10280000820804D3028840880004104300E0006876
:10281000014A5050039007BDA81900200148042127
:10282000014B184750110020D9170010014B1B68AD
:102830001847000050110020014B5B68184700004A
:10284000501100207047C046F8B55746DE464E4648
:102850004546E0B599460A9B07009A460D9B884677
:1028600093460B9C9B073BD10C9B9C423DD21E1B6D
:102870000B9415000C005E442A004B4601352100E4
:102880002020B847B542F7D1A0460B9C002C20D0A1
:10289000454636195346321B013C185D29004B460C
:1028A000B847002CF6D12B00350098460D9B9B07AE
:1028B0000FD55B46EC1A0C9BA3420AD946469846B4
:1028C0002A004B46310020200134B84701354445E9
:1028D000F6D32800F0BCBB46B246A946A046F8BDD8
:1028E00016001500002CD3D1E0E716001500002CCF
:1028F000CED1EEE7F0B54546DE4657464E46E0B54A
:1029000085B09C4610AB1B78149F934698460F9C4D
:10291000129E139DBB074CD4002D42D1B44248D225
:1029200001233B4099460E9B013B9A46302304E02D
:10293000524601341355A64201D9202CF8D14B46FA
:10294000002B00D183E00E9B013B99463023A5422A
:1029500005D82EE04A4601341355AC4229D0202C2C
:10296000F8D1FB060CD57B0554D4A64263D0A54212
:1029700061D0119B102B50D0022B57D0202C32D17C
:10298000202301930E9B5A460093039763460295BA
:10299000FFF75AFF05B0F0BCBB46B246A946A046B9
:1029A000F0BD01233B40994601233B422AD1B4426A
:1029B000B9D3FB061CD57B05DBD4002CD5D1119BEC
:1029C000102B5BD0119B022B6BD0302301240E9A6D
:1029D00013704346002B10D17B073ED52B260E9A51
:1029E000631C1655CDE72300013430260E9AD654C9
:1029F000202CC5D04346002BEED02D260E9A631C0A
:102A00001655BEE74346002B2FD0013DB44200D2FD
:102A100089E798E7119B102BB2D1BB0637D5202C44
:102A2000AED058230E9A13550134A7E7202CA7D017
:102A30002300013407E0631E012CC0D0119A102A34
:102A400031D0022AD1D162260E9AD65496E7FB06DF
:102A5000CED57B0500D488E78BE723003E0790D5D1
:102A600020260E9A013316558BE70C233B405A1E45
:102A70009341ED1AB44200D255E764E7BB060ED489
:102A800078230E9A0224137030235370A1E7202C70
:102A900000D175E778230E9A135501346EE7582359
:102AA000EFE76033EDE70E9AA61E91464E44BA0654
:102AB00002D55822327098E77822327095E7C046E6
:102AC00010B5002800D110BD01F050FDFBE7C04655
:102AD0000B0010B5002802D049681B68984710BD4C
:102AE000F0B55746DE464E464546E0B595B08346BE
:102AF0000F00924698461E9A1F9B10001900209EB8
:102B0000FFF7CFFA002800D0EAE11E981F990122B2
:102B1000C54B5242FFF7AAFA002800D014E11E98D4
:102B20001F990122C14B5242FFF7B6FA002800D08C
:102B3000E9E01E981F990022BD4BFFF7ADFA00286F
:102B400000D0C8E01E981F990022BA4BFFF78EFAFA
:102B5000002800D0BFE01E981F9900220023FFF735
:102B600085FA002800D0E4E000230B93229B5B054C
:102B700000D406260024302307E0172106AA0134DA
:102B800052181355013E202C01D0092EF5D81E985D
:102B90001F99FFF7AFFAA84BF2009B181A685B6801
:102BA000050008920993FFF78DFA02000B001E98AA
:102BB0001F99FFF7E8F9089A099BFFF714FA0690A6
:102BC0000791FFF7BBFA8146FFF778FA02000B0086
:102BD00006980799FFF7D7F90022984B06900791BE
:102BE000FFF75AFA002800D10DE101239C46E14489
:102BF0004846FFF763FA02000B0008980999FFF7AF
:102C00003BFA002802D0002399460135002E00D15E
:102C1000D9E006954D46B94614E006AA9446172316
:102C20000A216344280001341F19FEF771FF303177
:102C3000397028000A21013EFEF76AFF092D00D8ED
:102C400017E10500202CE8D14F46069D20240CAE4C
:102C500006AA17239446634499465B46B3460693F7
:102C60000FE04B4628000A210134E618FEF728FF42
:102C70003031280031700A21FEF722FF051E00D1F5
:102C8000E4E0202CEDD1069B5E469B460323229A6E
:102C90001340012B18D1219B002B15D00B9B002B2F
:102CA00000D1FDE0219B013B2193202B0CD9302347
:102CB000219A07E0172006A9013409180B55944200
:102CC00000D3CCE0202CF5D1229B01940393219BCF
:102CD0000096029322E0229B52460493219B3900E6
:102CE000039358461E9B1F9C0296009301944346F3
:102CF00000F04AF90400200015B0F0BCBB46B24613
:102D0000A946A046F0BD229B5B070FD403224C4B83
:102D100022990192039121990093029143465246D0
:102D200039005846FFF790FD0400E4E70422454BC4
:102D3000EEE71E9A1F9B00200021FFF724F90123D4
:102D40001E901F910B9311E7229B54469B0711D1B4
:102D5000219B042B0ED9219B55469C465E46043C84
:102D600064442A004346013539002020B047A5427B
:102D7000F7D1B346344D26002B1F99465B46A34638
:102D80001C003200E87843463900013DA047013677
:102D90004D45F6D123005C469B46229B04349B079D
:102DA000A9D55346219AE31A9A42A4D95E46150042
:102DB0002200434639002020B04753460134E31A2D
:102DC0009D42F5D897E72800FFF77CF902000B0039
:102DD0001E981F99FFF7D7F80022184B069007910D
:102DE000FFF744F90CAE002800D031E706980799A8
:102DF0000022124BFFF750F9002800D028E70123EA
:102E000001359D4324E70022069807990B4BFFF7F5
:102E10002DF9002800D0F9E64B46002B5CD10123A8
:102E20009C46E144F2E6C046FFFFEFFFFFFFEF7F65
:102E300065CDCD4165CDCDC1488C00100000E03F8F
:102E4000108900100889001018890010069B5E4642
:102E50009B460323229A1340012B00D181E0202CB2
:102E600000D131E70B9B002B27D02D2333550134A4
:102E70002AE74F46069D202C00D1E7E63022331981
:102E800007E0172006A9013409180A55202C00D1A3
:102E9000DCE6A342F5D12E220CAE0134F254D7E683
:102EA0000C23229A134257D0219B013B2193A3422A
:102EB00000D9FCE6202C00D106E7229B5B0703D556
:102EC0002B2333550134FFE6229B1B0700D4FBE67E
:102ED000202333550134F7E6DB0700D496E69EE75E
:102EE000229B55469B0711D1219B032B0ED9219B79
:102EF00054469C465E46033D6544220043460134E9
:102F000039002020B047AC42F7D1B346B9465F46FE
:102F10001C4EEC1C2A00B078434649460135B847A0
:102F2000013EAC42F6D1229BBB464F469B0700D4E4
:102F3000E1E65346219AE31A9A4200D8DBE65E4660
:102F400015002200434639002020B0475346013483
:102F5000E31AAB42F5D3CEE6219BA34200D9A6E605
:102F6000B2E6219B002B00D179E70B9B002B97D079
:102F7000219B013B21939C4200D298E6202C00D05B
:102F800073E7A1E614890010F0B5DE4657464E46B9
:102F90004546E0B599B081468B4692469846229ABE
:102FA000239B10001900FFF77CF8002800D0CAE02E
:102FB000229823990122824B5242FFF76DF8002894
:102FC00000D0C0E02298239901227E4B5242FFF7A5
:102FD0004DF8002800D0B6E0229823990022002363
:102FE000FFF744F8002800D0C9E1229B239C0893F6
:102FF0000994089809998023269ADB001A400D92BB
:103000008022269C1201144022000B94269C07006B
:103010000E001C4200D0ADE00B00034300D0D5E011
:10302000002A00D00AE22200063324930223134030
:103030000C930223134200D002E2259B042B00D202
:103040000FE2043B0B93002304250A9300222298ED
:1030500023990023FFF70AF8002800D003E25A4B17
:10306000269A134004930B9B0393249B0293089B83
:10307000099C009301945946434652464846FFF73F
:103080002FFD02002020269B1F27034059424B4161
:103090005B421840531C0893594643464530C84785
:1030A0000A9AD317D4185C40D30F0A936B1E0B9364
:1030B00008AB9C460025674401E0202D0FD020007E
:1030C0000A21FEF725FD01357E19303131702000CF
:1030D0000A21FEF71DFD26000400092EEDD8052368
:1030E00006930B9B59460593002304930A330393DD
:1030F0000A9B4846029310AB0093089A43460195F9
:10310000FFF7F8FB0C9B002B2DD05346C41A259BD0
:10311000A34228D94D465F4681461E0053463900DA
:103120001A19202043460134A847A642F6D8534630
:1031300048462599C21A01320023914200D386E104
:10314000013018180FE0269B0493259B0393249BC2
:103150000293229B239C0093019443465246594676
:103160004846FFF7BDFC19B0F0BCBB46B246A946C5
:10317000A046F0BD01432BD10B9B2200002B00D1B8
:1031800054E700230A93249B0A9A0024934200DD0B
:1031900085E12298239900220023FEF767FF00288B
:1031A00000D035E1269B084A02941A408023DB00B8
:1031B00013430493259B0393089B099CCBE7C046CC
:1031C000FFFFEF7FFFFFEFFFFFF7FFFF06232493D3
:1031D000B44B70009C46400D6044FEF773FFB24A4A
:1031E000B24BFEF700FFB24AB24BFEF7D5FE3603F4
:1031F000B14B360B334304000D0038001900002298
:10320000AE4BFEF7C0FEAE4AAE4BFEF7ECFE020040
:103210000B0020002900FEF7BFFEFEF76BFF0A90AF
:10322000FEF750FFA84AA94B04000D00FEF7DBFE95
:103230000022A74BFEF7B0FEFEF75CFFA54A060092
:10324000A54B20002900FEF7CEFE040030000D0043
:103250000C96FEF737FFA14AA14BFEF7C4FE020011
:103260000B0020002900FEF78EFE02000B00060076
:103270000F00FEF7B8FE320004000D003B003000E6
:103280003900FEF789FE00220E900F91954B200029
:103290002900FEF78AFE0022934BFEF77DFE020016
:1032A0000B0020002900FEF780FE00228F4BFEF766
:1032B00073FE02000B0020002900FEF776FE0D00D1
:1032C0008021040032003B000020C905FEF75BFEB0
:1032D00002000B0020002900FEF75EFE02000B003A
:1032E0000E980F99FEF761FE0022734BFEF754FE15
:1032F0007F4B0C9C9C46644400222305FEF773FE22
:1033000006000F0002000B0008980999FEF7AEFEB8
:1033100000280AD00A9B3000013B39000A930022A2
:10332000714BFEF742FE06000F000A9A330063322B
:103330003900C62A12D802222698042510400B9A7A
:103340000C90002A25D1259B042B05D9002800D0FC
:10335000A1E0259B043B0B93042541E00222269823
:1033600010400B9A0C90002A12D1259B052B76D980
:10337000002872D1259B0525053B0B9334E0802264
:1033800012069446229B0893239B6344099330E6DC
:1033900005250B4300D1F6E608980999554A564B86
:1033A000FEF772FE002808D0089809990022534BB6
:1033B000FEF75CFE002800D0E5E6249B002B1CD025
:1033C0000D9B002B19D0249B013B2493259BAB42E2
:1033D00004D90C9B002B5AD002230C9300230B938F
:1033E0000A9B002B00D131E60898099932003B0076
:1033F000FEF7DBFD0890099128E6259BAB42EDD94D
:103400000C9B002B43D000230B9302330C93E7E774
:103410008020269B3A4A00061A4080238446029464
:10342000089C099D2900DB0013430493259B6144FC
:10343000220003930B00009201938EE60524A8E678
:1034400000230B930A93023304250C93FEE55346A5
:103450008C46013B63441B1A72E602230C9305253C
:10346000C2E70423EDE58020089E099F000639008D
:103470008446269A224B6144134004930B9B3200EE
:103480000393249B02930B0000920193F3E5259B89
:103490005B1B0B93A4E7022304250C93A0E79C1A63
:1034A000013C76E601FCFFFFFB799F501344D33FBC
:1034B000B3C8608B288AC63F0000F03F0000F83F89
:1034C00061436F63A787D23F71A379094F930A4085
:1034D0000000E03F1655B5BBB16B0240EF39FAFE74
:1034E000422EE63F00002C4000002440000018401F
:1034F000FF0300002D431CEBE2361A3F80842E416F
:10350000FFF7FFFFF0B5DE4657464E464546E0B5AD
:10351000A5B01E002E9B92460C93CD4ACD4B804603
:103520008B461A60002900D1EAE1002330789946E1
:10353000002800D1ECE1C84B4C460B93C74B4546E5
:1035400057460E930AE0631C984622003B005946FA
:10355000A84744463078002800D187E00136252866
:10356000F1D108239A46043B9946023B9846013B19
:1035700000229C460D943078711C0300203BDBB286
:10358000102B03D80B9C9B00E3589F460300303B55
:1035900089460D9C092B3AD9002398462A2800D148
:1035A000C1E000239A462E284BD00300683BDBB2D3
:1035B000122B1ED80E999B00CB589F4663460E00D7
:1035C0001A43D8E743460E001A43D4E74B460E0091
:1035D0001A43D0E710230E001A43CCE753460E00DF
:1035E0001A43C8E780235B001A43FF3B9C46707870
:1035F000E1444E4667284FD82428A4D90300253B30
:10360000DBB2422B9FD896499B00CB589F460023A4
:1036100094461E0000E00131B3009B195B001E18A8
:103620000878303E0300303B092BF4D90123624671
:1036300089469C460023B0469A460E00E1442E2857
:10364000B3D13021802049428C46C00002437078BB
:103650004B4684446146092900D86CE12A2800D1F0
:103660007AE101239C464E46E1449EE7A146A846E6
:10367000BA46CA4503D801235B4253449946534690
:103680004A4659460020C047200025B0F0BCBB4642
:10369000B246A946A046F0BD0300693BDBB20D93DC
:1036A0000F2B00D94FE7012199408C466D4989467F
:1036B00061464B4619400F91634649460B4200D084
:1036C00028E10D9B0A2B3AD0072B00D03BE70C9B3F
:1036D000190008C98846002B00D14BE12120024384
:1036E000914614A98C461F220F2162448C465146F4
:1036F0000D950C91A24615000F9902E020290CD0DF
:10370000130064461C4020003730092C00D80738CD
:10371000013168541A090F2BF0D80C9B54460D9DAB
:103720009A460F9133E10C9B02CB8846002947DB78
:103730000C9301239C4670784E46E14431E70C9B84
:1037400002CB14935346002B00D138E19C460878F5
:103750000B000C908C44002801D100F098FC8946A5
:103760006146944603E05A780133002A01D08B4227
:10377000F9D1494662465B1A0C900F93530500D568
:1037800020E10223180010400D90134200D1CBE33A
:103790000D930B1BB1469A465E460C9822003B00E7
:1037A0003100A84753460134185D0028F6D1B346CE
:1037B0004E460D9B002B00D0C7E1149B0C93C9E62D
:1037C0000C9301239C46283849420243884670786E
:1037D0004E46E144E5E670786C2800D17FE1802315
:1037E0005B001A43FF3B9C46E14402E780239B00B9
:1037F0001A4301239C467078E144FAE67078682801
:1038000000D173E180231A437F3B9C46E144F0E6FC
:10381000672800D103E1472800D15AE1452800D1AB
:103820005AE10492072142460C9B03920733524609
:103830008B43190002920CC92800009201930C914D
:1038400022003B005946FFF79FFB040082E6C0467A
:103850000535001024270020A88A0010EC8A0010EB
:10386000388B001041900000462800D1DBE0049224
:10387000072142460C9B0392073352468B431900A3
:1038800002920CC92800009201930C9122003B0087
:103890005946FFF725F904005CE6631C98462200B0
:1038A0003B0059462520A847444653E60C9B043369
:1038B0000D93631C9946920700D422E10C9B2200D1
:1038C000187859463B00A84743464444012B00D88A
:1038D00085E23300B8462E005F4625004C469946E7
:1038E00022004346013439002020B047AC42F7D1D2
:1038F0002C00BB46350047464E460D9B0C9329E6EF
:10390000DB4B3078984600239946002800D012E619
:103910000024AEE66F2800D188E000D80BE3102326
:10392000782800D1CFE09A430A239C4600230F93C6
:103930000A330D9380E05646B100891949000133DE
:103940000E181878303E010030390929F4D9B246F2
:103950001E000133994628E60C9B023602CB8A46AC
:10396000C9435046C917084082460C933078731CEF
:1039700099461AE6102310009843113318438146E4
:1039800080201300C0000340024200D1A9E64B464C
:1039900006930823059353460493102303930023AF
:1039A00002930F9B220001931CAB009359463B00EE
:1039B0002800FEF79FFF434604000C93CAE501234D
:1039C0005B42C3E60F9B534501D953460F93022335
:1039D000180010400D90134200D1B7E10D93D1466D
:1039E0000B1B9A463300A1442E0022004D460C9832
:1039F000B9465F469B4608E04B463900541CB04729
:103A00005346185D002877D022009542F4D15B46DA
:103A1000BB464F46A94635004C461E00C9E68023EA
:103A20001B011A43FDE620231A4320E708239C4686
:103A300000230F9308330D9380231100DB001940FE
:103A40001A4200D116E10D239A4310008023020090
:103A50009B001A401492184200D0C2E18023020059
:103A60005B001A4091460C9A04320F92184200D023
:103A7000B7E2430600D59FE1030600D419E30C9B8F
:103A80001B880993002B00D0FCE1103398430029D8
:103A900000D1F7E10023994643460593534604932A
:103AA0000D9B069003930023D2E0582808D062288B
:103AB00067D102239C4600230F9302330D93BBE78B
:103AC00020231A43103B9C4600230F9310330D9381
:103AD000B2E780231B011A4320231A43A1E6C02327
:103AE0009B001A43F31C9946B07882E5C0231A4321
:103AF000F31C9946B0787CE535005E46BB464F46E0
:103B000057E64346012B00D863E1631E43449A46BF
:103B10003300B9462E005F4655469B46A24622001A
:103B20004B46013439002020B047AC42F7D1350074
:103B30005E46BB464F46A14654460C9B4A46187803
:103B400059463B004444A847D7E6A1460F9B9845F9
:103B500000D832E64444E41A3300B8462E005F46EB
:103B600025004C4699462200434601343900202066
:103B7000B047AC42F7D12C00BB46350047464E4615
:103B80001BE680231000DB0018401A4200D10FE131
:103B9000112118008A430D920D9A802311009B0079
:103BA00019408C461A4269D1802311005B001940EC
:103BB00089460C9904310F911A4200D0CAE11300D2
:103BC0005B0600D5F0E013001B0600D459E20C9B05
:103BD00000229B5ED9175A184A4092B2D90F0C9115
:103BE000002B00D1F9E1100014AA944642461F238D
:103BF000149252466344A84616944D460400B946B2
:103C0000B2461F00159201E0202D0FD020000A219E
:103C1000FDF77EFF01357E193031317020000A2119
:103C2000FDF776FF26000400092EEDD8149B4F46C1
:103C3000A94645469846159B56469A46169C0D9BA6
:103C4000069343460593534604930A2303930C9B20
:103C500002934B4601931CAB2200009359463B0054
:103C60002800FEF747FE0F9B04000C9372E4C04649
:103C7000452800100C239A431000E7E607220C9B0E
:103C800007339343013294469C4462460C920CCB1A
:103C9000D90F0F911100194300D191E0D917139159
:103CA0001291514010911399594011911098119906
:103CB000129A139B801A99411090119114AA002313
:103CC000944642469946149252461F336344A8468E
:103CD000B24616944E46109C119DB94615921F008F
:103CE00001E0202E10D0200029000A220023FDF739
:103CF0004DFF013630322B00BA550D002200040072
:103D0000002BEED1092AECD8149B1094119545464E
:103D10009846159B4F46B14656469A46169C0D9BB3
:103D2000069343460593534604930A2303930F9B3C
:103D300002934B4601931CAB2200009359463B0073
:103D40002800FEF7D7FD0400FFF704FC0F9B984501
:103D500000D8C1E18023DB000D9343460F9A1B1965
:103D60009B1A994633002E004D46B9465F469B4646
:103D70000C9122004B46013439002020B047AC4260
:103D8000F7D143460C9901330F930B7835000C9310
:103D90005E46BB464F46002B00D10EE50D9B002B27
:103DA00000D1F6E4002319E60C9B1B781A0015E7F6
:103DB00010239A430D92EFE60C9B1B78099361E662
:103DC000002399460028AAD10022002310921193C3
:103DD00074E70C9B2200187859463B00A8474C46D4
:103DE0008BE50C9AFA3BFF3B07329A430133994625
:103DF00091444B460C931368526815921A4306D1AE
:103E00001032904300220992002900D081E0612203
:103E1000810600D54122D2B20A9214AA91460A9A8A
:103E200000210A3A149242461792524618925A4674
:103E30000991B3461F311E000F9B4944BA4619949D
:103E40001A950024674698468946159D16901B9240
:103E50000AE03032D2B24B4601341A55A8454AD056
:103E6000202C4AD006000D003A0000233000290023
:103E7000FDF78CFED2B2092AEBD9149B9C46624412
:103E8000D2B2E8E76123820600D54123DBB20A3BC8
:103E90000C93434614A91F228C4615935346624443
:103EA000A046B2464C461797A9461700099D0D9E9D
:103EB0001490169308E03033DBB201343B55B54221
:103EC0000ED3202C0CD0050031002800FDF720FE79
:103ED000CBB20929EFD90C9A94466344DBB2ECE7E4
:103EE000159B4D46A14644469846169B5646149847
:103EF0009A46179FD0E5B742B2D9179B57469846C6
:103F0000189B5E469A461B9B09949B461698199CE3
:103F10001A9D43460593534604930D9B06900393C5
:103F200000230293099B05E70F9B984500D914E7EE
:103F300001330F932DE41023110099430D9169284B
:103F400000D0BAE080231000DB0018401A4200D1F4
:103F500022E61DE60C9B1B68DA0F1100002B00D136
:103F60008CE0DA179818504014AA914642461F2355
:103F7000149252464B44A046A94616970400654643
:103F8000B2461F000C91159201E0202D0FD02000A9
:103F90000A21FDF7BDFD01357E1930313170200059
:103FA0000A21FDF7B5FD26000400092EEDD8149B6B
:103FB000444698460C9BAC461900159B56464D4608
:103FC0009A46169F0D9B02910693434605935346CE
:103FD00004930A23039363463CE6002800D02EE6B0
:103FE00002E60C9B1B689946002B03D110339843C3
:103FF000002938D16123820600D54123DBB20A3B78
:104000000C9343461693534614A91F228C461793CC
:104010002B006244A0464D46B246189799461700B9
:10402000149C0D9E159008E03033DBB201343B55F3
:10403000B5420ED3202C0CD0050031002800FDF72E
:1040400067FDCBB20929EFD90C9A94466344DBB2E1
:10405000ECE7169B149444469846179B56464D46EB
:104060009A461598189F43460593534604930D9B13
:104070000690039300230293149BEBE50028A1D143
:1040800072E70C9B1B68D9175A184A40A6E5802393
:104090001000DB0018409C460F901A420FD00220FF
:1040A000030013400F93104219D00023A1460F9331
:1040B0004CE50C9B1B680993E4E40A0034E40223FA
:1040C000180010400D90134200D03EE54346002BEF
:1040D00000D042E6FFF771FB01330F937FE46346A4
:1040E0000D93F3E710B50C0084B00394012402A9EA
:1040F00002900093034813006242FFF703FA04B0F2
:1041000010BDC046D12A001010B5094A030014683A
:1041100084B0002C08D0012200910648524203A925
:10412000A047012004B010BD00F06AFA0020F9E7B2
:1041300024270020C12A001000BEFDE7094A030021
:104140001068002805D00849C3188B4207D81360AF
:10415000704706480449C31810608B42F7D9012004
:104160004042F5E72023002000000420982700208B
:10417000030010B508001100002B05D1044B1A688C
:104180005B6800F04BF910BD01204042FBE7C046E0
:10419000408A00100300013B10B508001400012BF9
:1041A00006D801230022210000F0BAF8200010BD3B
:1041B00001204042FBE7C046012040427047C04614
:1041C000012040427047C04610B5FFF7B5FFC0461A
:1041D00070B5FDF751FB074D074EB54209D20024DB
:1041E000013E761BB60808CD984723000134B34240
:1041F000F9D170BD2C87001034870010030010B572
:10420000080011001B68984710BDC046F0B5C646AF
:1042100000B5437D07000C001600002B46D0002A95
:1042200017DD0B780A2B24D000239846012E13D0DB
:1042300001252900635C01350A2B26D0B542F8D14F
:10424000464509DCA419013C23780D3B5A425341F1
:104250003B7580BCB846F0BD4346E018A419F11A7E
:10426000013C3B68984723780D3B5A4253413B75CC
:10427000EFE7037D002BD7D102210F483B68984719
:10428000012EDFD001239846D2E7631E5B5C0D2B25
:10429000D4D0884504DA4346C91AE0183B689847E9
:1042A000022105483B68A8469847C7E70368110004
:1042B00020009847CDE7C046988C0010F0B5C64660
:1042C0000B6806000C0000B5802B06D05A1C22603B
:1042D000E418267180BCB846F0BD0F4B1D68002D58
:1042E00016D00B1D98460D4F02E02D69002D0FD002
:1042F0002B68002BF9D03B68002B01D0AB42F4D1E6
:10430000280041462268FFF781FF2D69002DEFD17B
:1043100001220023DBE7C046102300201C230020DD
:10432000F0B54546DE464E465746E0B583B0914669
:104330001C0080460D00FCF75BFF0023304A12187A
:104340004B41002B02DA01222E4B52422E4908002B
:104350008A4604F0A5F907006B1C03D1404603F020
:10436000ADFE0500002C27D0284E294B1C68002CE0
:1043700018D04B46002B21D1264B994602E02469E8
:10438000002C0FD02368002BF9D04B461B68002B64
:1043900001D09C42F3D120002A004146B047246955
:1043A000002CEFD1002F26D1280003B0F0BCBB4673
:1043B000B246A946A046F0BD174ED6E7154B994622
:1043C0000A239B4602E02469002CEBD02368002BD3
:1043D000F9D04B461B68002B01D0A342F3D12A0031
:1043E00041462000B0476B465A462000DA71D91D7D
:1043F0000122B047E7E7504604F022F9D4E7C0466F
:1044000040420F00FFFFFF7F181700200D420010F1
:10441000102300201C230020FD410010F8B5574652
:104420004E464546DE4698461A4BE0B59B461A4B2B
:1044300007000E0091469A46184D5B461C68002CFA
:1044400003D115E02469002C12D02B68002B01D079
:10445000A342F7D1A368002BF4D03100380098476D
:104460000028EFDDF0BCBB46B246A946A046F8BD29
:1044700053465B6A984508D85246926A4A4502D329
:1044800002204042EEE79845FAD101200021FCF7D6
:10449000B9FED2E710230020004005401C23002075
:1044A000F0B5CE46474680B583B06B460600DD1DAD
:1044B0002870FCF79DFE0023194A12184B41002B6F
:1044C00002DA0122174B524217490800884604F0CD
:1044D000E7F8164B81461C68002C14D0144F02E0FC
:1044E0002469002C0FD02368002BF9D03B68002BE7
:1044F00001D09C42F4D1200001222900FFF77EFE6A
:104500002469002CEFD14B46002B05D1300003B0BD
:10451000C0BCB946B046F0BD404604F091F8F5E79E
:1045200040420F00FFFFFF7F1817002010230020DC
:104530001C2300200A4A1368002B05D10CE01A0046
:104540001B691032002B07D08342F8D1002902D119
:1045500018691060196170470029FCD01060FAE7F3
:104560001023002010B500F0F1FA10BDF0B5CE46D2
:10457000474680B583B06B460600DD1D2870FCF70A
:1045800037FE0023194A12184B41002B02DA012290
:10459000174B524217490800884604F081F8164B21
:1045A00081461C68002C14D0144F02E02469002CB2
:1045B0000FD02368002BF9D03B68002B01D09C4220
:1045C000F4D1200001222900FFF720FE2469002CED
:1045D000EFD14B46002B05D1300003B0C0BCB9462B
:1045E000B046F0BD404604F02BF8F5E740420F001E
:1045F000FFFFFF7F18170020102300201C2300203E
:1046000070B5040003F05AFD0123010005000122EA
:104610002000FFF785FE084B1C68002C06D063685D
:10462000002B05D098472469002CF8D1280070BDD4
:104630002469002CF3D1F9E710230020F0B5CE4611
:10464000474680B5A3B004000D00FCF7D1FD002360
:10465000274A12184B41002B02DA0122254B524205
:10466000254E300004F01CF80023220001930700BF
:104670002B00224801A9FFF735FD214B80469946C2
:104680001C68019B002B1AD0002C2FD01D4D02E07E
:104690002469002C0FD02368002BF9D02B68002B45
:1046A00001D0A342F4D12000019A02A9FFF7AEFD88
:1046B0002469002CEFD14B461C6800230193002C89
:1046C00006D06368002B0BD098472469002CF8D1E2
:1046D000002F07D1404623B0C0BCB946B046F0BD5C
:1046E0002469ECE7300003F0ABFFF3E70194EFE758
:1046F00040420F00FFFFFF7F18170020BD4200104F
:10470000102300201C2300200FB400B583B004A99F
:1047100001C90191FFF792FF03B008BC04B018472C
:104720007047C0460022014B1A7070479327002043
:104730004B790020FF2B0BD18B79002B08D1CB7943
:10474000012B05D1082A03D9024B8A7809301A7047
:104750007047C046932700200120704710B50129FB
:1047600013D112495379107909781B0203430020B1
:10477000994200D010BD5378012B08D0022BF9D1FB
:10478000642200210020FCF7C1FF0120F2E7D3786A
:1047900091781B021943480ADB0501D401204042ED
:1047A0007F238A05D20F1940FDF738F893270020A0
:1047B00000487047648D001070B50500140001209A
:1047C000012909D153780020012B05D16379127991
:1047D0001B021343072B00D070BD21002800024AA2
:1047E0009F3301F055FAF7E7BC8C001001230370EA
:1047F000004870479C8C00104B780A781B021343CA
:104800008A7810B512041A43CB781B0613439622FC
:10481000D200934200D010BD00220120110040427E
:10482000FCF7FCFF024B1860024B19607047C04652
:10483000B0220020B422002010B5024B1878FBF7FC
:10484000B7FE10BD94270020154B70B51A68002ADA
:1048500022D0EFF3108172B610680028FCD0BFF3AD
:104860005F8F00200F4A596010701B68BFF35F8F85
:10487000186081F31088002400250B4E3078FBF778
:104880008BFE002804D1002400252900200070BDE3
:104890003078FBF78DFEF8E7FA240025A400ECE75A
:1048A00048270020952700209427002070B5040099
:1048B00000200E0001F00AFB002834D0002001F097
:1048C0001BFB00282FD0FCF793FC0023174A12187B
:1048D0004B41002B16DB164D280003F0E1FE0028AB
:1048E00021D0002001F0F2FA00280FD10120002190
:1048F000404200F001FD03246442280003F0A0FEC2
:10490000200070BD01220B4B5242E4E7002001F071
:10491000F3FA0028EAD021003200002001F0F6FA74
:10492000041EEAD1E7E703246442E9E740420F00AE
:1049300070270020FFFFFF7F10B5FCF759FC002314
:104940000D4A12184B41002B02DA01220B4B524246
:104950000B4C200003F0A4FE00280CD00120002105
:10496000404200F0C9FC002001F014FB0028F5D102
:10497000200003F065FE10BD40420F00FFFFFF7FE7
:1049800070270020F8B5DE46574680B505000C00BC
:10499000FCF72EFC0023364A12184B41002B02DA9A
:1049A0000122344B5242344908008A4603F078FE13
:1049B000002803D1C0BCBB46B246F8BD002001F0C0
:1049C00085FA00284AD00026002C43DD2B4B9B465D
:1049D00014E0A919002001F017FB070001200021B5
:1049E000404200F089FC002001F0D4FAFCF700FC02
:1049F000224BF61918605960B4422BDD002001F0FB
:104A000023FBA71B0200B84200DD3A00002AE0D1D8
:104A100001200021404200F06FFC002001F0BAFAB2
:104A2000002001F053FA002814D0002001F00CFB04
:104A30000028E1D1FCF7DCFB5B460F001A685B68DD
:104A4000002184460E4812184B419F4202D8D3D110
:104A50009445D1D9504603F0F3FDABE70020002187
:104A6000064B18605960504603F0EAFDA2E7C046C5
:104A700040420F00FFFFFF7F70270020A01800209A
:104A800020A1070030B52A4C85B00021200003F09A
:104A9000EFFD00281CD1274B1A68002A16D0EFF32F
:104AA000108172B610680028FCD0BFF35F8F01241C
:104AB0002148596002781B68D2B20470BFF35F8F3F
:104AC0000020186081F31088002A17D005B030BD8F
:104AD00001200021404200F00FFC002001F00CFA00
:104AE0000500200003F0ACFD002DEFD0134B1B6838
:104AF000002BEBD0124A10689847E7E7FCF762F901
:104B00000400FCF775FBFA220023920012184B41B7
:104B1000002B02DA01220B4B5242012102910021AB
:104B20000191094920000091FCF750F9CEE7C046F9
:104B3000702700204827002095270020B022002061
:104B4000B4220020FFFFFF7F49480010D02310B59A
:104B50001B0684B01C68FCF735F9FCF731FAA0425B
:104B600002D0002004B010BD294B002100201B788A
:104B700001F05EFD27480368002B45D00120FBF7BC
:104B8000AFFEFF23244C254920701840FBF72AFD77
:104B900020780121FBF7EEFC0520FBF711FD002832
:104BA00024D1082200211E48FDF740FEFCF70AF937
:104BB0000400FCF71DFBFA220023920012184B415F
:104BC000002B02DA0122174B5242012102910021EF
:104BD0000191154920000091FCF7F8F80028C0DB8E
:104BE00012480121FFF7A6FC0120BBE70120FBF7DB
:104BF0008FFC0B4B01001800FBF7D4FE00220520B0
:104C00000B49FBF719FDEBE7FBF7B0FEB6E7C04633
:104C100034A100107027002094270020854A00103E
:104C200048270020FFFFFF7F494800106011002047
:104C30003948001000487047008E00100048704747
:104C4000AC8D001010B5040017480378002B20D05D
:104C5000002C06D1154B16484380063BFF3B0380D2
:104C600010BD052C1DD8134BA400E0581249012398
:104C7000013804E001330A800231142B0DD0C25CEC
:104C8000002AF7D1C022DBB25B0092000848134330
:104C9000E5E7112100F01AF8DAE7CA2304489B007F
:104CA000DDE70020DCE7C0467C2700200904000087
:104CB000E8220020948D0010EA22002010B502485E
:104CC00000F0D8F810BDC0466027002030B54B1E5C
:104CD000012900D1A7E0664A11780D092C00303473
:104CE0009F2900D9A2E00470012B00D1BEE00F2162
:104CF000147821400C003034092900D998E0447020
:104D0000022B00D1B2E054782509290030319F2CC4
:104D100000D990E08170032B00D1A7E00F21214042
:104D20000C003034092900D987E0C470042B00D16D
:104D30009CE094782509290030319F2C00D97FE030
:104D40000171052B00D191E00F2121400C0030347E
:104D5000092900D976E04471062B00D186E0D47889
:104D60002509290030319F2C00D96EE08171072B75
:104D700000D17BE00F2121400C003034092966D896
:104D8000C471082B00D171E0147925092900303154
:104D90009F2C5FD80172092B68D00F2121400C0095
:104DA0003034092958D844720A2B5FD05479250928
:104DB000290030319F2C52D881720B2B56D00F21F5
:104DC00021400C00303409294BD8C4720C2B4DD033
:104DD00094792509290030319F2C00D907310173BE
:104DE0000D2B43D00F2121400C003034092901D96B
:104DF00037310C0044730E2B38D0D1790C092200C6
:104E000030329F2900D9073282730F2B2ED00F2208
:104E10000A4011003731092A01D830321100C1731C
:104E2000102B23D010300023037030BD07345AE715
:104E300037310C0063E707316CE737310C0074E75A
:104E400007317DE737310C0085E707318EE73731D1
:104E50000C0095E707319DE737310C00A3E70731D8
:104E6000AAE737310C00C4720C2BB1D1C018DAE7B5
:104E70006027002010B588B004000D22002168468C
:104E8000FDF7D4FC0D22002104A8FDF7CFFC4B2335
:104E90006A466846137004A90D2203F0C1FB152170
:104EA000082220006944FDF7C7FC08B010BDC046C9
:104EB000F8B500F047F90C23194DFF22AB67052028
:104EC0001849FBF7B9FB184C402200212000FDF7E0
:104ED000ADFC4027002301262121144A6670278358
:104EE000A260136063545F31618445396354104A92
:104EF00010496360E2602787A1620B606362E2622F
:104F000003F0EEFB80239B052E64EB6490230A4A9A
:104F10000120EA508022094B5202DA64F8BDC046F3
:104F2000000011504505002024230020840010506B
:104F3000000110508000105010D0010000201150CE
:104F400010B501210520FBF715FB10BD10B500229F
:104F50000021024800F016F910BDC046442300208D
:104F6000044B1970002904D080219023024A890241
:104F7000D15070478E270020002011500B785B061F
:104F800002D14B78052B00D070478A78014B1A600C
:104F9000FAE7C04600001150F0B5C646C87800B523
:104FA0008007830F1800012B60D08F780A794B7926
:104FB0007F213940FC091B024E001343334D321947
:104FC0005201AA18977001276740577000275B05A8
:104FD0005B0DD7701383D076B846CA00012C32D04F
:104FE0002B4FBC468F016244BC46AC446746BA6056
:104FF00047461760002932D0264AC90090466246CB
:10500000414451603F223F339343022837D0224925
:1050100037190A687F01D3180B602049EF19FA602D
:105020008B422ED836197601AD19EB7E1C499B06B2
:105030004A4013438022120613436A68136001201A
:1050400080BCB846F0BD174FBC468F016244BC46D9
:10505000AC446746BA6247461760002908D100236E
:1050600064012C196360104BE360E8E70020E7E778
:105070000B4AC9009046624641445162C2E75B0058
:10508000C5E7FCF7F3FBFA68CCE7C0462423002011
:1050900084001050040010502C270020FF0F1050E7
:1050A00000001050800010500001105010B503F0A7
:1050B00017FB10BD10B57F200C0020404000E40914
:1050C000110000191A00034B4001C01800F05AF8F3
:1050D000012010BD242300207F23180000B50840C4
:1050E00083B00B4204D14B424B41084A01339366D3
:1050F0008022C9094000064B401840010021C01819
:10510000120103F0E5FA03B000BDC04600201150C3
:10511000242300207F22130010B50B400A4200D147
:1051200010BDC9095B005B1804485B01C01800236F
:1051300000220349C37003F0CBFAF1E724230020D7
:10514000FFF7FFFF80220A4B520410B51A60094B8B
:1051500009491A6010000B689843FBD18022002196
:1051600052010648FDF762FB0922054B5A6710BD44
:1051700000E0004000F0004008C000400000105077
:1051800000001150002310B5C38201338282837660
:105190000161040003F03CFA002804D08021902330
:1051A000074A8902D150200003F08AFA002802D071
:1051B0000123237710BD200003F07AFAFAE7C046F6
:1051C000002011507047C0467047C046002070470D
:1051D000002070477047C0467047C0467047C046C1
:1051E0007047C046024B5878431E9841C0B2704782
:1051F000C81D0020024B18784007C00F7047C046FA
:10520000C81D0020F0B5D6464F464646C0B52F4BC8
:1052100007009A461B780E00FF2B50D1002941D081
:10522000002154222A48FDF701FB0022294C2A4B79
:1052300020001A70FBF79AFB284B1C60284C2000BA
:10524000143CFBF7A1FB200001F0FAFD254B264D95
:105250001C60264B002B04D02800FFF7C7FA244B14
:1052600018602449002489462149002388462A7869
:1052700010E043461B6862019B18002B12D05B684C
:10528000002B0FD098472A780134E4B2511C230038
:10529000A14209DBA242ECD89B1A5B014B445B683C
:1052A000002BEFD100200BE05346310038001F7077
:1052B000FFF7FEFD0028F5D03800FFF741FE012082
:1052C000E0BCBA46B146A846F0BDC04694110020E5
:1052D000C81D0020C01D00208F2700201C1E00209C
:1052E0008C110020201E00208D270020ED4700108B
:1052F000181C0020BC8E0010F0B5DE4657464E4606
:105300004546E0B5C84B91B002931B78FF2B00D106
:105310003EE1C64BC64E9B465F46C64B0DAC019365
:10532000C54B009335686A69EFF3108172B6136854
:10533000002BFCD0BFF35F8FA9612800210001F092
:10534000AFFB6A69AB69BFF35F8F0021116083F324
:105350001088002800D11BE16378082BE2D89B005D
:10536000FB589F466368002BDCD0A0689847D9E7BC
:105370007F222179AF4D0A405300EB189846C809A7
:10538000804440460123303005799D4305710579FD
:1053900003339D430571002A00D100E14346A74A2B
:1053A0001B7D1278934200D3EFE0A54A5B0115689C
:1053B000ED18002D00D1EBE0A36862792078AD698B
:1053C000A847AFE79F4A1378002B00D1E0E013789D
:1053D000013BDBB213701378002BA3D10122954D52
:1053E00001212B78042013432B703423EA5C8A4379
:1053F000EA54EA5C8243EA540133EA5C8A43EA54A1
:10540000EA5C8243EA54237800209B4600F09EFC2D
:10541000602223791A40602A00D1EFE0402A00D1AF
:10542000F5E0DB06DB0E012B00D113E1022B00D1EE
:10543000C7E0002B00D0E1E0202A00D11CE2002AC6
:1054400000D0DBE06379092B00D9D7E07E4A9B00CE
:10545000D3589F46774D2B78DB0700D462E7FFF7E0
:10546000BFFE5FE7019BDB78DB0700D45AE760688B
:10547000FFF7AAFE56E76F4D2B78DB0700D451E704
:1054800028780007C00FFFF7A9FE4BE723786A4989
:1054900099468B46694B6A4998468A4639001A787C
:1054A00047460023B04600254E46894610E0534645
:1054B0001B686A019B18002B00D176E0DB68300086
:1054C00098473A780135EDB2511C2B008D4244DCEF
:1054D0009542ECD39B1A5B015B44EFE72378584974
:1054E0009946564B8A4698463100BB464E461A7836
:1054F00000250023474689460FE053461B686A0192
:105500009B18002B55D0DB68300098473A7801355E
:10551000EDB2511C2B008D4207DC9542EDD39B1A56
:10552000009A5B0194466344EDE7019D54220021FB
:105530002800FDF77BF91022FF214448FDF776F99A
:1055400028002022FF2114304E465F46FDF76EF9F9
:1055500000F0F2FBFFF740FEE4E6364D5422002156
:105560002800FDF763F91022FF21281DFDF75EF9E1
:1055700028002022FF21143046464F46FDF756F9F9
:1055800000F0DAFB2379AB70CCE6501C984213DABA
:1055900011B0F0BCBB46B246A946A046F0BDA36818
:1055A0006279207800F0E6FBBCE646464F46214D86
:1055B000E6E74E465F46CBE71F4D9B1A5B015D1940
:1055C000FAE67023217A0B4218D1C80982460F33BC
:1055D0000B405B0098461948EB1853441B7D00783C
:1055E0009946834266D216485B0100688146994419
:1055F000002A00D15FE14B46002B68D120780021C2
:10560000FFF76AFD80212078FFF766FD8AE61048E3
:1056100000F09CFB012158460EAAFFF7CDF80028A8
:1056200000D07FE6EAE7C04694110020148E0010F7
:10563000201E0020C81D0020BC8E00108D270020D9
:10564000181C00208F270020388E0010CC1D002051
:10565000B9470010237A0F2BD0D8CF4AEB181B790B
:105660001578AB423ED3691C9942C7DB5D1BCB4B1F
:105670006D01ED18686900F069FB012158466B69FE
:105680000EAA9847002800D04CE660221500237926
:105690001D401A42B2D163790A3B012BAED800F00B
:1056A00055FB63790A2B00D199E158460EA900F009
:1056B000D9FA37E6431C4B4500DAF7E04B461B1A94
:1056C0005B019946B5488144002A00D1F3E04B467E
:1056D000586900F03BFB4B46012158465B690EAA16
:1056E00098479CE7AE4A5B011568ED18002DC1D1C3
:1056F00084E7A37999466B789945D6D06B78002BCF
:1057000000D033E14B466B70002B00D12BE14846B3
:105710000138C0B2FFF792FA002800D17EE1437849
:105720000793022B00D079E10122C179B1468B1198
:10573000491113400A40302112015B0113432A78BA
:10574000A8468A4313432B7009239A46824456463F
:10575000BA46C37882781B021343C31805938E4B55
:1057600004938E4B08938E4B09938E4B0A93059BA3
:10577000B34200D855E1737801220B2B03D1337863
:10578000F278F6187378042B00D044E1059B0027CB
:105790009B1B9BB20693049B0B921D7800230393E3
:1057A0001BE0099A7B011568ED18002D00D132E14C
:1057B000310058462B69069A98478446082803D931
:1057C000069A824200D313E1049B01371D78FFB291
:1057D0006B1C03979F4200DD1DE1BD42E1D8039B96
:1057E0005D1B089B6D019C466544E1E76B780CAA44
:1057F00002321370584601230EA900F049FA91E5D0
:10580000E3881A0AD8B20F2A00D9F7E6664993004E
:10581000CB589F460EA800F09FFA5846A179FFF793
:1058200095FB02222B7813432B707BE5E388012B39
:1058300000D0E3E608222B78584693430EA92B703C
:1058400000F010FA6EE5022029780CAB9A1C8B064A
:105850008908DB0F01400B431380584602230EA931
:1058600000F016FA5EE5E388012B00D0C6E60822B8
:105870002B7813432B7018E7237A0F2B00D9BDE642
:10588000EB181D79444B1B789D4228D2444B6D0187
:105890001B685D19002D00D1B0E6686900F056FA6A
:1058A000012158466B690EAA9847B8E6002A00D035
:1058B000A4E60023994662790220130003928343F1
:1058C000012B15D0002A00D098E62B004344534406
:1058D00030331B790CAA9B07DB0F0232BCE75A1C42
:1058E000AA4200DA8AE6ED1A2C4B6D01ED18D4E7D6
:1058F000E388002B12D1029B1878039B012B23D045
:10590000FFF7EAFB43460221EB18534430331A7980
:105910000A4301211A711A790A431A714B46002B66
:1059200000D1FFE4586900F011FA4B4601215B6990
:105930000EAA58469847002000F008FA3523EB5C81
:10594000DB0700D5EEE4B0E6FFF7E4FB43460221B7
:10595000EB18534430331A798A431A711A79039930
:105960008A431A71DAE7FFF737FC9EE600215846B2
:10597000FFF7F6FA5846FFF799FBAB780749039310
:105980000491054B064998461A7805910023290091
:105990001D008A461BE0C0468D270020BC8E0010EB
:1059A000181C0020DC1D0020608E0010059B6A0181
:1059B0001B689B18002B4DD0DB6858469847434620
:1059C0001A780135EDB2511C2B008D422EDC954228
:1059D000ECD39B1A049A5B0194466344ECE70CAB4E
:1059E0009A1C584601230EA9157000F051F999E44C
:1059F0000B9A012A4FD0002A3CD00023B07804E053
:105A00000133DBB20F71934234D2C118C9B24144A1
:105A10000D79FF2DF4D04E464546574600236B7056
:105A2000ECE54E465746FFF7D5FB3EE65546542279
:105A300000212800FCF7FAFE1022FF21281DFCF7A8
:105A4000F5FE28002022FF211430FCF7EFFE039B17
:105A5000AB7057E65546FAE7FEF7AAFE021E00D1E4
:105A6000CCE5D37891781B020B4358460EA900F081
:105A70000FF9D4E565463B002A0031000A9800F092
:105A80007FFEAC46049B039A1B7866440133934225
:105A900000DB6CE6BFE7174B29699942ADD1079A45
:105AA000ABE7FFF793FB021E00D1A7E5584613783A
:105AB0000EA900F0EDF8B2E52189FFF7C3F8021E48
:105AC000F4D19BE5022A0FD0FFF782FB021EC8D15A
:105AD00094E5FFF7AFF8021E00D18FE51223584678
:105AE0000EA900F0D5F89AE5FFF7A8F8021EB8D184
:105AF00084E5C04649610010F8B557464E46DE467B
:105B000045460C00E0B516001F00002A3CD070236B
:105B100098461E4B00259B461D4B9A461AE05B4655
:105B20001B78200099465346997800F0EBFD002839
:105B30001CD021004846FFF72FFA002816D0A37882
:105B4000DA09012A19D00A9A013513702378E4186A
:105B5000B54219DA6378052B08D1E3789B079B0FD0
:105B6000BB4203D14246A3781A42D8D00020F0BCF1
:105B7000BB46B246A946A046F8BD0B9A0135137044
:105B80002378E418B542E5DB0120F0E7941100200A
:105B9000C81D0020702270B58B780C001A4201D00D
:105BA000002070BD064B20001D78064B997800F050
:105BB000A9FD0028F4D021002800FFF7EDF9F0E757
:105BC00094110020C81D00200B007F2010B5184044
:105BD000DB0934334000044AC018044B1168C01874
:105BE00000F04CFD10BDC0461C1E0020C81D00204A
:105BF0000B007F2010B51840DB0934334000044A05
:105C0000C018044B1168C01800F060FD10BDC046FC
:105C10001C1E0020C81D002070B57F240F480C40BA
:105C200064000419CD09641930342079C00701D506
:105C3000002070BD0126257909483543007825717B
:105C4000FFF738FA0028F4D1012223799343237116
:105C50002379033293432371EAE7C046C81D00202D
:105C60009411002070B5094C0600082220000D0098
:105C7000FCF7E2FD00238021E360A3602B78300075
:105C8000994300220023FFF7C7FF70BDA81D002025
:105C9000F8B5CE4647469046254E80B58146082247
:105CA00030000D001F00FCF7C7FD4346B360002322
:105CB000F381EC79AB7924021C43231CBC4200D94C
:105CC0003B1C9FB2B381002C0DD0002F17D0424651
:105CD000002A2BD0402F1BD89FB233787F2B1CD8A3
:105CE0000021144A0FE080212B7800229943484676
:105CF0000023FFF791FFC0BCB946B046F8BD7F2333
:105D00000022317899433B004846FFF785FFF2E7D0
:105D100040239FB233787F2BE2D9064C3A004146AC
:105D20002000FCF789FD80212200ECE70020E2E75B
:105D3000A81D0020681D002010B514220021024873
:105D4000FCF774FD10BDC046A81D0020014B186172
:105D50007047C046A81D002010B5054C0100082260
:105D60002000FCF769FD0023A360E36010BDC0467E
:105D7000A81D002070B5384C1D0023780600DA09F4
:105D8000C9098A4210D00020002D00D070BD21002A
:105D90003000FFF7F3F82369002B03D02200032122
:105DA000300098470120F1E77F2B06D8A068002833
:105DB00034D02A002949FCF73FFDE289A168521935
:105DC000E38892B24919E281A160934214D03F2D39
:105DD00012D9A389981A051C80B240282AD82078A5
:105DE000ADB27F2828D800219A4232D01B4A2B001E
:105DF0003000FFF711FFC9E72369002B05D022000F
:105E000002213000984700280AD080212378002200
:105E1000994330000023FFF7FFFEB7E70020B5E706
:105E200000213000FFF758F930008021FFF754F9C6
:105E30000120ABE74025D2E79A4207D0074C2A0061
:105E40002000FCF7F9FC80212200D0E7802100220D
:105E5000CDE70022CBE7C046A81D0020681D00202A
:105E600070B50400FFF7BEF9002800D170BDFFF740
:105E7000C1F90028FAD1C8236343124DEE18F17816
:105E80000029F3D010335D19280000F0F3FD3F28FE
:105E9000ECD90020F178FFF797FE0028E6D0280023
:105EA00000F0E8FDF1783F2807D9074BE201D2184E
:105EB00000204023FFF7B0FED8E70020FFF798FE50
:105EC000D4E7C046A01C00201C1C002010B5040014
:105ED000FFF788F9002801D1002010BDFFF78AF9EB
:105EE0000028F9D1C8226243024B01309B181B796C
:105EF0001840F2E7A01C0020C82310B54343024815
:105F0000181800F099FD10BDB01C0020F8B5C82489
:105F1000802344431C4F103405003C195B029A4215
:105F200000D31A4A200092B200F008FE0600FFF7E4
:105F300059F9002801D13000F8BDFFF75BF90028BE
:105F4000F9D1C8236B43FF18FB78002BF3D0200056
:105F500000F090FD3F28EED90020F978FFF734FEDD
:105F60000028E8D0200000F085FDF9783F2807D907
:105F7000074BEA01D21800204023FFF74DFEDAE775
:105F80000020FFF735FED6E7A01C0020FFFF000031
:105F90001C1C0020F8B50400FFF724F9002801D1EB
:105FA0000020F8BDFFF726F90028F9D1C825654380
:105FB0002E00134F2436F619300000F03DFD002866
:105FC000EED07F190020B978FFF7FEFD0028E7D05A
:105FD0000C4DE401651929004022300000F0AEFDAF
:105FE000B978041E08D003002A000020FFF714FE31
:105FF0000028D5D02000D4E70020FFF7F9FDCFE737
:10600000A01C00205C1C002070B5C82444430C4B2D
:106010000500E41880235B029A4200D3094A20005D
:1060200092B200F051FE0600200000F005FD3F286E
:1060300001D8300070BD2800FFF7ACFFF9E7C0467B
:10604000C41C0020FFFF0000C82310B543430248D2
:10605000181800F00FFD10BDC41C0020F0B500257D
:10606000184C83B0C82200212000FCF7DFFB164B40
:1060700021001D70FF236371E1235B02A3602000F8
:1060800008234022A37338310095073B103000F0FD
:106090009DFC2700012321002000260040227831AA
:1060A0000093B837243000F091FCC0363800FAF77E
:1060B0005DFC3000FAF75AFCE561276226636563F0
:1060C00003B0F0BDA01C00209C1C00200A4A116BEC
:1060D000136A00290CD0002B07D00023D36153632F
:1060E0001363002313620120704753631363FAE7BD
:1060F000002BF8D0D161F4E7A01C002070B50F4C44
:10610000052200212000FCF791FB0D4D2B78DA07CA
:1061100007D50C4C9B070CD50121200000F0B0FEE8
:1061200070BD2000103000F08BFE2B78054C9B07D3
:10613000F2D4200000F084FEEEE7C046A01C002050
:106140009C1C0020C41C0020F0B54B79060083B0D5
:10615000022B02D18B79022B03D00025280003B03B
:10616000F0BD204FBB78002BF7D18B7809253B7011
:106170000C780C196378242B07D00CE02378E418F2
:106180005D196378ADB2242B05D19542F6D9002074
:10619000FFF766FEE2E71A00052B15D0042AF6D1B8
:1061A00063790A2BF3D1104B2778019301330093C5
:1061B00030000223E119023AFFF79EFC0028CCD000
:1061C0000E35ED19ADB2E2E721003000FFF7E2FC39
:1061D0000028C2D0A3787B7023785D19E418627818
:1061E000ADB2DBE7A01C0020A21C0020F8B56023A4
:1061F00014001278050013400020202B07D1304AEC
:106200006379277916781B023B439E4200D0F8BD84
:106210006378222B1AD007D8202B34D0212BF6D12B
:1062200001293ED00120F2E7232BF0D1012940D0F3
:106230000329F7D1234B002BF4D0E178A37809028E
:106240000020194300E000BF0120E0E7012930D021
:106250000329E7D101252E00A378E478023924022E
:106260001C431471264024321000714000F008FED7
:10627000154B002BD6D06208002031002A4000E0E8
:1062800000BF0120C3E701290BD00329CAD10F4B5E
:10629000002BC7D0083200201100FEF7ADFA012014
:1062A000B5E7072321002800094AFFF7F1FC012088
:1062B000ADE721002800FFF7D5FC0120A7E7C04685
:1062C000A01C00200000000000000000F9470010A2
:1062D000A81C0020F0B54F464646D646C0B5364D00
:1062E0008046EA780C001F008A423CD0AB788B4293
:1062F00010D00020E0BCBA46B146A846F0BD2F4BF6
:10630000002B04D02E4800F0ADFB002851D0002017
:10631000FFF7A6FDAB78A34201D00120EAE7294BA5
:10632000002B02D0002000E000BF0020FFF732FE6B
:106330000028F2D1244C200000F07EFB0028ECD194
:10634000002FEAD0BF06E8D1243C4046A178FFF7F1
:106350003BFC0028E1D0002300224046A178FFF753
:106360005BFC0120C6E79AB210239A46174EAA4456
:106370003100504600F0A8FC154B002BBFD06B79C4
:10638000FF2BBCD0002FBAD0F219914603E00136A2
:106390004E45B4D06B7932789A42F8D1504600F02D
:1063A00061FB0028F3D15346103B597900E000BF50
:1063B000EDE700E000BFAAE7A01C002000000000FD
:1063C000B01C002000000000C41C00201C1C002089
:1063D000000000009322F0B5134C85B0002120008E
:1063E0009200FCF723FA23002000802640270F4D5F
:1063F0004D337600FF3329300295009300220023AD
:10640000002103970196FF3000F0D4F94035201D9C
:10641000283400230122002103970295019600945D
:1064200000F0C8F905B0F0BD641F0020E41E002094
:1064300010B5054C200000F0F3F920002538FF3896
:1064400000F0EEF9012010BD8C20002070B5084C42
:10645000002520003130FF30257000F0F1FC2000D5
:106460000C3000F0EDFC2A23FF33E554657170BD5C
:10647000641F0020F8B557464546DE464E46E0B557
:106480004B7980460F00FF2B5BD1404B99462A2366
:106490004946FF33CB5C002B53D14E79002E50D1AF
:1064A000BB783C780B703B793C19002B46D0982385
:1064B0005B004B449A460C234B449B46A51803E0D3
:1064C000AC423BD22378E4186378052BF8D1AC4278
:1064D00034D221004046FFF75DFB002831D0A3787D
:1064E0000136F6B2DB09012B32D0504600F0A8FC91
:1064F0002A234946A278FF33CA54637922791B02C2
:106500001343234A5B0594465B0D942163445A422E
:1065100053414A4602204900525C5B0082431343C8
:106520004A46535451464046083900F0E3F90028E2
:1065300007D02378E4183B79B342C5D8E01B80B27A
:1065400000E00020F0BCBB46B246A946A046F8BD1C
:10655000584600F075FC5A46A3780C3A537163799B
:1065600021791B020B430A495B058C465B0D634492
:1065700059424B41022011795B0081430B4359463C
:1065800000200839137100F081F9D2E7641F002060
:1065900000FEFFFFF8B52A2506001F48FF35455DC0
:1065A0001F008D4215D043798B4201D00020F8BDE9
:1065B0001A4B002B04D039040020090C00E000BF66
:1065C000174C3000210000F061F900281DD0012097
:1065D000EDE79A235B00C35A002B0DD1114B002B22
:1065E00004D000201049BAB200E000BF30000F49CB
:1065F00000F080F90120DAE796235B00C1583130C2
:10660000BAB2FF3000F060FBE8E73A00210030004A
:1066100000F008F90120CAE7641F00200000000014
:10662000681F002000000000E41E00208C200020D5
:1066300000B5030083B0002910D00020012B07D83B
:106640000A78002A04D00C48C2540120012A01D043
:1066500003B000BD1800FEF7D5FDF9E701236A4637
:10666000002001A99380FEF7CDFD0028F0D0012283
:10667000014B1A70ECE7C046BC1D0020037870B5D2
:10668000DB0704000E00DD0F002B17D103785B073A
:1066900001D5280070BD01213000494201F0F0FF12
:1066A0002378DB07DD0F002B0AD123785B0708D4A2
:1066B0000422237801251343237002E00025E8E734
:1066C0000025300001F0BCFFE3E7C04670B50C00C8
:1066D000012106004942200001F0D2FF33785B0718
:1066E000DD0F002B04DB200001F0AAFF280070BDA5
:1066F0003378DB0704D40422337893433370F2E712
:106700000025F0E7437902791B021343C2785B0549
:1067100092075B0D920F022A1DD0032A0CD0002095
:10672000012A08D102394A425141124A9446614431
:1067300099424041C0B2704702394A1E91410E4A07
:10674000494211408022D20094460020614499427F
:106750004041C0B2EFE7022905D0002040229A4212
:106760004041C0B2E7E7054A981843425841C0B2D9
:10677000E1E7C046FF03000040FCFFFF00FEFFFF13
:106780008A1870B5914207D27F264C78052C04D028
:106790000C7809198A42F8D870BD34008D782C40E5
:1067A00064000419ED0963550C7809198A42ECD884
:1067B000F2E7C046F0B5C64600B582B0150008AA9B
:1067C00040CA040017886A46928D012090460A004C
:1067D0002178024081432000114321703A00009348
:1067E00031000123083000F0F1F8002E01D0002F15
:1067F00008D10A9B012063604346638002B080BCDD
:10680000B846F0BD26001C363000FAF7AFF800237A
:10681000002D01D0330000266361A661E9E7C04680
:1068200001207047F8B502240B7807001C40634232
:106830005C41144B64421C40134B08009C460830DA
:106840000D001600644400F0F7F8002807D1002E70
:1068500005D0344203D101242B781C4201D0002002
:10686000F8BD38006978FFF7AFF90028F7D02B782A
:106870001C42F4D10023002238006978FFF7CCF9DC
:10688000EEE7C04640FEFFFFFF010000F8B50D0037
:106890000835060028000C0000F0CEF8002803D0D0
:1068A000012723781F4201D00020F8BD3000617815
:1068B000FFF78AF90028F7D028006288616800F0A5
:1068C0003DF9237805001F4000280BD0002FEBD1A5
:1068D0000300626830006178FFF79EF90028E3D07A
:1068E0002800E2E7002FDFD130006178FFF780F960
:1068F000DAE7C046F8B5CE46474680B58A89060035
:106900000C000B78002A07D101251D4240D0002041
:10691000C0BCB946B046F8BD9B0733D42A4B4025CE
:10692000994627000837380000F0A4F88542EED8D1
:106930000122237890461A42E9D130006178FFF7AE
:1069400043F90028E3D0380000F094F84246237859
:106950001A40854231D8002AD9D14A46638802407C
:106960001D1C934200D9151CADB200226178002D88
:1069700000D062682B003000FFF74EF90028C6D027
:106980002800C5E7FE2380251B029946AD00C8E715
:106990004978FFF719F90028B9D023781D42B6D1FC
:1069A000638800226178002B00D062683000FFF716
:1069B00033F90028ABD06088AAE7002AA7D13000BD
:1069C0006178FFF715F9A2E7C0FF0000F0B5C646F1
:1069D00000B504006846057E8020884617001E002A
:1069E0000002824226D8E068002803D001214942F3
:1069F00001F046FE2069002803D00121494201F040
:106A00003FFE4346236073045B0CED031D430023EC
:106A1000E0686381A780E5802381002801D001F030
:106A20000FFE2069002801D001F00AFE012080BC81
:106A3000B846F0BD0020FAE710B504894189828884
:106A4000A3B288B28C4207D31B1A9BB2101C9A4285
:106A500000D9181C80B210BD5100091A5B189BB2F6
:106A6000F4E7C04603894089181A43425841C0B22E
:106A70007047C04610B5048941898288A3B288B2A4
:106A80008C4207D31B1A9BB200209A4201D9D21A1A
:106A900090B210BD5100091A5B189BB2F4E7C046D2
:106AA00070B5040000690E00002803D0012149429E
:106AB00001F0E6FD25896089A288A9B283B28542EA
:106AC00032D3CD1AADB2002D28D0AA4208D29142BD
:106AD0002FD3891A8BB263819A4203D89B1A9BB237
:106AE0009A42FBD9E28821685204520C5343300089
:106AF000C918FBF7A1FE63890125591C89B2A28838
:106B00008B420DD900215200891A89B22069618116
:106B1000002801D001F094FD280070BD618989B280
:106B200052009142F2DBEFE75500ED1A4D19ADB27C
:106B3000C9E789188BB26381CEE7C046F0B54646F7
:106B40004F46D646C0B506000069894690460028E3
:106B500003D00121494201F093FD31897289B58842
:106B60008BB294B2914254D31F1BBFB2002F4AD0B4
:106B7000BD4205D2AB4251D25B199CB22F00748149
:106B80004346B8453DD89FB2A54203D8641BA4B282
:106B9000A542FBD9F28831685204520C90466243F8
:106BA0002B1B9BB2891842469F4225D953439BB267
:106BB0001A0048469A46FBF73FFE434648467D1B6F
:106BC00064195C4331685044A2B2FBF735FE718909
:106BD000B588CB199BB26A00994216D99B1A9BB211
:106BE00030697381002801D001F02AFD3800E0BC33
:106BF000BA46B146A846F0BD48467A43FBF71CFEAC
:106C0000E5E73B1CBFE773899BB26A009342E7DB71
:106C1000E4E76F003F1BDF19BFB2A7E75B1B9CB225
:106C2000ACE7C046F8B50400C0680E00002803D0E9
:106C30000121494201F024FD258920896189A2882A
:106C4000ADB283B28FB2884229D3DB1B9BB29A428A
:106C500009D8E779FF0906D1E068002801D001F0E2
:106C6000EFFC3800F8BD2B0095421DD39B1A9BB258
:106C70009342FBD2E28820685204520C5343310005
:106C8000C018FBF7D9FD6B1C9BB2A2889D4217D997
:106C9000002352009B1A9BB201272381DCE751009D
:106CA000C91B5B189BB2D2E7E28820685204520CE1
:106CB00053433100C018FBF7BFFD0135A288ABB2CA
:106CC00052009342E8DBE5E7F0B54E465746DE4614
:106CD0004546E0B589460600170083B0002A67D014
:106CE000C068002803D00121494201F0C9FC338962
:106CF000F2799BB298467389B5889BB2D20940D18C
:106D000098455ED26A00D31A43449BB2AB425DD22F
:106D1000EB1A1A1C9BB2BB4200D93A1C97B27B1BE0
:106D20009BB20193F3885B045B0C9A464346DB19E4
:106D30009BB29B464446A84503D3641BA4B2AC4215
:106D4000FBD25346634330682D1BADB2C018BD4221
:106D50004BD3524649467A43FBF76EFDB3885B003E
:106D6000D84501D89B4503DB5A46D31A9BB29B46B4
:106D70005B463D003381F06800281AD001F060FCCA
:106D800017E0F2885204520C9246AF4220D2984546
:106D90004DD34246D21A92B26900781B80B2D21902
:106DA00001908A4233DA4346FB189BB29B46C1E707
:106DB0000025280003B0F0BCBB46B246A946A04659
:106DC000F0BD4246D31A9BB2AB42A1D30025D2E715
:106DD000002DD0D07F1B574398465A19002392B2FA
:106DE000B94493462F000193A4E753465D43ADB2E7
:106DF0002A004946FBF720FD019B2900E218534673
:106E00005A43306892B24944FBF716FDA6E75A1977
:106E100092B29346D21B92B2904693420CD943460B
:106E2000591A8BB29846FB189BB29B4682E76900C1
:106E3000CA1A424492B2B0E7914200DD7AE7EEE727
:106E400010B50400C068002803D00121494201F0B8
:106E500017FC2069002803D00121494201F010FCF1
:106E60000023E06863812381002801D001F0E8FB62
:106E70002069002801D001F0E3FB012010BDC046CD
:106E800070B50400C0680D00002803D001214942FC
:106E900001F0F6FB2069002803D00121494201F0EE
:106EA000EFFB7F21E379ED011940E0682943E171AF
:106EB000002801D001F0C4FB2069002801D001F0B6
:106EC000BFFB012070BDC046F0B5DE4657464E46BA
:106ED0004546E0B5070083B00CA801920278002077
:106EE0003C689B46E066616001219146E166002BAB
:106EF00034DD5A1E9046802252009446802640255A
:106F0000616F1029FCD00021002801D13979890254
:106F100040451DD0624611432161A159616B0D426C
:106F20000BD00120636D40424B463B7103B0F0BC77
:106F3000BB46B246A946A046F0BDA16F0029ECD0E1
:106F40002169019B195401308345EDD03C68D7E796
:106F50004B4601225A4053021943DBE70020E3E786
:106F6000F0B5DE4657464E46454690460022E0B50F
:106F700085B01E000EAB1B7807009B460368DA66DF
:106F800001325960DA66002E60DD027959469202BC
:106F9000924601224A4052029446802291465A4625
:106FA000802403926246BB46002010214746B44627
:106FB000751EA4000192421B160072427241019E8E
:106FC0005242164002963E5CB04656464246164332
:106FD0003200029E16431E61019E5A6B1142FCD084
:106FE0004A469A5801969246002A0AD1A84228D0C9
:106FF0000022013092468445DDD1039B5F469B46CB
:1070000016E05A6D012290465A6B2242FCD01A6E4D
:1070100042460196002AEBD0039B5F469B465346AF
:10702000002B15D05346DB0712D453461B070FD550
:107030005B463B7105B0F0BCBB46B246A946A046D4
:10704000F0BD039A002AD3D19046DDE70020EFE798
:1070500001204042ECE7C046F8B5DE4657464E46B2
:1070600045468346E0B505200C00FAF7F7FA06001E
:10707000600821008019FAF74BFD430098468044D0
:10708000070005214046FAF743FD3B1A9A461E4B7E
:107090008146700080199C4231D81C49FAF738FDAE
:1070A000451C5B461C680023E366226804335A4093
:1070B0000233134080225201A21813605346E36149
:1070C0004B462362434601204F2B03D950214046B3
:1070D000FAF71EFDA023E050E36F39005D400C4B32
:1070E0002D042D0CE3181D6001233000E366FAF730
:1070F0000FFDF0BCBB46B246A946A046F8BD054907
:10710000FAF706FD451CCCE73F420F008096980039
:107110007C10000040787D010F4A70B5821A531E22
:107120009A410E4BD20008321A600D4B0D4C1A607A
:10713000150023689D432B1EFAD166240268FF3494
:107140000571D5661460633C8833FF3CD563956355
:10715000D450FFF781FF70BD9811002000E000407F
:1071600000F0004008C0004010B582B06C46247C9E
:107170000094FFF7F5FE02B010BDC04610B582B016
:107180006C46247C0094FFF79FFE02B010BDC04601
:10719000F0B54E468146474ADE464A44531E9A4160
:1071A0008023574645465B029C46E0B5424B12049D
:1071B000624485B01A60414B0C0041491A601000CE
:1071C0000B689843FBD180460620FAF747FA4B46F6
:1071D0005A6802231A4001924A46009080200432E5
:1071E0000292384AE70D4A446602136093463B0018
:1071F00032000225400007E00099914206D3023593
:1072000092197B41854201D0002BF5D04346802660
:107210000393009B2F02AA4698467F1B760003E04B
:107220005346FF1A012E3FD0390040463500013E3B
:10723000FAF76EFC8442F3D22B0055469A4650462C
:107240003302984668434B4642461D611B688026C0
:107250005340FF227601120213404E4433608023D4
:107260009B019C46029A019B6244136002215C468A
:107270004B465B6821604C46276807246740C8344A
:107280003C40346003240B4013600F4B4B441C60A4
:10729000116001000098FAF73BFC05B0F0BCBB465A
:1072A000B246A946A046F0BD5546039B2800984625
:1072B000C9E7C0460040FCBF00E0004000F00040CD
:1072C00008C000400430000024200000F0B5102168
:1072D000002500242026154A9369194219D1936983
:1072E0001942FCD1136890690124DDB20642F3D142
:1072F000FF271F400E4B00201B5EBB420ED02024F8
:107300000A4883691C42FCD1076093690124194231
:10731000E5D0002C01D0074B1D70F0BD03481F3491
:1073200083691C42FCD10D230360E8E70040034061
:10733000782700209127002010B5FDF713F92B497D
:107340002B48FFF7E9FE03210820F9F703F8032192
:107350000920F8F7FFFF002201210820F9F714F8AF
:10736000002201210920F9F70FF822492248FFF7EE
:107370000FFF01210420F8F7EDFF01210220F8F7AB
:10738000E9FF01210320F8F7E5FF0520F9F710F8E0
:10739000D0232022E121194C1B065A6220005A6199
:1073A0000903F9F773FF02210020F8F7D3FF022148
:1073B0000120F8F7CFFF0023012220000821F9F770
:1073C000F5FF20000021FAF72DF814200C49F9F7F9
:1073D00009F901211420F9F7CDF85023A363626B5A
:1073E000183B1340074A136010BDC046A086010039
:1073F0009811002000127A0000C0034000400340B2
:10740000CD72001034500340F0B5C64600B584B0CC
:107410000A236A460D26D3730F2200271C4D1D4CEC
:10742000093B29786A4400936E4420009846FFF790
:107430009BFE29780123320020000097FFF79EFE73
:107440000B236A46D37343460F2229786A4400937C
:107450002000FFF789FE0E220123297820000097E3
:107460006A44FFF78BFE3378262B04D16B469B7B57
:10747000403B022B07D90848FDF7C2F8012004B0B1
:1074800080BCB846F0BD0548FDF7BAF80020F6E725
:10749000A011002098110020D0890010BC89001094
:1074A000AB2370B582B001ACDB012380C046C0467F
:1074B000C046D02520262D06AE61C046C046C04637
:1074C000022221001F4801F0E3F8C046C046C04632
:1074D0006E61C046C046C0460A20F9F773FD00231E
:1074E0006A462370D370C046C046C046AE61C046EF
:1074F000C046C0466B460122D91C124801F0C8F8AC
:107500000A20F9F75FFD0123220000210D4801F058
:107510008FF8C046C046C0466E61C046C046C046F1
:107520000A20F9F74FFD2378552B05D00648FDF7C3
:1075300067F8012002B070BD0448FDF7E5F80020AF
:10754000F8E7C04600C00340FC890010EC89001039
:10755000F0B5D6464F464646C0B5012784B0524BDB
:1075600003AC524E524D2380FE3B317822000097EF
:10757000FF3B2800FFF7F8FD4E4B317823802200B7
:10758000022300972800FFF7EFFD01239A464A4F98
:107590003B68317898467B682200994643462370C1
:1075A0004B4663705346280000930223FFF7DCFD2F
:1075B0000A20F9F707FD43460837FF2BE8D14B4671
:1075C000FF2BE5D1FE3B9A463C4F3B68317898460D
:1075D0007B6822009946434623704B4663705346AE
:1075E000280000930223FFF7BFFD0A20F9F7EAFC09
:1075F00043460837FF2BE8D14B46FF2BE5D1FE3B36
:107600009A462F4F3B68317898467B68220099460E
:10761000434623704B466370534628000093022371
:10762000FFF7A2FD0A20F9F7CDFC43460837FF2BF0
:10763000E8D14B46FF2BE5D11B4B317823805346D5
:107640002200009328000223FFF78EFD15232380DC
:10765000534631782200009328000223FFF784FD6F
:1076600001239A46174F3B68317898467B68220081
:107670009946434623704B46637053462800009357
:107680000223FFF771FD0A20F9F79CFC43460837F7
:10769000FF2BE8D14B46FF2BE5D104B0E0BCBA4646
:1076A000B146A846F0BDC046FF010000A011002071
:1076B000981100201280FFFF189B0010C89A00103C
:1076C000809A0010C0960010F0B5D6464F46464648
:1076D000C0B584B0082800D931E1A94B80001B58FF
:1076E0009F4601239A46A74FA74EA84D03AC3B687F
:1076F000317898467B6822009946434623704B4672
:1077000063705346280000930223FFF72DFD0A20E3
:10771000F9F758FC43460837FF2BE8D14B46FF2BBF
:10772000E5D104B0E0BCBA46B146A846F0BD01239D
:107730009A46974F944E954D03AC3B6831789846E6
:107740007B6822009946434623704B46637053463C
:10775000280000930223FFF707FD0A20F9F732FC07
:1077600043460837FF2BE8D14B46FF2BE5D1D8E73E
:1077700001239A46874F844E844D03AC3B68317891
:1077800098467B6822009946434623704B466370B7
:107790005346280000930223FFF7E6FC0A20F9F77E
:1077A00011FC43460837FF2BE8D14B46FF2BE5D1B0
:1077B000B7E701239A46784F734E744D03AC3B688C
:1077C000317898467B6822009946434623704B46A1
:1077D00063705346280000930223FFF7C5FC0A207C
:1077E000F9F7F0FB43460837FF2BE8D14B46FF2B58
:1077F000E5D196E701239A46684F634E634D03AC8B
:107800003B68317898467B6822009946434623704E
:107810004B4663705346280000930223FFF7A4FCF5
:107820000A20F9F7CFFB43460837FF2BE8D14B4638
:10783000FF2BE5D175E701239A46594F524E534D20
:1078400003AC3B68317898467B68220099464346F2
:1078500023704B4663705346280000930223FFF7C2
:1078600083FC0A20F9F7AEFB43460837FF2BE8D12B
:107870004B46FF2BE5D154E701239A46494F424E30
:10788000424D03AC3B68317898467B6822009946AC
:10789000434623704B4663705346280000930223EF
:1078A000FFF762FC0A20F9F78DFB43460837FF2BF0
:1078B000E8D14B46FF2BE5D133E701239A463A4FF7
:1078C000314E324D03AC3B68317898467B682200DC
:1078D0009946434623704B466370534628000093F5
:1078E0000223FFF741FC0A20F9F76CFB43460837F7
:1078F000FF2BE8D14B46FF2BE5D112E701239A4637
:107900002A4F214E214D03AC3B68317898467B6865
:1079100022009946434623704B4663705346280025
:1079200000930223FFF720FC0A20F9F74BFB4346A4
:107930000837FF2BE8D14B46FF2BE5D1F1E60123B9
:107940009A46194F104E114D03AC3B683178994659
:107950007B68220098464B4623704346637053462B
:10796000280000930223FFF7FFFB0A20F9F72AFB08
:107970004B460837FF2BE8D14346FF2BE5D1D0E635
:10798000FC8E001070900010A011002098110020B3
:10799000288F00108095001038940010F09200108D
:1079A000B891001000980010C09600104099001087
:1079B000F0B5CE464746C22380B59F4C5B00A54438
:1079C00002AC2380C046C046C046D02520262D06E6
:1079D000AE61C046C046C04602222100974800F072
:1079E00057FEC046C046C0466E61C046C046C0464F
:1079F0000A20F9F7E7FAA1239B002380C046C0467E
:107A0000C046AE61C046C046C046022221008B4837
:107A100000F03EFEC046C046C0466E61C046C0464D
:107A2000C0460A20F9F7CEFA002741236A4627709C
:107A30009371C046C046C046D02520262D06AE61B3
:107A4000C046C046C0466B460122991D7B4800F0E7
:107A50001FFE0A20F9F7B6FA012322000021774819
:107A600000F0E6FDC046C046C0466E61C046C04656
:107A7000C0460A20F9F7A6FA23781B07D5D542237A
:107A80006A462770D371C046C046C046AE61C04644
:107A9000C046C0466B460122D91D684800F0F8FD7B
:107AA0000A20F9F78FFA012322000021634800F031
:107AB000BFFDC046C046C0466E61C046C046C04617
:107AC0000A20F9F77FFA23786A46984643232770FD
:107AD000D371C046C046C046AE61C046C046C0462F
:107AE0006B460122D91D554800F0D2FD0A20F9F756
:107AF00069FA012322000021504800F099FDC04698
:107B0000C046C0466E61C046C046C0460A20F9F76E
:107B100059FA23786A46994644232770D371C046A0
:107B2000C046C046AE61C046C046C0466B46012254
:107B3000D91D424800F0ACFD0A20F9F743FA0123B1
:107B4000220000213D4800F073FDC046C046C046FB
:107B50006E61C046C046C0467F270A20F9F732FA58
:107B6000237842461F404B461B0213433F041F43EA
:107B700039003348FCF7C8FDC046C046C046AE6178
:107B8000C046C046C046012322003C212B4800F0DD
:107B90004FFD3B0022003C21284800F049FD390000
:107BA0002848FCF7B1FD284B98461B68986800F000
:107BB00035F9002F31D02500E71928780135FCF779
:107BC0006FFCAF42F9D143461B68986800F026F974
:107BD0001E48FCF715FD43461B68986800F01EF927
:107BE00020201B498B691842FCD1237801340B609B
:107BF000BC42F7D1C046C046C046D02320221B0657
:107C00005A61C046C046C0466420F9F7DBF9114B03
:107C10009D44C0BCB946B046F0BD43461B68986859
:107C200000F0FCF80948FCF7EBFC43461B68986839
:107C300000F0F4F8DEE7C046F45FFFFF00C0034049
:107C40000C8A0010248A0010D4150020348A0010F9
:107C5000004003400CA0000010B5024800F02AFAD2
:107C600010BDC046A81A002010B5024800F024FA42
:107C700010BDC046A81A0020F0B5C64600B50C22BB
:107C80008B5E07000C001A074DD480216268090141
:107C90001943A181002A69DDA56A002D3FD0002289
:107CA0003E683A60DB0466D4002201233800E169B3
:107CB000A8470200431C6BD00C23E15EA56A49076C
:107CC00006D56368D21A236B002B01D0E36BD21A5E
:107CD00000233800E169A8470C23E25E431C4CD125
:107CE00039681D295ED8314BCB40DB075AD5304B64
:107CF0001340A3810023636023692360D20401D56C
:107D0000002943D0216B3E60002908D02300403376
:107D1000994202D0380000F059FA00232363002072
:107D200080BCB846F0BD0E69002EF8D00D68002268
:107D3000AD1B0E609B0700D14A69A260002D04DCD8
:107D4000EDE736182D1A002DE9DD636A32009846FA
:107D500038002B00E169C0470028F2DC4022A389EB
:107D600013431BB20120A3814042D9E7E26B002AF2
:107D700000DD91E7D3E7226DA1E70D4B1340A3810E
:107D80000023636023692360D204BBD52065B9E773
:107D90003B68002B00D18FE71D2B01D0162BDDD1C6
:107DA0003E60BCE740231343DCE7C04601004020AF
:107DB000FFF7FFFF70B505000C00002802D0436BF1
:107DC000002B27D00C22A35E002B11D0626ED207AD
:107DD00001D49B050ED528002100FFF74DFF636EEF
:107DE0000500DB0702D4A3899B050FD5280070BDD1
:107DF0000025FBE7A06D00F05DF928002100FFF7EA
:107E00003BFF636E0500DB07F0D4ECE7A06D00F0EC
:107E100053F9EBE700F0F8F8D4E7C04670B5041E5C
:107E20002AD0194B1D68002D02D06B6B002B17D088
:107E30000C22A35E002B11D0626ED20701D49B05E9
:107E400012D528002100FFF717FF636E0500DB073E
:107E500002D4A3899B050BD5280070BD0025FBE744
:107E6000280000F0D1F8E3E7A06D00F023F9E8E77F
:107E7000A06D00F021F9EFE7044A0549054800F03C
:107E80009DFA0500E8E7C046D4150020C81500207B
:107E9000B57D0010D815002010B5034A03490448E9
:107EA00000F08CFA10BDC046C815002001840010F7
:107EB000D815002041680B4B10B50400994201D041
:107EC00000F09EFAA168084B994202D0200000F011
:107ED00097FAE168054B994202D0200000F090FA31
:107EE00010BDC046DC1A0020441B0020AC1B002043
:107EF000F8B5CE4647463B4C3B4B3C4A200000255C
:107F000080B51A600423082200215C30256065607A
:107F1000A560656625616561A561E360FAF786FC89
:107F20002000334B334F344E99462362334B583045
:107F30009846A762E6626362E46100F0B7F8CC237A
:107F4000E5502F4B20006367802300210822C430B6
:107F5000E550A566E5662567A567E567FAF766FC5F
:107F6000220084236832E2504A460433E2504246FB
:107F700020000433E2500433E750C0300433E650AD
:107F800000F094F8D0232000E5500433E55004338A
:107F9000E5501C4A5C33E550583BE2500433E55051
:107FA0002D300433E550002104330822FF30E55022
:107FB000FAF73CFC2200EC23D032E2504A4604336C
:107FC000E250200042460433E25029300433E750A7
:107FD000FF300433E65000F069F8C0BCB946B04643
:107FE000F8BDC046DC1A0020141C0020997E001049
:107FF000CD8400103585001061850010F5840010D7
:10800000090001001200020070B50400094D2800AB
:1080100000F050F8636B002B05D1074B6363074BEF
:108020001B68002B03D0280000F046F870BDFFF756
:108030005FFFF8E7AC1A0020B57E0010141C00208A
:1080400010B5024800F036F810BDC046AC1A00204A
:1080500010B5024800F030F810BDC046AC1A002040
:10806000002370B5064C050008002360FCF766F895
:10807000431C00D070BD2368002BFBD02B60F9E7B8
:1080800018230020014B18687047C046D415002003
:10809000802310B55B01082801D1180010BDFFF73F
:1080A000F1FF16230360173BF7E7C0467047C04651
:1080B0007047C0467047C0467047C04610B583073A
:1080C0000AD00300032102E001330B4205D01A78E5
:1080D000002AF9D1181A10BD030019680C4A0D4C7A
:1080E0008A188A4322420FD15968094A04338A18F0
:1080F0008A43224208D15968054A04338A188A43C0
:108100002242F1D000E001331A78002AFBD1E1E7E6
:10811000FFFEFEFE80808080F0B5C646060000B5FA
:1081200008200D00FFF7B4FF04003000FFF794FDB6
:10813000234B210098469B685F6803239F433800C8
:108140001138401B0019F9F7E3FC451E6543AC42AA
:1081500008DC00213000FFF783FF43469B68DB19F2
:10816000984206D03000FFF77FFD002080BCB84663
:10817000F0BD30006942FFF773FF01300ED00122DD
:1081800043467F1B9B6817430E4A5F6013683000AD
:108190005B1B1360FFF768FD0120E7E7002130005B
:1081A000FFF75EFF43469A68831A0F2BDADD064C11
:1081B00004492468001B086001210B435360D1E788
:1081C000C0110020B01A0020B8110020F0B5D6462A
:1081D0004F46464605000C00C0B5002948D0FFF7C1
:1081E0003BFD2100012708394B6803209C46BB4317
:1081F000CE18726882436046384080466A4891468D
:108200008468B44200D17CE07260B41864683C4079
:10821000A2464446002C30D10C68A446091B8C6849
:108220006344A4460824A0468044C4455CD0CC687E
:10823000A04664464246E26094605246002A1FD03F
:108240001F434F60336080229200934230D2DA089D
:108250005C090123A340446823434360D3001B18F7
:108260009A68CB608A609960D1602800FFF7FCFCB7
:10827000E0BCBA46B146A846F0BD5246002A0FD12E
:1082800001224B44CF18BC46B468484F1A43BC4245
:108290005BD0F668E660B4604A6062461360D2E77D
:1082A00062463A434A608022336092009342CED3C2
:1082B0005C0A042C3FD89C09260039343836E40087
:1082C00004192268083C0327944203D14EE09268C7
:1082D000944203D05068B8439842F8D8D468CC6030
:1082E0008A60A160D160C0E75246002A35D14B4474
:1082F0001A00B068F3681743C36098604F608A50F3
:10830000B3E74B441A004346002B06D10B68C91A49
:108310008C68D218CB68E3609C60012313434B60E8
:10832000234B81601B6893429FD8224B2800196819
:10833000FFF7F2FE99E7142C13D9542C1DD81C0B0F
:1083400026006F346E36E400BAE7E160A1604A604F
:108350006246CC608C60136087E71F434F603360D8
:1083600083E726005C345B36E400A9E70123B610FE
:10837000B340466833434360B1E7AA2252009442B7
:1083800005D8DC0B260078347736E40098E70A4AF3
:10839000944205D89C0C26007D347C36E4008FE79F
:1083A000FE247E26A4008BE7C0110020C811002007
:1083B000BC110020D81A002054050000F8B547462B
:1083C000CE46884680B58146170000267D68BC6889
:1083D000013D0DD4A389012B07D90E22A35E0133E1
:1083E00003D021004846C04706436834013DF1D21E
:1083F0003F68002FEAD13000C0BCB946B046F8BD96
:1084000070B506000C1E3FD0002802D0436B002B35
:1084100047D001250C22A35E626E2A4232D19B0511
:1084200042D521003000FFF727FCE36A0500002B4E
:1084300004D03000E1699847002828DBA3891B0697
:108440002AD4216B002908D023004033994202D05E
:108450003000FFF7BBFE00232363616C002904D0CA
:108460003000FFF7B3FE00236364FFF7E9FD00234C
:10847000A381636EDB0725D5A06DFFF719FEFFF71B
:10848000E7FD02E0002BCCD10025280070BD0125BE
:10849000A3896D421B06D4D530002169FFF796FEF3
:1084A000CFE7FFF7B1FDB4E7A06DFFF703FE0C22A5
:1084B000A35E002BB5D1636E2B42E5D1A06DFFF713
:1084C000FBFDE1E7A06DFFF7F7FDD5E770B50C0008
:1084D0000E25495F00F070F8002803DB236D1B18A0
:1084E000236570BDA389024A1340A381F9E7C04602
:1084F000FFEFFFFFF8B50C001F000C23C95E05005D
:108500001600CB050AD40A4B320019402800A1817D
:108510000E23E15E3B0000F063F8F8BD0E23E15E40
:108520000022022300F034F80C23E15EEBE7C046A2
:10853000FFEFFFFF70B50C000E25495F00F028F833
:108540000C22A35E421C05D08022520113432065F9
:10855000A38170BD014A1340FAE7C046FFEFFFFF59
:1085600010B50E23C95E00F001F810BD002370B5F0
:10857000064C050008002360FBF71EFE431C00D0DC
:1085800070BD2368002BFBD02B60F9E71823002077
:1085900070B50400080011001A000023054D2B607F
:1085A000FBF70EFE431C00D070BD2B68002BFBD0E8
:1085B0002360F9E71823002070B5040008001100BB
:1085C0001A000023054D2B60FBF7D2FD431C00D0A1
:1085D00070BD2B68002BFBD02360F9E71823002027
:1085E00070B50400080011001A000023054D2B602F
:1085F000FBF7D0FD431C00D070BD2B68002BFBD0D7
:108600002360F9E718230020F8B5C04600000000F9
:1086100001B40248844601BC604700BF190C002029
:1086200001B40248844601BC604700BF010300203A
:1086300001B40248844601BC604700BFA90F002076
:1086400001B40248844601BC604700BF25020020F7
:1086500001B40248844601BC604700BF51100020AD
:1086600001B40248844601BC604700BF511000209D
:1086700001B40248844601BC604700BFC10000202D
:1086800001B40248844601BC604700BF9901002044
:1086900001B40248844601BC604700BF5D0F002062
:1086A00001B40248844601BC604700BF01010020BC
:1086B00001B40248844601BC604700BFD10C0020D1
:1086C00001B40248844601BC604700BF410C002051
:1086D00001B40248844601BC604700BF810C002001
:1086E00001B40248844601BC604700BF3D0400203D
:1086F000A1180010CD180010B11A00101D2800108C
:10870000552100108D270010D9190010E91800100C
:10871000091900101D1900101D090010251900105D
:10872000E90C00106918001051050010BD4C001034
:04873000B102001082
:108738000A0A3D3D3D204172647543414D20446520
:108748006D6F205374617274696E67203D3D3D0002
:108758004552524F523A2053504920627573206453
:108768006574656374696F6E206661696C65642100
:108778000000000053504920627573204F4B0000E1
:108788004552524F523A2043616D657261207072B2
:108798006F6265206661696C6564210043616D657F
:1087A80072612064657465637465642C20696E6900
:1087B8007469616C697A696E672E2E2E000000005C
:1087C80043616D65726120696E697469616C697A6B
:1087D80065642061742033323078323430204A5056
:1087E800454700005374617274696E672063617055
:1087F80074757265206C6F6F702E2E2E000000004D
:108808000A2A2A2A2050414E4943202A2A2A0A00A5
:108818000A0000004E6F207370696E6C6F636B7393
:108828002061726520617661696C61626C65000027
:108838004E6F2075736572204952517320617265BD
:1088480020617661696C61626C65000048617264E0
:108858007761726520616C61726D20256420616C9E
:10886800726561647920636C61696D6564000000FC
:1088780048617264206173736572740052656C6537
:1088880061736500626F6F74325F773235713038AB
:108898003000000068747470733A2F2F6769746829
:1088A80075622E636F6D2F72617370626572727973
:1088B80070692F7069636F2D6578616D706C657371
:1088C8002F747265652F484541442F417264756362
:1088D800616D0000322E322E300000007069636F27
:1088E800000000006172647563616D5F64656D6F9F
:1088F80000000000417072203238203230323600D9
:10890800666E692B00000000666E69006E616E007D
:10891800666E692D00000000555342207374646927
:108928006E202F207374646F757400005261737029
:108938006265727279205069000000005069636FA7
:1089480000000000426F617264204344430000004D
:108958005265736574000000556E68616E646C65DD
:10896800642049525120307825780A006570202506
:108978003032582077617320616C726561647920A8
:10898800617661696C61626C6500000043616E2705
:108998007420636F6E74696E7565207866657220E1
:1089A8006F6E20696E616374697665206570202535
:1089B800303258006F76323634302064657465631F
:1089C8007465640D0000000043616E2774206669B9
:1089D8006E64206F76323634302073656E736F7232
:1089E8000D00000053504920627573206E6F726D40
:1089F800616C000053504920627573206572726F74
:108A0800720D00004A504547206672616D653A2034
:108A180025642062797465730A0000004652414D4E
:108A2800455F53544152543A25640A000A4652415C
:108A38004D455F454E440000FFFFFFFFFFFFFF7FEE
:108A480006005250D3F07542848800100600525038
:108A5800E182887F8C880010060052509A235618AD
:108A68009C88001006005250ABB36053DC8800109D
:108A780006005250BBFF3CB6E48800100600525076
:108A8800861C0302EC880010060052505422A29D56
:108A9800FC88001005005250DE65F46898B7001095
:108AA800DC3500108C3500108C350010D4350010E2
:108AB8008C3500108C3500108C3500108C3500106A
:108AC8008C3500108C3500108C350010CC3500101A
:108AD8008C350010C43500108C3500108C35001012
:108AE800BC350010FC370010F2350010EC370010D0
:108AF800F2350010D6370010F2350010F2350010AC
:108B0800F2350010F2350010F2350010F235001081
:108B1800F2350010E4350010F2350010F23500107F
:108B2800F2350010F2350010F2350010E43500106F
:108B38009A380010463500104635001046350010AA
:108B480046350010463500104635001046350010F1
:108B580046350010463500104635001046350010E1
:108B680046350010463500104635001046350010D1
:108B780046350010463500104635001046350010C1
:108B880046350010463500104635001046350010B1
:108B980046350010463500104635001046350010A1
:108BA8004635001046350010463500104635001091
:108BB80010380010683800101038001046350010C2
:108BC8004635001046350010463500104635001071
:108BD8004635001046350010463500104635001061
:108BE8004635001046350010463500104635001051
:108BF800463500104635001046350010AA3A0010D8
:108C08004635001046350010463500104635001030
:108C18004635001046350010463500104635001020
:108C280046350010AA3A0010AC380010AA3A0010D5
:108C380010380010683800101038001000000000CC
:108C4800000000000000F03F000000000000244089
:108C580000000000000059400000000000408F4064
:108C6800000000000088C34000000000006AF840CF
:108C78000000000080842E4100000000D0126341F3
:108C88000000000084D797410000000065CDCD4169
:108C98000D0A00000000000021470010000000003D
:108CA80025470010314700105D4700105947001054
:108CB800000000000A00000000000306A6000800EB
:108CC800020002009C001400030057494E5553420D
:108CD8000000000000000000000080000400010007
:108CE80028004400650076006900630065004900BB
:108CF8006E00740065007200660061006300650024
:108D0800470055004900440000004E007B00620007
:108D180063003700330039003800630031002D004C
:108D280037003300630064002D00340063006200E4
:108D380037002D0039003800620038002D00390056
:108D480031003300610038006600630061003700BD
:108D58006200660036007D0000000000050F21005B
:108D6800011C100500DF60DDD88945C74C9CD26521
:108D78009D9E648A9F00000306A600010000000073
:108D88000600525053B4F4A12089001000000000DE
:108D980034890010448900107C2700204C89001079
:108DA8005889001009025400030100807D080B0057
:108DB8000202020000090400000102020004052466
:108DC80000200105240100010424020605240600F0
:108DD800010705810308001009040100020A0000C8
:108DE8000007050202400000070582024000000952
:108DF80004020000FF00010512011002EF02014009
:108E08008A2E0A0000010102030100002453001009
:108E18008C540010DC540010645400107654001078
:108E280054540010C45300107053001064530010C1
:108E3800465800102C580010FC55001066580010B9
:108E4800FC5500101458001000580010FC55001074
:108E5800EC570010F2560010FC550010D25A0010C2
:108E6800C45A0010B85A0010FC550010FC550010E8
:108E7800A25A0010C45A0010FC550010FC550010EE
:108E8800FC550010FC550010FC550010FC55001056
:108E9800FC550010585A00109E0D00209E0D002011
:108EA800E80D0020080E00204C0E00205E0E002069
:108EB800940D0020000000005D600010CD600010DF
:108EC800FD60001049610010ED610010D5620010CE
:108ED8000000000000000000D5630010316400109D
:108EE8004D64001075640010B947001095650010B6
:108EF80000000000FC78001078780010BA780010A4
:108F080070770010B2770010F477001036780010F0
:108F1800E27600102E770010080052501A941200C2
:108F2800FF00000001000000110000000100000027
:108F380012000000000000001700000011000000EF
:108F48001800000075000000320000003600000024
:108F580019000000010000001A000000970000003E
:108F6800030000000F000000370000004000000070
:108F78004F000000BB000000500000009C000000F3
:108F88005A000000570000006D000000800000003B
:108F98003D0000003400000039000000020000001D
:108FA8003500000088000000220000000A000000D0
:108FB800370000004000000034000000A00000005E
:108FC80006000000020000000D000000B7000000CD
:108FD8000E00000001000000FF000000000000007B
:108FE800E000000004000000C0000000C80000000D
:108FF800C100000096000000860000003D0000004F
:109008005000000000000000510000009000000027
:10901800520000002C000000530000000000000077
:109028005400000000000000550000008800000007
:1090380057000000000000005A00000090000000E7
:109048005B0000002C0000005C0000000500000030
:10905800D300000002000000E00000000000000053
:10906800FF000000FF000000FF00000001000000FA
:1090780011000000010000001200000000000000C4
:109088001700000011000000180000007500000023
:109098003200000036000000190000000100000046
:1090A8001A00000097000000030000000F000000F5
:1090B80037000000400000004F000000BB00000027
:1090C800500000009C0000005A00000057000000FB
:1090D8006D000000800000003D000000340000002A
:1090E8003900000002000000350000008800000080
:1090F800220000000A0000003700000040000000C5
:1091080034000000A000000006000000020000007B
:109118000D000000B70000000E0000000100000074
:10912800FF00000000000000E00000000400000054
:10913800C0000000C8000000C10000009600000048
:10914800860000003D000000500000000000000004
:109158005100000090000000520000002C000000A8
:109168005300000000000000540000000000000050
:1091780055000000880000005700000000000000B3
:109188005A000000400000005B000000F0000000F2
:109198005C00000001000000D30000000200000095
:1091A800E000000000000000FF000000FF000000D9
:1091B800FF00000001000000110000000100000095
:1091C800120000000000000017000000110000005D
:1091D8001800000075000000320000003600000092
:1091E80019000000010000001A00000097000000AC
:1091F800030000000F0000003700000040000000DE
:109208004F000000BB000000500000009C00000060
:109218005A000000570000006D00000080000000A8
:109228003D0000003400000039000000020000008A
:109238003500000088000000220000000A0000003D
:10924800370000004000000034000000A0000000CB
:1092580006000000020000000D000000B70000003A
:109268000E00000001000000FF00000000000000E8
:10927800C0000000C8000000C10000009600000007
:109288008C00000000000000860000003D00000087
:109298005000000000000000510000009000000095
:1092A800520000002C0000005300000000000000E5
:1092B8005400000000000000550000008800000075
:1092C8005A000000000000005B000000C000000021
:1092D8005C00000001000000D30000000200000054
:1092E800FF000000FF000000FF0000000100000078
:1092F8001100000001000000120000000000000042
:1093080017000000110000001800000075000000A0
:1093180032000000360000001900000001000000C3
:109328001A00000097000000030000000F00000072
:1093380037000000400000004F000000BB000000A4
:10934800500000009C0000005A0000005700000078
:109358006D000000800000003D00000034000000A7
:1093680039000000020000003500000088000000FD
:10937800220000000A000000370000004000000042
:1093880034000000A00000000600000002000000F9
:109398000D000000B70000000E00000001000000F2
:1093A800FF00000000000000E000000004000000D2
:1093B800C0000000C8000000C100000096000000C6
:1093C8008600000035000000500000008900000001
:1093D8005100000090000000520000002C00000026
:1093E80053000000000000005400000000000000CE
:1093F8005500000088000000570000000000000031
:109408005A000000C80000005B0000009600000041
:109418005C00000000000000D30000000200000013
:10942800E000000000000000FF000000FF00000056
:10943800FF00000001000000110000000100000012
:1094480012000000000000001700000011000000DA
:10945800180000007500000032000000360000000F
:1094680019000000010000001A0000009700000029
:10947800030000000F00000037000000400000005B
:109488004F000000BB000000500000009C000000DE
:109498005A000000570000006D0000008000000026
:1094A8003D00000034000000390000000200000008
:1094B8003500000088000000220000000A000000BB
:1094C800370000004000000034000000A000000049
:1094D80006000000020000000D000000B7000000B8
:1094E8000E00000001000000FF0000000000000066
:1094F800E000000004000000C0000000C8000000F8
:10950800C100000096000000860000003D00000039
:109518005000000089000000510000009000000089
:10952800520000002C000000530000000000000062
:1095380054000000000000005500000088000000F2
:1095480057000000000000005A000000A0000000C2
:109558005B000000780000005C00000000000000D4
:10956800D300000004000000E0000000000000003C
:10957800FF000000FF000000FF00000001000000E5
:109588001200000040000000170000001100000059
:10959800180000004300000019000000000000004F
:1095A8001A0000004B000000320000000900000013
:1095B8004F000000CA00000050000000A800000092
:1095C8005A000000230000006D00000000000000A9
:1095D800390000001200000035000000DA00000029
:1095E800220000001A00000037000000C30000003D
:1095F800230000000000000034000000C00000004C
:10960800360000001A000000060000008800000074
:1096180007000000C00000000D00000087000000E7
:109628000E000000410000004C0000000000000097
:10963800FF00000000000000E0000000040000003F
:10964800C000000064000000C10000004B000000E2
:10965800860000003500000050000000890000006E
:1096680051000000C80000005200000096000000F1
:10967800530000000000000054000000000000003B
:109688005500000000000000570000000000000026
:109698005A000000580000005B000000480000006D
:1096A8005C00000000000000E00000000000000076
:1096B800FF000000FF000000FF00000001000000A4
:1096C8001200000040000000170000001100000018
:1096D800180000004300000019000000000000000E
:1096E8001A0000004B0000003200000009000000D2
:1096F8004F000000CA00000050000000A800000051
:109708005A000000230000006D0000000000000067
:10971800390000001200000035000000DA000000E7
:10972800220000001A00000037000000C3000000FB
:10973800230000000000000034000000C00000000A
:10974800360000001A000000060000008800000033
:1097580007000000C00000000D00000087000000A6
:109768000E000000410000004C0000000000000056
:10977800FF00000000000000E000000004000000FE
:10978800C000000064000000C10000004B000000A1
:10979800860000003500000050000000890000002D
:1097A80051000000C80000005200000096000000B0
:1097B80053000000000000005400000000000000FA
:1097C80055000000000000005700000000000000E5
:1097D8005A000000500000005B0000003C00000040
:1097E8005C00000000000000E00000000000000035
:1097F800FF000000FF000000FF0000000100000063
:1098080012000000400000001700000011000000D6
:1098180018000000430000001900000000000000CC
:109828001A0000004B000000320000000900000090
:109838004F000000CA00000050000000A80000000F
:109848005A000000230000006D0000000000000026
:10985800390000001200000035000000DA000000A6
:10986800220000001A00000037000000C3000000BA
:10987800230000000000000034000000C0000000C9
:10988800360000001A0000000600000088000000F2
:1098980007000000C00000000D0000008700000065
:1098A8000E000000410000004C0000000000000015
:1098B800FF00000000000000E000000004000000BD
:1098C800C000000064000000C10000004B00000060
:1098D80086000000350000005000000092000000E3
:1098E80051000000C800000052000000960000006F
:1098F80053000000000000005400000000000000B9
:1099080055000000000000005700000000000000A3
:109918005A0000002C0000005B000000240000003A
:109928005C00000000000000E000000000000000F3
:10993800FF000000FF000000FF0000000100000021
:109948001200000040000000170000001100000095
:10995800180000004300000019000000000000008B
:109968001A0000004B00000032000000090000004F
:109978004F000000CA00000050000000A8000000CE
:109988005A000000230000006D00000000000000E5
:10999800390000001200000035000000DA00000065
:1099A800220000001A00000037000000C300000079
:1099B800230000000000000034000000C000000088
:1099C800360000001A0000000600000088000000B1
:1099D80007000000C00000000D0000008700000024
:1099E8000E000000410000004C00000000000000D4
:1099F800FF00000000000000E0000000040000007C
:109A0800C000000064000000C10000004B0000001E
:109A180086000000350000005000000092000000A1
:109A280051000000C800000052000000960000002D
:109A38005300000000000000540000000000000077
:109A48005500000000000000570000000000000062
:109A58005A000000280000005B0000001E00000003
:109A68005C00000000000000E000000000000000B2
:109A7800FF000000FF000000E000000014000000EC
:109A8800E100000077000000E50000001F00000072
:109A9800D700000003000000DA00000010000000FA
:109AA800E000000000000000FF00000001000000CE
:109AB8000400000008000000FF000000FF00000094
:109AC800FF0000000000000005000000000000008A
:109AD800DA00000010000000D700000003000000BA
:109AE800DF000000000000003300000080000000DC
:109AF8003C00000040000000E1000000770000008A
:109B08000000000000000000FF000000FF0000004F
:109B1800FF000000000000002C000000FF00000013
:109B28002E000000DF000000FF0000000100000020
:109B38003C0000003200000011000000000000009E
:109B480009000000020000000400000028000000D6
:109B580013000000E50000001400000048000000A9
:109B68002C0000000C00000033000000780000000A
:109B78003A000000330000003B000000FB0000003A
:109B88003E0000000000000043000000110000003B
:109B980016000000100000003900000092000000CC
:109BA80035000000DA000000220000001A00000062
:109BB80037000000C3000000230000000000000080
:109BC80034000000C0000000360000001A00000049
:109BD800060000008800000007000000C000000028
:109BE8000D000000870000000E000000410000008A
:109BF8004C000000000000004800000000000000C9
:109C08005B000000000000004200000003000000AC
:109C18004A000000810000002100000099000000B7
:109C2800240000004000000025000000380000006B
:109C380026000000820000005C0000000000000018
:109C480063000000000000006100000070000000D8
:109C580062000000800000007C0000000500000099
:109C680020000000800000002800000030000000F4
:109C78006C000000000000006D0000008000000083
:109C88006E000000000000007000000002000000EC
:109C9800710000009400000073000000C100000083
:109CA8001200000040000000170000001100000032
:109CB8001800000043000000190000000000000028
:109CC8001A0000004B0000003200000009000000EC
:109CD80037000000C00000004F00000060000000D6
:109CE80050000000A80000006D0000000000000007
:109CF8003D00000038000000460000003F00000062
:109D08004F000000600000000C0000003C00000054
:109D1800FF00000000000000E50000007F000000D8
:109D2800F9000000C000000041000000240000000D
:109D3800E00000001400000076000000FF000000B2
:109D480033000000A00000004200000020000000D6
:109D580043000000180000004C0000000000000054
:109D680087000000D5000000880000003F000000C8
:109D7800D700000003000000D90000001000000018
:109D8800D300000082000000C800000008000000A6
:109D9800C9000000800000007C00000000000000F6
:109DA8007D000000000000007C00000003000000AF
:109DB8007D000000480000007D0000004800000011
:109DC8007C000000080000007D000000200000006A
:109DD8007D000000100000007D0000000E00000063
:109DE8009000000000000000910000000E0000003C
:109DF800910000001A0000009100000031000000EE
:109E0800910000005A000000910000006900000065
:109E18009100000075000000910000007E00000025
:109E28009100000088000000910000008F000000F1
:109E3800910000009600000091000000A3000000BF
:109E480091000000AF00000091000000C400000075
:109E580091000000D700000091000000E800000019
:109E680091000000200000009200000000000000A7
:109E7800930000000600000093000000E3000000CB
:109E8800930000000500000093000000050000009A
:109E98009300000000000000930000000400000090
:109EA8009300000000000000930000000000000084
:109EB8009300000000000000930000000000000074
:109EC8009300000000000000930000000000000064
:109ED8009300000000000000960000000000000051
:109EE800970000000800000097000000190000001B
:109EF8009700000002000000970000000C0000001E
:109F080097000000240000009700000030000000C7
:109F180097000000280000009700000026000000BD
:109F28009700000002000000970000009800000061
:109F3800970000008000000097000000000000006B
:109F48009700000000000000C3000000ED000000C2
:109F5800A400000000000000A800000000000000AD
:109F6800C500000011000000C600000051000000FC
:109F7800BF00000080000000C700000010000000C3
:109F8800B600000066000000B8000000A500000050
:109F9800B700000064000000B90000007C00000069
:109FA800B3000000AF000000B400000097000000FC
:109FB800B5000000FF000000B0000000C500000070
:109FC800B100000094000000B20000000F00000083
:109FD800C40000005C000000C00000006400000035
:109FE800C10000004B0000008C00000000000000D1
:109FF800860000003D000000500000000000000046
:10A0080051000000C8000000520000009600000047
:10A018005300000000000000540000000000000091
:10A0280055000000000000005A000000C8000000B1
:10A038005B000000960000005C00000000000000CB
:10A04800D300000000000000C3000000ED00000085
:10A058007F00000000000000DA000000000000009F
:10A06800E50000001F000000E1000000670000009C
:10A07800E000000000000000DD0000007F0000009C
:10A088000500000000000000120000004000000071
:10A09800D300000004000000C0000000160000000B
:10A0A800C1000000120000008C0000000000000049
:10A0B800860000003D000000500000000000000085
:10A0C800510000002C000000520000002400000095
:10A0D80053000000000000005400000000000000D1
:10A0E80055000000000000005A0000002C0000008D
:10A0F8005B000000240000005C000000000000007D
:08A10800FF000000FF00000051
:10A11000488A0010548A0010608A00106C8A00106F
:10A12000788A0010848A0010908A00109C8A00109F
:08A13000208F0010888D001043
:10A1380003000068EFF3108C72B60268002AFCD0A6
:10A14800BFF35F8F04229A56002A0BDB002900D048
:10A158000A6000201B68BFF35F8F00221A608CF32F
:10A1680010887047D0221206126801201A71F1E790
:10A17800F0B5C646150000B504001E000268EFF3EE
:10A18800108172B61368002BFCD0BFF35F8F0423D5
:10A19800E3562268002B2BDBBFF35F8F0020106093
:10A1A80081F31088D02212061278002752B2904606
:10A1B8009A420ED1002080BCB846F0BDBFF35F8F35
:10A1C800176081F310882800310000F095FF0028FF
:10A1D800F0D12268EFF3108172B61368002BFCD01F
:10A1E800BFF35F8F237922687F2BE7D9434602E0CC
:10A1F800D0231B061B682371BFF35F8F00231360F6
:10A2080081F310880120D6E7F0B5C64600B50D00E9
:10A21800040000F079FFFA2206000F00002328004E
:10A228000021920000F088FF36184F41002F02DA13
:10A238000126174F7642D0231B061B680025984637
:10A248000AE0BFF35F8F156081F310883000390092
:10A2580000F052FF002818D12268EFF3108172B67F
:10A268001368002BFCD0BFF35F8F237922687F2B04
:10A27800E7D943462371BFF35F8F0023136081F34F
:10A288001088012080BCB846F0BD0020FAE7C0461F
:10A29800FFFFFF7F0268EFF3108172B61368002B8F
:10A2A800FCD0BFF35F8FFF2303710368BFF35F8F99
:10A2B80000221A6081F3108840BF704710B5084C1F
:10A2C8002378002B0AD18023064807495B051A68C2
:10A2D800C25004338B42FAD10123237010BDC0460B
:10A2E80090270020B02100100001001010B5014B8C
:10A2F800984710BDB1210020064B5A6802609A6841
:10A308004260DA6882601A69C2605A6902619B69B0
:10A3180043617047000002400268064B5A60426879
:10A328009A608268DA60C2681A6102695A61426991
:10A338009A61704700000240034B1A68C0239B00D3
:10A348009343024A136070470C8001400C9001400F
:10A35800054B1A6880239B005340C022920013408B
:10A36800024A13607047C0460C8001400C900140BF
:10A378000023F0B5DE4657464E4645469A46E0B5B8
:10A3880089B001900E00988A45491B8B14009847A4
:10A39800534681464349988A1B8B984753464249FE
:10A3A8000500988A1B8B98478046FFF787FF02A80D
:10A3B800FFF7A2FFC847A847FFF7CAFF251E22D00C
:10A3C8000823C0219C460220490562468B6A1A4030
:10A3D80018423FD0631B002D2FD1002A11D1002C29
:10A3E80011D0C0235B059B4602239A460633994643
:10A3F8005B464A4657469B6A1A401F4242D0002A8B
:10A40800F6D0002C30D1FFF797FFC047FFF76EFF5B
:10A4180002A8FFF781FF09B0F0BCBB46B246A946C7
:10A42800A046F0BD002C2FD1C0225205926A914659
:10A4380008224F463A40BF072DD50D2B1BD9002ABD
:10A44800F0D1C0225205926A914608224F463A40FE
:10A45800BF07F2D4002A04D12B002343002BB4D128
:10A46800D1E72B00002CF9D00B6E013C3370230090
:10A4780001362B43F2E7019F013D3B7801370B661C
:10A488000197E7E70025E5E7C0235B051B6E013C64
:10A498003370013699E72B00002ADFD1DCE7C0468C
:10A4A8004946000045580000464300000022154B6D
:10A4B80010B59A60DA601A615A619A61DA611A62B3
:10A4C8005A629A62DA621A635A639A63DA631A649E
:10A4D8005A649A64DA641A655A659A65DA651A667E
:10A4E8005A669A66DA661A675A679A67DA67F032BE
:10A4F80092000021044800F0F7FD044B044A1A605A
:10A5080010BDC04600001050642300202C270020F6
:10A5180080011050F0B54E464546DE465746E0B538
:10A52800214B00249E6D012585B0002E22D01F4BA3
:10A538009A46012399461E4B984601E0202C19D0D3
:10A548002A00230001342F003240E4B26D00002AB3
:10A55800F4D0524697654A465B085B0022409B1838
:10A568005B01434418009B4600F01EFC002808D1FC
:10A57800BE43E3D105B0F0BCBB46B246A946A046EF
:10A58800F0BD5B46E0219A78DB8A01A8836000234E
:10A59800C900018001210271437100F025FC584671
:10A5A80000F0A0FBE4E7C046000011500030115055
:10A5B800242300209823F0B5C646C84A00B5D558CC
:10A5C80080232E009B02102484B01E401D4274D0AC
:10A5D800C34BC44C9A6AC44B00261A603B23E35C05
:10A5E800022B00D14FE17B23E35C022B00D1F3E087
:10A5F800BB23E35C022B00D1FAE0FB23E35C022BD4
:10A6080000D101E13C23FF33E35C022B00D12DE1B3
:10A618007C23FF33E35C022B00D10EE1BC23FF3324
:10A62800E35C022B00D13FE1FC23FF33E35C022B08
:10A6380000D1F5E0AD4BE35C022B00D174E1AC4BEB
:10A64800E35C022B00D105E1AA4BE35C022B00D1AD
:10A6580075E1A94BE35C022B00D132E1A74BE35C27
:10A66800022B00D1A0E1A64BE35C022B00D171E1E3
:10A67800A44BE35C022B00D1A1E1A34BE35C022BCA
:10A6880000D17FE1002E08D1A04B1B78002B04D10C
:10A6980080219F4A90338902D150C02269468F4B4E
:10A6A80092009B6C80265B058A805B0D012101A8C6
:10A6B800029300F099FB974CB602EB0600D57FE0B9
:10A6C80080235B021D4231D01E4301230224984699
:10A6D800844FBB7E002B14D000F0F6FC012800D973
:10A6E80072E0C02200213800920100F001FB38001E
:10A6F80000F0F8FA00F0E8FC012802D9844B5C6607
:10A708001C664346FB702037012C22D1C0236A46C1
:10A71800DB009380804A02AB03CA03C3012101A86E
:10A7280000F062FB80227A4B92021A6580235B015B
:10A738001D4210D18023DB011D4223D180231B023F
:10A748001D422FD1AE4200D0C0E104B080BCB84653
:10A75800F0BD0124BDE700241E43604B1C60FFF7D9
:10A76800A5FE80236A465B0093801472012101A82C
:10A7780000F03AFB8022664B12031A658023DB0146
:10A788001D42DBD01E4380236A46DB0093800121F3
:10A7980001A800F029FB10225D4B1A6580231B02DB
:10A7A8001D42CFD01E43A0236A46DB0093800121BF
:10A7B80001A800F019FB8022554B12011A65C1E768
:10A7C800FFF7A8FE26007BE7544B444A1C66536EED
:10A7D8002340A342FBD184E77833E75C002F00D104
:10A7E80006E70233E25C002A00D00DE13E00FFE6F6
:10A7F800B833E75C002F00D1FFE60233E25C002AA1
:10A8080000D0F9E03E00F8E6F833E75C002F00D10D
:10A81800F8E60233E25C002A00D041E13E00F1E6AE
:10A82800F933FF33E75C002F00D103E70233E25C22
:10A83800002A00D02BE13E00FCE67933FF33E75CC9
:10A84800002F00D1EAE60233E25C002A00D015E1CD
:10A858003E00E3E6324BE75C002F00D1F4E602331A
:10A86800E25C002A00D001E13E00EDE63933FF3317
:10A87800E75C002F00D1CBE60233E25C002A00D06F
:10A88800EBE03E00C4E63833E65C002E00D1AAE6D1
:10A898000233E25C002A00D1A5E620000022203025
:10A8A800E25400F04DFA9EE6B933FF33E75C002F1F
:10A8B80000D1B9E60233E25C002A00D0C4E03E00D1
:10A8C800B2E6184BE75C002F00D1C7E60233E25C22
:10A8D800002A00D0B0E03E00C0E6C046000011509B
:10A8E8000040054024230020142300203B020000E0
:10A8F8007B020000BB020000FB0200003B030000DB
:10A908007B030000BB030000FB0300008E27002030
:10A9180000301150100002000000105000201150AB
:10A928007A020000FA0200006B4BE75C002F00D1AE
:10A9380085E60233E25C002A76D13E007FE6674B6B
:10A94800E75C002F00D184E60233E25C002A63D181
:10A958003E007EE6624BE75C002F00D188E60233BA
:10A96800E25C002A00D0A3E05E4BE35C022B30D10E
:10A978005D4BE35C002B27D15C4BE35C022B00D0E2
:10A988008BE63E005A4BE35C002B00D17AE6FF23AE
:10A998009B00E25C002A00D17FE60022E2541C3BC7
:10A9A800E01800F0CDF978E6524BE75C002F00D1B3
:10A9B80059E60233E25C002A16D13E0053E64A4BC0
:10A9C800E35C002B00D158E6EF239B00E25C002AF1
:10A9D80075D1464BE35C022B00D05EE6444BE35C4A
:10A9E800002B00D159E6D2E70022E2541C3BE018C4
:10A9F80000F0A6F93E0036E620000022A030E2541E
:10AA08003E0000F09DF9F8E5200000226030E25495
:10AA18003E0000F095F9EBE50022E2541C3BE018FB
:10AA280000F08EF93E0014E60022E2541C3BE018C8
:10AA380000F086F93E0002E60022E2541C3BE018D2
:10AA480000F07EF93E0009E620000022A130FF3028
:10AA5800E2543E0000F074F9E6E5200000222130BF
:10AA6800FF30E2543E0000F06BF9D1E50022E254D9
:10AA78001C3BE01800F064F93E00E5E520000022E8
:10AA88006130FF30E2543E0000F05AF9C6E520007C
:10AA98000022E130FF30E2543E0000F051F9C9E5F0
:10AAA80020000022E030E2543E0000F049F9A9E518
:10AAB8000022E2541C3BE01800F042F954E700225F
:10AAC800E2541C3BE01800F03BF982E731000A48E9
:10AAD800694000F001FBC0463A020000BA020000DB
:10AAE8007A030000BB030000BA030000FB03000068
:10AAF800FA0300003A03000060890010F0B5C6466A
:10AB080000B50200838A008B8C46011C984200D94C
:10AB1800191CD47880252000461EB04189B2ED006A
:10AB28000D434003284301256C405B1AD4705478C8
:10AB38009BB29382002C31D16446D568A4014E1E85
:10AB48002D19B0461469002923D0062E32D92B00BE
:10AB580023439B072ED1631CEB1A022B2AD900230F
:10AB68008F08BF00E658EE5004339F42FAD143469F
:10AB7800ED19DB1BE419B94209D026782E70002B99
:10AB880005D066786E70012B01D0A378AB7014697C
:10AB9800938A64181461802212021043002B02D198
:10ABA8008023DB0118436346002B00D0000480BCDF
:10ABB800B846F0BD0023E65CEE5401339942FAD161
:10ABC800E5E7C0468368F0B51A680400002900D09C
:10ABD800120C63789205900D002B08D1E38AC318F4
:10ABE800E382238B834201D90023A382F0BDE3686B
:10ABF800890125695E18471E002822D0062F26D90C
:10AC080001315B18EB1A022B21D92B0033439B0728
:10AC18001DD10023120E9200F158E95004339A42D4
:10AC2800FAD1BF1AAD18B618904209D032782A70F6
:10AC3800002F05D072786A70012F01D0B278AA70FF
:10AC48002569E38A2D18C318E3822561C9E7002224
:10AC5800B35CAB5401329042FAD12569F1E7C046A2
:10AC680010B50400836800211B68FFF7ABFF636819
:10AC78001B685B0002D5238B834200D010BD0121E5
:10AC88002000FFF79FFFF9E7084A0300126C002035
:10AC9800920703D49A78D209012A00D07047D87E47
:10ACA800023843425841C0B2F8E7C046000011508C
:10ACB80010B5FFF7E9FF00280CD00749074B8C4671
:10ACC800074A9B6A126863449B1A0020C6229A426C
:10ACD8004041C0B210BDC046E0FCFFFF0040054047
:10ACE8001423002000238376436103617047C04624
:10ACF80010B58368002901D01C682140002A12D0B1
:10AD08008024E400114322420DD01A6822420CD15B
:10AD1800084A0A401A60084A126C920703D40C23A6
:10AD2800033BFDD28368196010BD8178034800F0A9
:10AD3800D3F9C046FFFBFFFF0000115074890010D3
:10AD4800436870B50021802504001E68FFF7D6FE11
:10AD5800124B6D011A6C0543A37892070ED55B065A
:10AD68000ED00F4B1E4080239B05334362680021A1
:10AD7800136020002A00FFF7BBFF70BDDB09F0D08D
:10AD8800A38A002BEDD001212000FFF7B7FEA023F6
:10AD9800044ADB05324005431343E7E7000011503E
:10ADA800FFFFFFAFFFFFFFDF70B5857E0400002DBA
:10ADB80014D0FFF755FFA38A002B01D1280070BDDE
:10ADC8002000FFF775FF002803D001230025237713
:10ADD800F4E72000FFF7B4FF0025EFE7817801488A
:10ADE80000F07AF994890010F0B5CE46474680B550
:10ADF800437805000E0085B0062B08D86C4A9B00E6
:10AE0800D3589F466B4A13780133DBB213706A4BF1
:10AE18001C686269EFF3108172B61368002BFCD0CE
:10AE2800BFF35F8FA1612000290000F07DF96269FE
:10AE3800A369BFF35F8F0021116083F31088002896
:10AE480004D105B0C0BCB946B046F0BD320069783F
:10AE5800287800F061F9F4E70121584B1A788A4301
:10AE68001A701A7801318A431A7000225A701A78B7
:10AE780002318A431A70CAE75149524F89465249EA
:10AE88000024002388463A7812E043461B68610193
:10AE98005B18002B06D0DB69002B03D06968287883
:10AEA80098473A780134E4B2511C2300A14217DBD9
:10AEB800A242EAD89B1A5B014B44ECE73F4B1A7855
:10AEC800D207BED504211A780A431A709FE73B4B74
:10AED8001A78D207B5D504211A788A431A7096E7EA
:10AEE800364F3B785B072BD504223B7800219343F0
:10AEF8003B706B460632981D00F0F6F82B7801ACD3
:10AF08002370052363702C4B1B6898465A69EFF32E
:10AF1800108172B61368002BFCD0BFF35F8F4346D5
:10AF280040469961210000F0FFF843465A699B6941
:10AF3800BFF35F8F0021116083F31088002831D19F
:10AF4800FB78DB0700D47CE76B460A220021981DBA
:10AF580000F0CAF82B7801AC2370032363706B6888
:10AF68006360154B1D686A69EFF3108172B6136848
:10AF7800002BFCD0BFF35F8FA9612800210000F0EF
:10AF8800D3F86A69AB69BFF35F8F0021116083F35F
:10AF98001088002800D154E732006178207800F04A
:10AFA800BBF84EE732006178207800F0B5F8C7E7C3
:10AFB800A08E00108F270020201E0020C81D002012
:10AFC800BC8E00108D270020181C002030B504000E
:10AFD800101E0AD00A000D180221E3681942FCD09D
:10AFE80013780132A360AA42F7D1E3685B0704D55E
:10AFF8000421A368E3681942FBD11021E3681942D0
:10B00800FCD1E3685B0704D50421A368E36819420F
:10B01800FBD10123236230BDF0B5CE46474605007B
:10B028001E0018001C00042380B5894602279C4690
:10B0380000282DD0002E2FD0EB681F4216D03300E9
:10B048000833A3420FD8002C29D10223E9680B4208
:10B0580032D1002E1CD0EB6800241F42FBD03300F5
:10B068000833A342EFD94B46013EAB60002CF0D029
:10B078006146EB68194215D1002EDDD10421EB6839
:10B088001942FCD0AB68013C13700132002CF5D199
:10B09800C0BCB946B046F0BD002CF9D0EEE7EB686D
:10B0A8005B07C9D5AB68013C13702300511C884667
:10B0B8003343EDD04246BDE731000831D3D1C5E76F
:10B0C8007047C0460000000001B40248844601BC35
:10B0D800604700BFF103001001B40248844601BC78
:10B0E800604700BFFD03001001B40248844601BC5C
:10B0F800604700BF2D28001001B40248844601BCF7
:10B10800604700BFC110001001B40248844601BC6A
:10B11800604700BFF111001001B40248844601BC29
:10B12800604700BFC551001001B40248844601BC05
:10B13800604700BF256C001001B40248844601BC7A
:10B14800604700BF592700101000000000000000F1
:10B1580000000100000000000000000000000200E4
:10B1680000000000000000000000030000000000D4
:10B17800000000000000FF000000000001B5486862
:10B1880001318E460047704609380149884701BD9C
:10B198002D08001000000000000000000000000062
:10B1A8000000000000000000201700200000000040
:10B1B800503300004C330000543300005233000079
:10B1C8004D5300004D430000533400004334000049
:10B1D8008549001039490010AD4800102548001075
:10B1E8000000000000010000241E002010000C00D8
:10B1F8000000000000000000000000000000000047
:10B2080000000000FF0000000040044000000000B3
:10B218003000000039730010A17400100974001088
:10B2280051750010C9760010FFFFFFFF00000200F3
:10B238000000000000000000C0110020C011002024
:10B24800C8110020C8110020D0110020D011002002
:10B25800D8110020D8110020E0110020E0110020B2
:10B26800E8110020E8110020F0110020F011002062
:10B27800F8110020F8110020001200200012002010
:10B2880008120020081200201012002010120020BE
:10B29800181200201812002020120020201200206E
:10B2A800281200202812002030120020301200201E
:10B2B80038120020381200204012002040120020CE
:10B2C800481200204812002050120020501200207E
:10B2D800581200205812002060120020601200202E
:10B2E80068120020681200207012002070120020DE
:10B2F800781200207812002080120020801200208E
:10B30800881200208812002090120020901200203D
:10B318009812002098120020A0120020A0120020ED
:10B32800A8120020A8120020B0120020B01200209D
:10B33800B8120020B8120020C0120020C01200204D
:10B34800C8120020C8120020D0120020D0120020FD
:10B35800D8120020D8120020E0120020E0120020AD
:10B36800E8120020E8120020F0120020F01200205D
:10B37800F8120020F812002000130020001300200B
:10B3880008130020081300201013002010130020B9
:10B398001813002018130020201300202013002069
:10B3A8002813002028130020301300203013002019
:10B3B80038130020381300204013002040130020C9
:10B3C8004813002048130020501300205013002079
:10B3D8005813002058130020601300206013002029
:10B3E80068130020681300207013002070130020D9
:10B3F8007813002078130020801300208013002089
:10B408008813002088130020901300209013002038
:10B418009813002098130020A0130020A0130020E8
:10B42800A8130020A8130020B0130020B013002098
:10B43800B8130020B8130020C0130020C013002048
:10B44800C8130020C8130020D0130020D0130020F8
:10B45800D8130020D8130020E0130020E0130020A8
:10B46800E8130020E8130020F0130020F013002058
:10B47800F8130020F8130020001400200014002006
:10B4880008140020081400201014002010140020B4
:10B498001814002018140020201400202014002064
:10B4A8002814002028140020301400203014002014
:10B4B80038140020381400204014002040140020C4
:10B4C8004814002048140020501400205014002074
:10B4D8005814002058140020601400206014002024
:10B4E80068140020681400207014002070140020D4
:10B4F8007814002078140020801400208014002084
:10B508008814002088140020901400209014002033
:10B518009814002098140020A0140020A0140020E3
:10B52800A8140020A8140020B0140020B014002093
:10B53800B8140020B8140020C0140020C014002043
:10B54800C8140020C8140020D0140020D0140020F3
:10B55800D8140020D8140020E0140020E0140020A3
:10B56800E8140020E8140020F0140020F014002053
:10B57800F8140020F8140020001500200015002001
:10B5880008150020081500201015002010150020AF
:10B59800181500201815002020150020201500205F
:10B5A800281500202815002030150020301500200F
:10B5B80038150020381500204015002040150020BF
:10B5C800481500204815002050150020501500206F
:10B5D800581500205815002060150020601500201F
:10B5E80068150020681500207015002070150020CF
:10B5F800781500207815002080150020801500207F
:10B60800881500208815002090150020901500202E
:10B618009815002098150020A0150020A0150020DE
:10B62800A8150020A8150020B0150020B01500208E
:10B63800B8150020B8150020000000000300000025
:10B64800DC1A0020D815002000000000DC1A0020B9
:10B65800441B0020AC1B002000000000000000007C
:10B6680000000000000000000000000000000000D2
:10B6780000000000000000000000000000000000C2
:10B6880000000000000000000000000000000000B2
:10B6980000000000000000000000000000000000A2
:10B6A8000000000000000000000000000000000092
:10B6B8000000000000000000000000000000000082
:10B6C8000000000000000000000000000000000072
:10B6D8000000000000000000000000000000000062
:10B6E80001000000000000000E33CDAB34126DE6FF
:10B6F800ECDE05000B000000000000000000000068
:10B708000000000000000000000000000000000031
:10B718000000000000000000000000000000000021
:10B728000000000000000000000000000000000011
:10B738000000000000000000000000000000000001
:10B7480000000000000000000000000000000000F1
:10B7580000000000000000000000000000000000E1
:10B7680000000000000000000000000000000000D1
:10B7780000000000000000000000000000000000C1
:10B7880000000000000000000000000000000000B1
:04000005100001E9FD
:00000001FF
